# INERT PLACEHOLDER - no free historical traffic source. Flat value, MCDA weight 0.
zone,lat,lon,month,traffic
873da1000ffffff,28.47188,77.19972,0,50.0
873da1000ffffff,28.47188,77.19972,1,50.0
873da1000ffffff,28.47188,77.19972,2,50.0
873da1000ffffff,28.47188,77.19972,3,50.0
873da1000ffffff,28.47188,77.19972,4,50.0
873da1000ffffff,28.47188,77.19972,5,50.0
873da1000ffffff,28.47188,77.19972,6,50.0
873da1000ffffff,28.47188,77.19972,7,50.0
873da1000ffffff,28.47188,77.19972,8,50.0
873da1000ffffff,28.47188,77.19972,9,50.0
873da1000ffffff,28.47188,77.19972,10,50.0
873da1000ffffff,28.47188,77.19972,11,50.0
873da1000ffffff,28.47188,77.19972,12,50.0
873da1000ffffff,28.47188,77.19972,13,50.0
873da1000ffffff,28.47188,77.19972,14,50.0
873da1000ffffff,28.47188,77.19972,15,50.0
873da1000ffffff,28.47188,77.19972,16,50.0
873da1000ffffff,28.47188,77.19972,17,50.0
873da1000ffffff,28.47188,77.19972,18,50.0
873da1000ffffff,28.47188,77.19972,19,50.0
873da1000ffffff,28.47188,77.19972,20,50.0
873da1000ffffff,28.47188,77.19972,21,50.0
873da1000ffffff,28.47188,77.19972,22,50.0
873da1000ffffff,28.47188,77.19972,23,50.0
873da1000ffffff,28.47188,77.19972,24,50.0
873da1000ffffff,28.47188,77.19972,25,50.0
873da1000ffffff,28.47188,77.19972,26,50.0
873da1000ffffff,28.47188,77.19972,27,50.0
873da1000ffffff,28.47188,77.19972,28,50.0
873da1000ffffff,28.47188,77.19972,29,50.0
873da1000ffffff,28.47188,77.19972,30,50.0
873da1000ffffff,28.47188,77.19972,31,50.0
873da1000ffffff,28.47188,77.19972,32,50.0
873da1000ffffff,28.47188,77.19972,33,50.0
873da1000ffffff,28.47188,77.19972,34,50.0
873da1000ffffff,28.47188,77.19972,35,50.0
873da1000ffffff,28.47188,77.19972,36,50.0
873da1000ffffff,28.47188,77.19972,37,50.0
873da1000ffffff,28.47188,77.19972,38,50.0
873da1000ffffff,28.47188,77.19972,39,50.0
873da1000ffffff,28.47188,77.19972,40,50.0
873da1000ffffff,28.47188,77.19972,41,50.0
873da1001ffffff,28.48085,77.22367,0,50.0
873da1001ffffff,28.48085,77.22367,1,50.0
873da1001ffffff,28.48085,77.22367,2,50.0
873da1001ffffff,28.48085,77.22367,3,50.0
873da1001ffffff,28.48085,77.22367,4,50.0
873da1001ffffff,28.48085,77.22367,5,50.0
873da1001ffffff,28.48085,77.22367,6,50.0
873da1001ffffff,28.48085,77.22367,7,50.0
873da1001ffffff,28.48085,77.22367,8,50.0
873da1001ffffff,28.48085,77.22367,9,50.0
873da1001ffffff,28.48085,77.22367,10,50.0
873da1001ffffff,28.48085,77.22367,11,50.0
873da1001ffffff,28.48085,77.22367,12,50.0
873da1001ffffff,28.48085,77.22367,13,50.0
873da1001ffffff,28.48085,77.22367,14,50.0
873da1001ffffff,28.48085,77.22367,15,50.0
873da1001ffffff,28.48085,77.22367,16,50.0
873da1001ffffff,28.48085,77.22367,17,50.0
873da1001ffffff,28.48085,77.22367,18,50.0
873da1001ffffff,28.48085,77.22367,19,50.0
873da1001ffffff,28.48085,77.22367,20,50.0
873da1001ffffff,28.48085,77.22367,21,50.0
873da1001ffffff,28.48085,77.22367,22,50.0
873da1001ffffff,28.48085,77.22367,23,50.0
873da1001ffffff,28.48085,77.22367,24,50.0
873da1001ffffff,28.48085,77.22367,25,50.0
873da1001ffffff,28.48085,77.22367,26,50.0
873da1001ffffff,28.48085,77.22367,27,50.0
873da1001ffffff,28.48085,77.22367,28,50.0
873da1001ffffff,28.48085,77.22367,29,50.0
873da1001ffffff,28.48085,77.22367,30,50.0
873da1001ffffff,28.48085,77.22367,31,50.0
873da1001ffffff,28.48085,77.22367,32,50.0
873da1001ffffff,28.48085,77.22367,33,50.0
873da1001ffffff,28.48085,77.22367,34,50.0
873da1001ffffff,28.48085,77.22367,35,50.0
873da1001ffffff,28.48085,77.22367,36,50.0
873da1001ffffff,28.48085,77.22367,37,50.0
873da1001ffffff,28.48085,77.22367,38,50.0
873da1001ffffff,28.48085,77.22367,39,50.0
873da1001ffffff,28.48085,77.22367,40,50.0
873da1001ffffff,28.48085,77.22367,41,50.0
873da1002ffffff,28.45015,77.19656,0,50.0
873da1002ffffff,28.45015,77.19656,1,50.0
873da1002ffffff,28.45015,77.19656,2,50.0
873da1002ffffff,28.45015,77.19656,3,50.0
873da1002ffffff,28.45015,77.19656,4,50.0
873da1002ffffff,28.45015,77.19656,5,50.0
873da1002ffffff,28.45015,77.19656,6,50.0
873da1002ffffff,28.45015,77.19656,7,50.0
873da1002ffffff,28.45015,77.19656,8,50.0
873da1002ffffff,28.45015,77.19656,9,50.0
873da1002ffffff,28.45015,77.19656,10,50.0
873da1002ffffff,28.45015,77.19656,11,50.0
873da1002ffffff,28.45015,77.19656,12,50.0
873da1002ffffff,28.45015,77.19656,13,50.0
873da1002ffffff,28.45015,77.19656,14,50.0
873da1002ffffff,28.45015,77.19656,15,50.0
873da1002ffffff,28.45015,77.19656,16,50.0
873da1002ffffff,28.45015,77.19656,17,50.0
873da1002ffffff,28.45015,77.19656,18,50.0
873da1002ffffff,28.45015,77.19656,19,50.0
873da1002ffffff,28.45015,77.19656,20,50.0
873da1002ffffff,28.45015,77.19656,21,50.0
873da1002ffffff,28.45015,77.19656,22,50.0
873da1002ffffff,28.45015,77.19656,23,50.0
873da1002ffffff,28.45015,77.19656,24,50.0
873da1002ffffff,28.45015,77.19656,25,50.0
873da1002ffffff,28.45015,77.19656,26,50.0
873da1002ffffff,28.45015,77.19656,27,50.0
873da1002ffffff,28.45015,77.19656,28,50.0
873da1002ffffff,28.45015,77.19656,29,50.0
873da1002ffffff,28.45015,77.19656,30,50.0
873da1002ffffff,28.45015,77.19656,31,50.0
873da1002ffffff,28.45015,77.19656,32,50.0
873da1002ffffff,28.45015,77.19656,33,50.0
873da1002ffffff,28.45015,77.19656,34,50.0
873da1002ffffff,28.45015,77.19656,35,50.0
873da1002ffffff,28.45015,77.19656,36,50.0
873da1002ffffff,28.45015,77.19656,37,50.0
873da1002ffffff,28.45015,77.19656,38,50.0
873da1002ffffff,28.45015,77.19656,39,50.0
873da1002ffffff,28.45015,77.19656,40,50.0
873da1002ffffff,28.45015,77.19656,41,50.0
873da1003ffffff,28.45913,77.22050,0,50.0
873da1003ffffff,28.45913,77.22050,1,50.0
873da1003ffffff,28.45913,77.22050,2,50.0
873da1003ffffff,28.45913,77.22050,3,50.0
873da1003ffffff,28.45913,77.22050,4,50.0
873da1003ffffff,28.45913,77.22050,5,50.0
873da1003ffffff,28.45913,77.22050,6,50.0
873da1003ffffff,28.45913,77.22050,7,50.0
873da1003ffffff,28.45913,77.22050,8,50.0
873da1003ffffff,28.45913,77.22050,9,50.0
873da1003ffffff,28.45913,77.22050,10,50.0
873da1003ffffff,28.45913,77.22050,11,50.0
873da1003ffffff,28.45913,77.22050,12,50.0
873da1003ffffff,28.45913,77.22050,13,50.0
873da1003ffffff,28.45913,77.22050,14,50.0
873da1003ffffff,28.45913,77.22050,15,50.0
873da1003ffffff,28.45913,77.22050,16,50.0
873da1003ffffff,28.45913,77.22050,17,50.0
873da1003ffffff,28.45913,77.22050,18,50.0
873da1003ffffff,28.45913,77.22050,19,50.0
873da1003ffffff,28.45913,77.22050,20,50.0
873da1003ffffff,28.45913,77.22050,21,50.0
873da1003ffffff,28.45913,77.22050,22,50.0
873da1003ffffff,28.45913,77.22050,23,50.0
873da1003ffffff,28.45913,77.22050,24,50.0
873da1003ffffff,28.45913,77.22050,25,50.0
873da1003ffffff,28.45913,77.22050,26,50.0
873da1003ffffff,28.45913,77.22050,27,50.0
873da1003ffffff,28.45913,77.22050,28,50.0
873da1003ffffff,28.45913,77.22050,29,50.0
873da1003ffffff,28.45913,77.22050,30,50.0
873da1003ffffff,28.45913,77.22050,31,50.0
873da1003ffffff,28.45913,77.22050,32,50.0
873da1003ffffff,28.45913,77.22050,33,50.0
873da1003ffffff,28.45913,77.22050,34,50.0
873da1003ffffff,28.45913,77.22050,35,50.0
873da1003ffffff,28.45913,77.22050,36,50.0
873da1003ffffff,28.45913,77.22050,37,50.0
873da1003ffffff,28.45913,77.22050,38,50.0
873da1003ffffff,28.45913,77.22050,39,50.0
873da1003ffffff,28.45913,77.22050,40,50.0
873da1003ffffff,28.45913,77.22050,41,50.0
873da1004ffffff,28.48463,77.17894,0,50.0
873da1004ffffff,28.48463,77.17894,1,50.0
873da1004ffffff,28.48463,77.17894,2,50.0
873da1004ffffff,28.48463,77.17894,3,50.0
873da1004ffffff,28.48463,77.17894,4,50.0
873da1004ffffff,28.48463,77.17894,5,50.0
873da1004ffffff,28.48463,77.17894,6,50.0
873da1004ffffff,28.48463,77.17894,7,50.0
873da1004ffffff,28.48463,77.17894,8,50.0
873da1004ffffff,28.48463,77.17894,9,50.0
873da1004ffffff,28.48463,77.17894,10,50.0
873da1004ffffff,28.48463,77.17894,11,50.0
873da1004ffffff,28.48463,77.17894,12,50.0
873da1004ffffff,28.48463,77.17894,13,50.0
873da1004ffffff,28.48463,77.17894,14,50.0
873da1004ffffff,28.48463,77.17894,15,50.0
873da1004ffffff,28.48463,77.17894,16,50.0
873da1004ffffff,28.48463,77.17894,17,50.0
873da1004ffffff,28.48463,77.17894,18,50.0
873da1004ffffff,28.48463,77.17894,19,50.0
873da1004ffffff,28.48463,77.17894,20,50.0
873da1004ffffff,28.48463,77.17894,21,50.0
873da1004ffffff,28.48463,77.17894,22,50.0
873da1004ffffff,28.48463,77.17894,23,50.0
873da1004ffffff,28.48463,77.17894,24,50.0
873da1004ffffff,28.48463,77.17894,25,50.0
873da1004ffffff,28.48463,77.17894,26,50.0
873da1004ffffff,28.48463,77.17894,27,50.0
873da1004ffffff,28.48463,77.17894,28,50.0
873da1004ffffff,28.48463,77.17894,29,50.0
873da1004ffffff,28.48463,77.17894,30,50.0
873da1004ffffff,28.48463,77.17894,31,50.0
873da1004ffffff,28.48463,77.17894,32,50.0
873da1004ffffff,28.48463,77.17894,33,50.0
873da1004ffffff,28.48463,77.17894,34,50.0
873da1004ffffff,28.48463,77.17894,35,50.0
873da1004ffffff,28.48463,77.17894,36,50.0
873da1004ffffff,28.48463,77.17894,37,50.0
873da1004ffffff,28.48463,77.17894,38,50.0
873da1004ffffff,28.48463,77.17894,39,50.0
873da1004ffffff,28.48463,77.17894,40,50.0
873da1004ffffff,28.48463,77.17894,41,50.0
873da1005ffffff,28.49361,77.20289,0,50.0
873da1005ffffff,28.49361,77.20289,1,50.0
873da1005ffffff,28.49361,77.20289,2,50.0
873da1005ffffff,28.49361,77.20289,3,50.0
873da1005ffffff,28.49361,77.20289,4,50.0
873da1005ffffff,28.49361,77.20289,5,50.0
873da1005ffffff,28.49361,77.20289,6,50.0
873da1005ffffff,28.49361,77.20289,7,50.0
873da1005ffffff,28.49361,77.20289,8,50.0
873da1005ffffff,28.49361,77.20289,9,50.0
873da1005ffffff,28.49361,77.20289,10,50.0
873da1005ffffff,28.49361,77.20289,11,50.0
873da1005ffffff,28.49361,77.20289,12,50.0
873da1005ffffff,28.49361,77.20289,13,50.0
873da1005ffffff,28.49361,77.20289,14,50.0
873da1005ffffff,28.49361,77.20289,15,50.0
873da1005ffffff,28.49361,77.20289,16,50.0
873da1005ffffff,28.49361,77.20289,17,50.0
873da1005ffffff,28.49361,77.20289,18,50.0
873da1005ffffff,28.49361,77.20289,19,50.0
873da1005ffffff,28.49361,77.20289,20,50.0
873da1005ffffff,28.49361,77.20289,21,50.0
873da1005ffffff,28.49361,77.20289,22,50.0
873da1005ffffff,28.49361,77.20289,23,50.0
873da1005ffffff,28.49361,77.20289,24,50.0
873da1005ffffff,28.49361,77.20289,25,50.0
873da1005ffffff,28.49361,77.20289,26,50.0
873da1005ffffff,28.49361,77.20289,27,50.0
873da1005ffffff,28.49361,77.20289,28,50.0
873da1005ffffff,28.49361,77.20289,29,50.0
873da1005ffffff,28.49361,77.20289,30,50.0
873da1005ffffff,28.49361,77.20289,31,50.0
873da1005ffffff,28.49361,77.20289,32,50.0
873da1005ffffff,28.49361,77.20289,33,50.0
873da1005ffffff,28.49361,77.20289,34,50.0
873da1005ffffff,28.49361,77.20289,35,50.0
873da1005ffffff,28.49361,77.20289,36,50.0
873da1005ffffff,28.49361,77.20289,37,50.0
873da1005ffffff,28.49361,77.20289,38,50.0
873da1005ffffff,28.49361,77.20289,39,50.0
873da1005ffffff,28.49361,77.20289,40,50.0
873da1005ffffff,28.49361,77.20289,41,50.0
873da1006ffffff,28.46290,77.17579,0,50.0
873da1006ffffff,28.46290,77.17579,1,50.0
873da1006ffffff,28.46290,77.17579,2,50.0
873da1006ffffff,28.46290,77.17579,3,50.0
873da1006ffffff,28.46290,77.17579,4,50.0
873da1006ffffff,28.46290,77.17579,5,50.0
873da1006ffffff,28.46290,77.17579,6,50.0
873da1006ffffff,28.46290,77.17579,7,50.0
873da1006ffffff,28.46290,77.17579,8,50.0
873da1006ffffff,28.46290,77.17579,9,50.0
873da1006ffffff,28.46290,77.17579,10,50.0
873da1006ffffff,28.46290,77.17579,11,50.0
873da1006ffffff,28.46290,77.17579,12,50.0
873da1006ffffff,28.46290,77.17579,13,50.0
873da1006ffffff,28.46290,77.17579,14,50.0
873da1006ffffff,28.46290,77.17579,15,50.0
873da1006ffffff,28.46290,77.17579,16,50.0
873da1006ffffff,28.46290,77.17579,17,50.0
873da1006ffffff,28.46290,77.17579,18,50.0
873da1006ffffff,28.46290,77.17579,19,50.0
873da1006ffffff,28.46290,77.17579,20,50.0
873da1006ffffff,28.46290,77.17579,21,50.0
873da1006ffffff,28.46290,77.17579,22,50.0
873da1006ffffff,28.46290,77.17579,23,50.0
873da1006ffffff,28.46290,77.17579,24,50.0
873da1006ffffff,28.46290,77.17579,25,50.0
873da1006ffffff,28.46290,77.17579,26,50.0
873da1006ffffff,28.46290,77.17579,27,50.0
873da1006ffffff,28.46290,77.17579,28,50.0
873da1006ffffff,28.46290,77.17579,29,50.0
873da1006ffffff,28.46290,77.17579,30,50.0
873da1006ffffff,28.46290,77.17579,31,50.0
873da1006ffffff,28.46290,77.17579,32,50.0
873da1006ffffff,28.46290,77.17579,33,50.0
873da1006ffffff,28.46290,77.17579,34,50.0
873da1006ffffff,28.46290,77.17579,35,50.0
873da1006ffffff,28.46290,77.17579,36,50.0
873da1006ffffff,28.46290,77.17579,37,50.0
873da1006ffffff,28.46290,77.17579,38,50.0
873da1006ffffff,28.46290,77.17579,39,50.0
873da1006ffffff,28.46290,77.17579,40,50.0
873da1006ffffff,28.46290,77.17579,41,50.0
873da1008ffffff,28.47706,77.26838,0,50.0
873da1008ffffff,28.47706,77.26838,1,50.0
873da1008ffffff,28.47706,77.26838,2,50.0
873da1008ffffff,28.47706,77.26838,3,50.0
873da1008ffffff,28.47706,77.26838,4,50.0
873da1008ffffff,28.47706,77.26838,5,50.0
873da1008ffffff,28.47706,77.26838,6,50.0
873da1008ffffff,28.47706,77.26838,7,50.0
873da1008ffffff,28.47706,77.26838,8,50.0
873da1008ffffff,28.47706,77.26838,9,50.0
873da1008ffffff,28.47706,77.26838,10,50.0
873da1008ffffff,28.47706,77.26838,11,50.0
873da1008ffffff,28.47706,77.26838,12,50.0
873da1008ffffff,28.47706,77.26838,13,50.0
873da1008ffffff,28.47706,77.26838,14,50.0
873da1008ffffff,28.47706,77.26838,15,50.0
873da1008ffffff,28.47706,77.26838,16,50.0
873da1008ffffff,28.47706,77.26838,17,50.0
873da1008ffffff,28.47706,77.26838,18,50.0
873da1008ffffff,28.47706,77.26838,19,50.0
873da1008ffffff,28.47706,77.26838,20,50.0
873da1008ffffff,28.47706,77.26838,21,50.0
873da1008ffffff,28.47706,77.26838,22,50.0
873da1008ffffff,28.47706,77.26838,23,50.0
873da1008ffffff,28.47706,77.26838,24,50.0
873da1008ffffff,28.47706,77.26838,25,50.0
873da1008ffffff,28.47706,77.26838,26,50.0
873da1008ffffff,28.47706,77.26838,27,50.0
873da1008ffffff,28.47706,77.26838,28,50.0
873da1008ffffff,28.47706,77.26838,29,50.0
873da1008ffffff,28.47706,77.26838,30,50.0
873da1008ffffff,28.47706,77.26838,31,50.0
873da1008ffffff,28.47706,77.26838,32,50.0
873da1008ffffff,28.47706,77.26838,33,50.0
873da1008ffffff,28.47706,77.26838,34,50.0
873da1008ffffff,28.47706,77.26838,35,50.0
873da1008ffffff,28.47706,77.26838,36,50.0
873da1008ffffff,28.47706,77.26838,37,50.0
873da1008ffffff,28.47706,77.26838,38,50.0
873da1008ffffff,28.47706,77.26838,39,50.0
873da1008ffffff,28.47706,77.26838,40,50.0
873da1008ffffff,28.47706,77.26838,41,50.0
873da1009ffffff,28.48603,77.29233,0,50.0
873da1009ffffff,28.48603,77.29233,1,50.0
873da1009ffffff,28.48603,77.29233,2,50.0
873da1009ffffff,28.48603,77.29233,3,50.0
873da1009ffffff,28.48603,77.29233,4,50.0
873da1009ffffff,28.48603,77.29233,5,50.0
873da1009ffffff,28.48603,77.29233,6,50.0
873da1009ffffff,28.48603,77.29233,7,50.0
873da1009ffffff,28.48603,77.29233,8,50.0
873da1009ffffff,28.48603,77.29233,9,50.0
873da1009ffffff,28.48603,77.29233,10,50.0
873da1009ffffff,28.48603,77.29233,11,50.0
873da1009ffffff,28.48603,77.29233,12,50.0
873da1009ffffff,28.48603,77.29233,13,50.0
873da1009ffffff,28.48603,77.29233,14,50.0
873da1009ffffff,28.48603,77.29233,15,50.0
873da1009ffffff,28.48603,77.29233,16,50.0
873da1009ffffff,28.48603,77.29233,17,50.0
873da1009ffffff,28.48603,77.29233,18,50.0
873da1009ffffff,28.48603,77.29233,19,50.0
873da1009ffffff,28.48603,77.29233,20,50.0
873da1009ffffff,28.48603,77.29233,21,50.0
873da1009ffffff,28.48603,77.29233,22,50.0
873da1009ffffff,28.48603,77.29233,23,50.0
873da1009ffffff,28.48603,77.29233,24,50.0
873da1009ffffff,28.48603,77.29233,25,50.0
873da1009ffffff,28.48603,77.29233,26,50.0
873da1009ffffff,28.48603,77.29233,27,50.0
873da1009ffffff,28.48603,77.29233,28,50.0
873da1009ffffff,28.48603,77.29233,29,50.0
873da1009ffffff,28.48603,77.29233,30,50.0
873da1009ffffff,28.48603,77.29233,31,50.0
873da1009ffffff,28.48603,77.29233,32,50.0
873da1009ffffff,28.48603,77.29233,33,50.0
873da1009ffffff,28.48603,77.29233,34,50.0
873da1009ffffff,28.48603,77.29233,35,50.0
873da1009ffffff,28.48603,77.29233,36,50.0
873da1009ffffff,28.48603,77.29233,37,50.0
873da1009ffffff,28.48603,77.29233,38,50.0
873da1009ffffff,28.48603,77.29233,39,50.0
873da1009ffffff,28.48603,77.29233,40,50.0
873da1009ffffff,28.48603,77.29233,41,50.0
873da100affffff,28.45534,77.26520,0,50.0
873da100affffff,28.45534,77.26520,1,50.0
873da100affffff,28.45534,77.26520,2,50.0
873da100affffff,28.45534,77.26520,3,50.0
873da100affffff,28.45534,77.26520,4,50.0
873da100affffff,28.45534,77.26520,5,50.0
873da100affffff,28.45534,77.26520,6,50.0
873da100affffff,28.45534,77.26520,7,50.0
873da100affffff,28.45534,77.26520,8,50.0
873da100affffff,28.45534,77.26520,9,50.0
873da100affffff,28.45534,77.26520,10,50.0
873da100affffff,28.45534,77.26520,11,50.0
873da100affffff,28.45534,77.26520,12,50.0
873da100affffff,28.45534,77.26520,13,50.0
873da100affffff,28.45534,77.26520,14,50.0
873da100affffff,28.45534,77.26520,15,50.0
873da100affffff,28.45534,77.26520,16,50.0
873da100affffff,28.45534,77.26520,17,50.0
873da100affffff,28.45534,77.26520,18,50.0
873da100affffff,28.45534,77.26520,19,50.0
873da100affffff,28.45534,77.26520,20,50.0
873da100affffff,28.45534,77.26520,21,50.0
873da100affffff,28.45534,77.26520,22,50.0
873da100affffff,28.45534,77.26520,23,50.0
873da100affffff,28.45534,77.26520,24,50.0
873da100affffff,28.45534,77.26520,25,50.0
873da100affffff,28.45534,77.26520,26,50.0
873da100affffff,28.45534,77.26520,27,50.0
873da100affffff,28.45534,77.26520,28,50.0
873da100affffff,28.45534,77.26520,29,50.0
873da100affffff,28.45534,77.26520,30,50.0
873da100affffff,28.45534,77.26520,31,50.0
873da100affffff,28.45534,77.26520,32,50.0
873da100affffff,28.45534,77.26520,33,50.0
873da100affffff,28.45534,77.26520,34,50.0
873da100affffff,28.45534,77.26520,35,50.0
873da100affffff,28.45534,77.26520,36,50.0
873da100affffff,28.45534,77.26520,37,50.0
873da100affffff,28.45534,77.26520,38,50.0
873da100affffff,28.45534,77.26520,39,50.0
873da100affffff,28.45534,77.26520,40,50.0
873da100affffff,28.45534,77.26520,41,50.0
873da100bffffff,28.46430,77.28914,0,50.0
873da100bffffff,28.46430,77.28914,1,50.0
873da100bffffff,28.46430,77.28914,2,50.0
873da100bffffff,28.46430,77.28914,3,50.0
873da100bffffff,28.46430,77.28914,4,50.0
873da100bffffff,28.46430,77.28914,5,50.0
873da100bffffff,28.46430,77.28914,6,50.0
873da100bffffff,28.46430,77.28914,7,50.0
873da100bffffff,28.46430,77.28914,8,50.0
873da100bffffff,28.46430,77.28914,9,50.0
873da100bffffff,28.46430,77.28914,10,50.0
873da100bffffff,28.46430,77.28914,11,50.0
873da100bffffff,28.46430,77.28914,12,50.0
873da100bffffff,28.46430,77.28914,13,50.0
873da100bffffff,28.46430,77.28914,14,50.0
873da100bffffff,28.46430,77.28914,15,50.0
873da100bffffff,28.46430,77.28914,16,50.0
873da100bffffff,28.46430,77.28914,17,50.0
873da100bffffff,28.46430,77.28914,18,50.0
873da100bffffff,28.46430,77.28914,19,50.0
873da100bffffff,28.46430,77.28914,20,50.0
873da100bffffff,28.46430,77.28914,21,50.0
873da100bffffff,28.46430,77.28914,22,50.0
873da100bffffff,28.46430,77.28914,23,50.0
873da100bffffff,28.46430,77.28914,24,50.0
873da100bffffff,28.46430,77.28914,25,50.0
873da100bffffff,28.46430,77.28914,26,50.0
873da100bffffff,28.46430,77.28914,27,50.0
873da100bffffff,28.46430,77.28914,28,50.0
873da100bffffff,28.46430,77.28914,29,50.0
873da100bffffff,28.46430,77.28914,30,50.0
873da100bffffff,28.46430,77.28914,31,50.0
873da100bffffff,28.46430,77.28914,32,50.0
873da100bffffff,28.46430,77.28914,33,50.0
873da100bffffff,28.46430,77.28914,34,50.0
873da100bffffff,28.46430,77.28914,35,50.0
873da100bffffff,28.46430,77.28914,36,50.0
873da100bffffff,28.46430,77.28914,37,50.0
873da100bffffff,28.46430,77.28914,38,50.0
873da100bffffff,28.46430,77.28914,39,50.0
873da100bffffff,28.46430,77.28914,40,50.0
873da100bffffff,28.46430,77.28914,41,50.0
873da100cffffff,28.48983,77.24761,0,50.0
873da100cffffff,28.48983,77.24761,1,50.0
873da100cffffff,28.48983,77.24761,2,50.0
873da100cffffff,28.48983,77.24761,3,50.0
873da100cffffff,28.48983,77.24761,4,50.0
873da100cffffff,28.48983,77.24761,5,50.0
873da100cffffff,28.48983,77.24761,6,50.0
873da100cffffff,28.48983,77.24761,7,50.0
873da100cffffff,28.48983,77.24761,8,50.0
873da100cffffff,28.48983,77.24761,9,50.0
873da100cffffff,28.48983,77.24761,10,50.0
873da100cffffff,28.48983,77.24761,11,50.0
873da100cffffff,28.48983,77.24761,12,50.0
873da100cffffff,28.48983,77.24761,13,50.0
873da100cffffff,28.48983,77.24761,14,50.0
873da100cffffff,28.48983,77.24761,15,50.0
873da100cffffff,28.48983,77.24761,16,50.0
873da100cffffff,28.48983,77.24761,17,50.0
873da100cffffff,28.48983,77.24761,18,50.0
873da100cffffff,28.48983,77.24761,19,50.0
873da100cffffff,28.48983,77.24761,20,50.0
873da100cffffff,28.48983,77.24761,21,50.0
873da100cffffff,28.48983,77.24761,22,50.0
873da100cffffff,28.48983,77.24761,23,50.0
873da100cffffff,28.48983,77.24761,24,50.0
873da100cffffff,28.48983,77.24761,25,50.0
873da100cffffff,28.48983,77.24761,26,50.0
873da100cffffff,28.48983,77.24761,27,50.0
873da100cffffff,28.48983,77.24761,28,50.0
873da100cffffff,28.48983,77.24761,29,50.0
873da100cffffff,28.48983,77.24761,30,50.0
873da100cffffff,28.48983,77.24761,31,50.0
873da100cffffff,28.48983,77.24761,32,50.0
873da100cffffff,28.48983,77.24761,33,50.0
873da100cffffff,28.48983,77.24761,34,50.0
873da100cffffff,28.48983,77.24761,35,50.0
873da100cffffff,28.48983,77.24761,36,50.0
873da100cffffff,28.48983,77.24761,37,50.0
873da100cffffff,28.48983,77.24761,38,50.0
873da100cffffff,28.48983,77.24761,39,50.0
873da100cffffff,28.48983,77.24761,40,50.0
873da100cffffff,28.48983,77.24761,41,50.0
873da100dffffff,28.49879,77.27157,0,50.0
873da100dffffff,28.49879,77.27157,1,50.0
873da100dffffff,28.49879,77.27157,2,50.0
873da100dffffff,28.49879,77.27157,3,50.0
873da100dffffff,28.49879,77.27157,4,50.0
873da100dffffff,28.49879,77.27157,5,50.0
873da100dffffff,28.49879,77.27157,6,50.0
873da100dffffff,28.49879,77.27157,7,50.0
873da100dffffff,28.49879,77.27157,8,50.0
873da100dffffff,28.49879,77.27157,9,50.0
873da100dffffff,28.49879,77.27157,10,50.0
873da100dffffff,28.49879,77.27157,11,50.0
873da100dffffff,28.49879,77.27157,12,50.0
873da100dffffff,28.49879,77.27157,13,50.0
873da100dffffff,28.49879,77.27157,14,50.0
873da100dffffff,28.49879,77.27157,15,50.0
873da100dffffff,28.49879,77.27157,16,50.0
873da100dffffff,28.49879,77.27157,17,50.0
873da100dffffff,28.49879,77.27157,18,50.0
873da100dffffff,28.49879,77.27157,19,50.0
873da100dffffff,28.49879,77.27157,20,50.0
873da100dffffff,28.49879,77.27157,21,50.0
873da100dffffff,28.49879,77.27157,22,50.0
873da100dffffff,28.49879,77.27157,23,50.0
873da100dffffff,28.49879,77.27157,24,50.0
873da100dffffff,28.49879,77.27157,25,50.0
873da100dffffff,28.49879,77.27157,26,50.0
873da100dffffff,28.49879,77.27157,27,50.0
873da100dffffff,28.49879,77.27157,28,50.0
873da100dffffff,28.49879,77.27157,29,50.0
873da100dffffff,28.49879,77.27157,30,50.0
873da100dffffff,28.49879,77.27157,31,50.0
873da100dffffff,28.49879,77.27157,32,50.0
873da100dffffff,28.49879,77.27157,33,50.0
873da100dffffff,28.49879,77.27157,34,50.0
873da100dffffff,28.49879,77.27157,35,50.0
873da100dffffff,28.49879,77.27157,36,50.0
873da100dffffff,28.49879,77.27157,37,50.0
873da100dffffff,28.49879,77.27157,38,50.0
873da100dffffff,28.49879,77.27157,39,50.0
873da100dffffff,28.49879,77.27157,40,50.0
873da100dffffff,28.49879,77.27157,41,50.0
873da100effffff,28.46810,77.24444,0,50.0
873da100effffff,28.46810,77.24444,1,50.0
873da100effffff,28.46810,77.24444,2,50.0
873da100effffff,28.46810,77.24444,3,50.0
873da100effffff,28.46810,77.24444,4,50.0
873da100effffff,28.46810,77.24444,5,50.0
873da100effffff,28.46810,77.24444,6,50.0
873da100effffff,28.46810,77.24444,7,50.0
873da100effffff,28.46810,77.24444,8,50.0
873da100effffff,28.46810,77.24444,9,50.0
873da100effffff,28.46810,77.24444,10,50.0
873da100effffff,28.46810,77.24444,11,50.0
873da100effffff,28.46810,77.24444,12,50.0
873da100effffff,28.46810,77.24444,13,50.0
873da100effffff,28.46810,77.24444,14,50.0
873da100effffff,28.46810,77.24444,15,50.0
873da100effffff,28.46810,77.24444,16,50.0
873da100effffff,28.46810,77.24444,17,50.0
873da100effffff,28.46810,77.24444,18,50.0
873da100effffff,28.46810,77.24444,19,50.0
873da100effffff,28.46810,77.24444,20,50.0
873da100effffff,28.46810,77.24444,21,50.0
873da100effffff,28.46810,77.24444,22,50.0
873da100effffff,28.46810,77.24444,23,50.0
873da100effffff,28.46810,77.24444,24,50.0
873da100effffff,28.46810,77.24444,25,50.0
873da100effffff,28.46810,77.24444,26,50.0
873da100effffff,28.46810,77.24444,27,50.0
873da100effffff,28.46810,77.24444,28,50.0
873da100effffff,28.46810,77.24444,29,50.0
873da100effffff,28.46810,77.24444,30,50.0
873da100effffff,28.46810,77.24444,31,50.0
873da100effffff,28.46810,77.24444,32,50.0
873da100effffff,28.46810,77.24444,33,50.0
873da100effffff,28.46810,77.24444,34,50.0
873da100effffff,28.46810,77.24444,35,50.0
873da100effffff,28.46810,77.24444,36,50.0
873da100effffff,28.46810,77.24444,37,50.0
873da100effffff,28.46810,77.24444,38,50.0
873da100effffff,28.46810,77.24444,39,50.0
873da100effffff,28.46810,77.24444,40,50.0
873da100effffff,28.46810,77.24444,41,50.0
873da1020ffffff,28.51912,77.16130,0,50.0
873da1020ffffff,28.51912,77.16130,1,50.0
873da1020ffffff,28.51912,77.16130,2,50.0
873da1020ffffff,28.51912,77.16130,3,50.0
873da1020ffffff,28.51912,77.16130,4,50.0
873da1020ffffff,28.51912,77.16130,5,50.0
873da1020ffffff,28.51912,77.16130,6,50.0
873da1020ffffff,28.51912,77.16130,7,50.0
873da1020ffffff,28.51912,77.16130,8,50.0
873da1020ffffff,28.51912,77.16130,9,50.0
873da1020ffffff,28.51912,77.16130,10,50.0
873da1020ffffff,28.51912,77.16130,11,50.0
873da1020ffffff,28.51912,77.16130,12,50.0
873da1020ffffff,28.51912,77.16130,13,50.0
873da1020ffffff,28.51912,77.16130,14,50.0
873da1020ffffff,28.51912,77.16130,15,50.0
873da1020ffffff,28.51912,77.16130,16,50.0
873da1020ffffff,28.51912,77.16130,17,50.0
873da1020ffffff,28.51912,77.16130,18,50.0
873da1020ffffff,28.51912,77.16130,19,50.0
873da1020ffffff,28.51912,77.16130,20,50.0
873da1020ffffff,28.51912,77.16130,21,50.0
873da1020ffffff,28.51912,77.16130,22,50.0
873da1020ffffff,28.51912,77.16130,23,50.0
873da1020ffffff,28.51912,77.16130,24,50.0
873da1020ffffff,28.51912,77.16130,25,50.0
873da1020ffffff,28.51912,77.16130,26,50.0
873da1020ffffff,28.51912,77.16130,27,50.0
873da1020ffffff,28.51912,77.16130,28,50.0
873da1020ffffff,28.51912,77.16130,29,50.0
873da1020ffffff,28.51912,77.16130,30,50.0
873da1020ffffff,28.51912,77.16130,31,50.0
873da1020ffffff,28.51912,77.16130,32,50.0
873da1020ffffff,28.51912,77.16130,33,50.0
873da1020ffffff,28.51912,77.16130,34,50.0
873da1020ffffff,28.51912,77.16130,35,50.0
873da1020ffffff,28.51912,77.16130,36,50.0
873da1020ffffff,28.51912,77.16130,37,50.0
873da1020ffffff,28.51912,77.16130,38,50.0
873da1020ffffff,28.51912,77.16130,39,50.0
873da1020ffffff,28.51912,77.16130,40,50.0
873da1020ffffff,28.51912,77.16130,41,50.0
873da1021ffffff,28.52811,77.18526,0,50.0
873da1021ffffff,28.52811,77.18526,1,50.0
873da1021ffffff,28.52811,77.18526,2,50.0
873da1021ffffff,28.52811,77.18526,3,50.0
873da1021ffffff,28.52811,77.18526,4,50.0
873da1021ffffff,28.52811,77.18526,5,50.0
873da1021ffffff,28.52811,77.18526,6,50.0
873da1021ffffff,28.52811,77.18526,7,50.0
873da1021ffffff,28.52811,77.18526,8,50.0
873da1021ffffff,28.52811,77.18526,9,50.0
873da1021ffffff,28.52811,77.18526,10,50.0
873da1021ffffff,28.52811,77.18526,11,50.0
873da1021ffffff,28.52811,77.18526,12,50.0
873da1021ffffff,28.52811,77.18526,13,50.0
873da1021ffffff,28.52811,77.18526,14,50.0
873da1021ffffff,28.52811,77.18526,15,50.0
873da1021ffffff,28.52811,77.18526,16,50.0
873da1021ffffff,28.52811,77.18526,17,50.0
873da1021ffffff,28.52811,77.18526,18,50.0
873da1021ffffff,28.52811,77.18526,19,50.0
873da1021ffffff,28.52811,77.18526,20,50.0
873da1021ffffff,28.52811,77.18526,21,50.0
873da1021ffffff,28.52811,77.18526,22,50.0
873da1021ffffff,28.52811,77.18526,23,50.0
873da1021ffffff,28.52811,77.18526,24,50.0
873da1021ffffff,28.52811,77.18526,25,50.0
873da1021ffffff,28.52811,77.18526,26,50.0
873da1021ffffff,28.52811,77.18526,27,50.0
873da1021ffffff,28.52811,77.18526,28,50.0
873da1021ffffff,28.52811,77.18526,29,50.0
873da1021ffffff,28.52811,77.18526,30,50.0
873da1021ffffff,28.52811,77.18526,31,50.0
873da1021ffffff,28.52811,77.18526,32,50.0
873da1021ffffff,28.52811,77.18526,33,50.0
873da1021ffffff,28.52811,77.18526,34,50.0
873da1021ffffff,28.52811,77.18526,35,50.0
873da1021ffffff,28.52811,77.18526,36,50.0
873da1021ffffff,28.52811,77.18526,37,50.0
873da1021ffffff,28.52811,77.18526,38,50.0
873da1021ffffff,28.52811,77.18526,39,50.0
873da1021ffffff,28.52811,77.18526,40,50.0
873da1021ffffff,28.52811,77.18526,41,50.0
873da1022ffffff,28.49738,77.15815,0,50.0
873da1022ffffff,28.49738,77.15815,1,50.0
873da1022ffffff,28.49738,77.15815,2,50.0
873da1022ffffff,28.49738,77.15815,3,50.0
873da1022ffffff,28.49738,77.15815,4,50.0
873da1022ffffff,28.49738,77.15815,5,50.0
873da1022ffffff,28.49738,77.15815,6,50.0
873da1022ffffff,28.49738,77.15815,7,50.0
873da1022ffffff,28.49738,77.15815,8,50.0
873da1022ffffff,28.49738,77.15815,9,50.0
873da1022ffffff,28.49738,77.15815,10,50.0
873da1022ffffff,28.49738,77.15815,11,50.0
873da1022ffffff,28.49738,77.15815,12,50.0
873da1022ffffff,28.49738,77.15815,13,50.0
873da1022ffffff,28.49738,77.15815,14,50.0
873da1022ffffff,28.49738,77.15815,15,50.0
873da1022ffffff,28.49738,77.15815,16,50.0
873da1022ffffff,28.49738,77.15815,17,50.0
873da1022ffffff,28.49738,77.15815,18,50.0
873da1022ffffff,28.49738,77.15815,19,50.0
873da1022ffffff,28.49738,77.15815,20,50.0
873da1022ffffff,28.49738,77.15815,21,50.0
873da1022ffffff,28.49738,77.15815,22,50.0
873da1022ffffff,28.49738,77.15815,23,50.0
873da1022ffffff,28.49738,77.15815,24,50.0
873da1022ffffff,28.49738,77.15815,25,50.0
873da1022ffffff,28.49738,77.15815,26,50.0
873da1022ffffff,28.49738,77.15815,27,50.0
873da1022ffffff,28.49738,77.15815,28,50.0
873da1022ffffff,28.49738,77.15815,29,50.0
873da1022ffffff,28.49738,77.15815,30,50.0
873da1022ffffff,28.49738,77.15815,31,50.0
873da1022ffffff,28.49738,77.15815,32,50.0
873da1022ffffff,28.49738,77.15815,33,50.0
873da1022ffffff,28.49738,77.15815,34,50.0
873da1022ffffff,28.49738,77.15815,35,50.0
873da1022ffffff,28.49738,77.15815,36,50.0
873da1022ffffff,28.49738,77.15815,37,50.0
873da1022ffffff,28.49738,77.15815,38,50.0
873da1022ffffff,28.49738,77.15815,39,50.0
873da1022ffffff,28.49738,77.15815,40,50.0
873da1022ffffff,28.49738,77.15815,41,50.0
873da1023ffffff,28.50637,77.18210,0,50.0
873da1023ffffff,28.50637,77.18210,1,50.0
873da1023ffffff,28.50637,77.18210,2,50.0
873da1023ffffff,28.50637,77.18210,3,50.0
873da1023ffffff,28.50637,77.18210,4,50.0
873da1023ffffff,28.50637,77.18210,5,50.0
873da1023ffffff,28.50637,77.18210,6,50.0
873da1023ffffff,28.50637,77.18210,7,50.0
873da1023ffffff,28.50637,77.18210,8,50.0
873da1023ffffff,28.50637,77.18210,9,50.0
873da1023ffffff,28.50637,77.18210,10,50.0
873da1023ffffff,28.50637,77.18210,11,50.0
873da1023ffffff,28.50637,77.18210,12,50.0
873da1023ffffff,28.50637,77.18210,13,50.0
873da1023ffffff,28.50637,77.18210,14,50.0
873da1023ffffff,28.50637,77.18210,15,50.0
873da1023ffffff,28.50637,77.18210,16,50.0
873da1023ffffff,28.50637,77.18210,17,50.0
873da1023ffffff,28.50637,77.18210,18,50.0
873da1023ffffff,28.50637,77.18210,19,50.0
873da1023ffffff,28.50637,77.18210,20,50.0
873da1023ffffff,28.50637,77.18210,21,50.0
873da1023ffffff,28.50637,77.18210,22,50.0
873da1023ffffff,28.50637,77.18210,23,50.0
873da1023ffffff,28.50637,77.18210,24,50.0
873da1023ffffff,28.50637,77.18210,25,50.0
873da1023ffffff,28.50637,77.18210,26,50.0
873da1023ffffff,28.50637,77.18210,27,50.0
873da1023ffffff,28.50637,77.18210,28,50.0
873da1023ffffff,28.50637,77.18210,29,50.0
873da1023ffffff,28.50637,77.18210,30,50.0
873da1023ffffff,28.50637,77.18210,31,50.0
873da1023ffffff,28.50637,77.18210,32,50.0
873da1023ffffff,28.50637,77.18210,33,50.0
873da1023ffffff,28.50637,77.18210,34,50.0
873da1023ffffff,28.50637,77.18210,35,50.0
873da1023ffffff,28.50637,77.18210,36,50.0
873da1023ffffff,28.50637,77.18210,37,50.0
873da1023ffffff,28.50637,77.18210,38,50.0
873da1023ffffff,28.50637,77.18210,39,50.0
873da1023ffffff,28.50637,77.18210,40,50.0
873da1023ffffff,28.50637,77.18210,41,50.0
873da1024ffffff,28.53187,77.14050,0,50.0
873da1024ffffff,28.53187,77.14050,1,50.0
873da1024ffffff,28.53187,77.14050,2,50.0
873da1024ffffff,28.53187,77.14050,3,50.0
873da1024ffffff,28.53187,77.14050,4,50.0
873da1024ffffff,28.53187,77.14050,5,50.0
873da1024ffffff,28.53187,77.14050,6,50.0
873da1024ffffff,28.53187,77.14050,7,50.0
873da1024ffffff,28.53187,77.14050,8,50.0
873da1024ffffff,28.53187,77.14050,9,50.0
873da1024ffffff,28.53187,77.14050,10,50.0
873da1024ffffff,28.53187,77.14050,11,50.0
873da1024ffffff,28.53187,77.14050,12,50.0
873da1024ffffff,28.53187,77.14050,13,50.0
873da1024ffffff,28.53187,77.14050,14,50.0
873da1024ffffff,28.53187,77.14050,15,50.0
873da1024ffffff,28.53187,77.14050,16,50.0
873da1024ffffff,28.53187,77.14050,17,50.0
873da1024ffffff,28.53187,77.14050,18,50.0
873da1024ffffff,28.53187,77.14050,19,50.0
873da1024ffffff,28.53187,77.14050,20,50.0
873da1024ffffff,28.53187,77.14050,21,50.0
873da1024ffffff,28.53187,77.14050,22,50.0
873da1024ffffff,28.53187,77.14050,23,50.0
873da1024ffffff,28.53187,77.14050,24,50.0
873da1024ffffff,28.53187,77.14050,25,50.0
873da1024ffffff,28.53187,77.14050,26,50.0
873da1024ffffff,28.53187,77.14050,27,50.0
873da1024ffffff,28.53187,77.14050,28,50.0
873da1024ffffff,28.53187,77.14050,29,50.0
873da1024ffffff,28.53187,77.14050,30,50.0
873da1024ffffff,28.53187,77.14050,31,50.0
873da1024ffffff,28.53187,77.14050,32,50.0
873da1024ffffff,28.53187,77.14050,33,50.0
873da1024ffffff,28.53187,77.14050,34,50.0
873da1024ffffff,28.53187,77.14050,35,50.0
873da1024ffffff,28.53187,77.14050,36,50.0
873da1024ffffff,28.53187,77.14050,37,50.0
873da1024ffffff,28.53187,77.14050,38,50.0
873da1024ffffff,28.53187,77.14050,39,50.0
873da1024ffffff,28.53187,77.14050,40,50.0
873da1024ffffff,28.53187,77.14050,41,50.0
873da1025ffffff,28.54086,77.16445,0,50.0
873da1025ffffff,28.54086,77.16445,1,50.0
873da1025ffffff,28.54086,77.16445,2,50.0
873da1025ffffff,28.54086,77.16445,3,50.0
873da1025ffffff,28.54086,77.16445,4,50.0
873da1025ffffff,28.54086,77.16445,5,50.0
873da1025ffffff,28.54086,77.16445,6,50.0
873da1025ffffff,28.54086,77.16445,7,50.0
873da1025ffffff,28.54086,77.16445,8,50.0
873da1025ffffff,28.54086,77.16445,9,50.0
873da1025ffffff,28.54086,77.16445,10,50.0
873da1025ffffff,28.54086,77.16445,11,50.0
873da1025ffffff,28.54086,77.16445,12,50.0
873da1025ffffff,28.54086,77.16445,13,50.0
873da1025ffffff,28.54086,77.16445,14,50.0
873da1025ffffff,28.54086,77.16445,15,50.0
873da1025ffffff,28.54086,77.16445,16,50.0
873da1025ffffff,28.54086,77.16445,17,50.0
873da1025ffffff,28.54086,77.16445,18,50.0
873da1025ffffff,28.54086,77.16445,19,50.0
873da1025ffffff,28.54086,77.16445,20,50.0
873da1025ffffff,28.54086,77.16445,21,50.0
873da1025ffffff,28.54086,77.16445,22,50.0
873da1025ffffff,28.54086,77.16445,23,50.0
873da1025ffffff,28.54086,77.16445,24,50.0
873da1025ffffff,28.54086,77.16445,25,50.0
873da1025ffffff,28.54086,77.16445,26,50.0
873da1025ffffff,28.54086,77.16445,27,50.0
873da1025ffffff,28.54086,77.16445,28,50.0
873da1025ffffff,28.54086,77.16445,29,50.0
873da1025ffffff,28.54086,77.16445,30,50.0
873da1025ffffff,28.54086,77.16445,31,50.0
873da1025ffffff,28.54086,77.16445,32,50.0
873da1025ffffff,28.54086,77.16445,33,50.0
873da1025ffffff,28.54086,77.16445,34,50.0
873da1025ffffff,28.54086,77.16445,35,50.0
873da1025ffffff,28.54086,77.16445,36,50.0
873da1025ffffff,28.54086,77.16445,37,50.0
873da1025ffffff,28.54086,77.16445,38,50.0
873da1025ffffff,28.54086,77.16445,39,50.0
873da1025ffffff,28.54086,77.16445,40,50.0
873da1025ffffff,28.54086,77.16445,41,50.0
873da1026ffffff,28.51013,77.13735,0,50.0
873da1026ffffff,28.51013,77.13735,1,50.0
873da1026ffffff,28.51013,77.13735,2,50.0
873da1026ffffff,28.51013,77.13735,3,50.0
873da1026ffffff,28.51013,77.13735,4,50.0
873da1026ffffff,28.51013,77.13735,5,50.0
873da1026ffffff,28.51013,77.13735,6,50.0
873da1026ffffff,28.51013,77.13735,7,50.0
873da1026ffffff,28.51013,77.13735,8,50.0
873da1026ffffff,28.51013,77.13735,9,50.0
873da1026ffffff,28.51013,77.13735,10,50.0
873da1026ffffff,28.51013,77.13735,11,50.0
873da1026ffffff,28.51013,77.13735,12,50.0
873da1026ffffff,28.51013,77.13735,13,50.0
873da1026ffffff,28.51013,77.13735,14,50.0
873da1026ffffff,28.51013,77.13735,15,50.0
873da1026ffffff,28.51013,77.13735,16,50.0
873da1026ffffff,28.51013,77.13735,17,50.0
873da1026ffffff,28.51013,77.13735,18,50.0
873da1026ffffff,28.51013,77.13735,19,50.0
873da1026ffffff,28.51013,77.13735,20,50.0
873da1026ffffff,28.51013,77.13735,21,50.0
873da1026ffffff,28.51013,77.13735,22,50.0
873da1026ffffff,28.51013,77.13735,23,50.0
873da1026ffffff,28.51013,77.13735,24,50.0
873da1026ffffff,28.51013,77.13735,25,50.0
873da1026ffffff,28.51013,77.13735,26,50.0
873da1026ffffff,28.51013,77.13735,27,50.0
873da1026ffffff,28.51013,77.13735,28,50.0
873da1026ffffff,28.51013,77.13735,29,50.0
873da1026ffffff,28.51013,77.13735,30,50.0
873da1026ffffff,28.51013,77.13735,31,50.0
873da1026ffffff,28.51013,77.13735,32,50.0
873da1026ffffff,28.51013,77.13735,33,50.0
873da1026ffffff,28.51013,77.13735,34,50.0
873da1026ffffff,28.51013,77.13735,35,50.0
873da1026ffffff,28.51013,77.13735,36,50.0
873da1026ffffff,28.51013,77.13735,37,50.0
873da1026ffffff,28.51013,77.13735,38,50.0
873da1026ffffff,28.51013,77.13735,39,50.0
873da1026ffffff,28.51013,77.13735,40,50.0
873da1026ffffff,28.51013,77.13735,41,50.0
873da1028ffffff,28.52432,77.23001,0,50.0
873da1028ffffff,28.52432,77.23001,1,50.0
873da1028ffffff,28.52432,77.23001,2,50.0
873da1028ffffff,28.52432,77.23001,3,50.0
873da1028ffffff,28.52432,77.23001,4,50.0
873da1028ffffff,28.52432,77.23001,5,50.0
873da1028ffffff,28.52432,77.23001,6,50.0
873da1028ffffff,28.52432,77.23001,7,50.0
873da1028ffffff,28.52432,77.23001,8,50.0
873da1028ffffff,28.52432,77.23001,9,50.0
873da1028ffffff,28.52432,77.23001,10,50.0
873da1028ffffff,28.52432,77.23001,11,50.0
873da1028ffffff,28.52432,77.23001,12,50.0
873da1028ffffff,28.52432,77.23001,13,50.0
873da1028ffffff,28.52432,77.23001,14,50.0
873da1028ffffff,28.52432,77.23001,15,50.0
873da1028ffffff,28.52432,77.23001,16,50.0
873da1028ffffff,28.52432,77.23001,17,50.0
873da1028ffffff,28.52432,77.23001,18,50.0
873da1028ffffff,28.52432,77.23001,19,50.0
873da1028ffffff,28.52432,77.23001,20,50.0
873da1028ffffff,28.52432,77.23001,21,50.0
873da1028ffffff,28.52432,77.23001,22,50.0
873da1028ffffff,28.52432,77.23001,23,50.0
873da1028ffffff,28.52432,77.23001,24,50.0
873da1028ffffff,28.52432,77.23001,25,50.0
873da1028ffffff,28.52432,77.23001,26,50.0
873da1028ffffff,28.52432,77.23001,27,50.0
873da1028ffffff,28.52432,77.23001,28,50.0
873da1028ffffff,28.52432,77.23001,29,50.0
873da1028ffffff,28.52432,77.23001,30,50.0
873da1028ffffff,28.52432,77.23001,31,50.0
873da1028ffffff,28.52432,77.23001,32,50.0
873da1028ffffff,28.52432,77.23001,33,50.0
873da1028ffffff,28.52432,77.23001,34,50.0
873da1028ffffff,28.52432,77.23001,35,50.0
873da1028ffffff,28.52432,77.23001,36,50.0
873da1028ffffff,28.52432,77.23001,37,50.0
873da1028ffffff,28.52432,77.23001,38,50.0
873da1028ffffff,28.52432,77.23001,39,50.0
873da1028ffffff,28.52432,77.23001,40,50.0
873da1028ffffff,28.52432,77.23001,41,50.0
873da1029ffffff,28.53330,77.25398,0,50.0
873da1029ffffff,28.53330,77.25398,1,50.0
873da1029ffffff,28.53330,77.25398,2,50.0
873da1029ffffff,28.53330,77.25398,3,50.0
873da1029ffffff,28.53330,77.25398,4,50.0
873da1029ffffff,28.53330,77.25398,5,50.0
873da1029ffffff,28.53330,77.25398,6,50.0
873da1029ffffff,28.53330,77.25398,7,50.0
873da1029ffffff,28.53330,77.25398,8,50.0
873da1029ffffff,28.53330,77.25398,9,50.0
873da1029ffffff,28.53330,77.25398,10,50.0
873da1029ffffff,28.53330,77.25398,11,50.0
873da1029ffffff,28.53330,77.25398,12,50.0
873da1029ffffff,28.53330,77.25398,13,50.0
873da1029ffffff,28.53330,77.25398,14,50.0
873da1029ffffff,28.53330,77.25398,15,50.0
873da1029ffffff,28.53330,77.25398,16,50.0
873da1029ffffff,28.53330,77.25398,17,50.0
873da1029ffffff,28.53330,77.25398,18,50.0
873da1029ffffff,28.53330,77.25398,19,50.0
873da1029ffffff,28.53330,77.25398,20,50.0
873da1029ffffff,28.53330,77.25398,21,50.0
873da1029ffffff,28.53330,77.25398,22,50.0
873da1029ffffff,28.53330,77.25398,23,50.0
873da1029ffffff,28.53330,77.25398,24,50.0
873da1029ffffff,28.53330,77.25398,25,50.0
873da1029ffffff,28.53330,77.25398,26,50.0
873da1029ffffff,28.53330,77.25398,27,50.0
873da1029ffffff,28.53330,77.25398,28,50.0
873da1029ffffff,28.53330,77.25398,29,50.0
873da1029ffffff,28.53330,77.25398,30,50.0
873da1029ffffff,28.53330,77.25398,31,50.0
873da1029ffffff,28.53330,77.25398,32,50.0
873da1029ffffff,28.53330,77.25398,33,50.0
873da1029ffffff,28.53330,77.25398,34,50.0
873da1029ffffff,28.53330,77.25398,35,50.0
873da1029ffffff,28.53330,77.25398,36,50.0
873da1029ffffff,28.53330,77.25398,37,50.0
873da1029ffffff,28.53330,77.25398,38,50.0
873da1029ffffff,28.53330,77.25398,39,50.0
873da1029ffffff,28.53330,77.25398,40,50.0
873da1029ffffff,28.53330,77.25398,41,50.0
873da102affffff,28.50259,77.22684,0,50.0
873da102affffff,28.50259,77.22684,1,50.0
873da102affffff,28.50259,77.22684,2,50.0
873da102affffff,28.50259,77.22684,3,50.0
873da102affffff,28.50259,77.22684,4,50.0
873da102affffff,28.50259,77.22684,5,50.0
873da102affffff,28.50259,77.22684,6,50.0
873da102affffff,28.50259,77.22684,7,50.0
873da102affffff,28.50259,77.22684,8,50.0
873da102affffff,28.50259,77.22684,9,50.0
873da102affffff,28.50259,77.22684,10,50.0
873da102affffff,28.50259,77.22684,11,50.0
873da102affffff,28.50259,77.22684,12,50.0
873da102affffff,28.50259,77.22684,13,50.0
873da102affffff,28.50259,77.22684,14,50.0
873da102affffff,28.50259,77.22684,15,50.0
873da102affffff,28.50259,77.22684,16,50.0
873da102affffff,28.50259,77.22684,17,50.0
873da102affffff,28.50259,77.22684,18,50.0
873da102affffff,28.50259,77.22684,19,50.0
873da102affffff,28.50259,77.22684,20,50.0
873da102affffff,28.50259,77.22684,21,50.0
873da102affffff,28.50259,77.22684,22,50.0
873da102affffff,28.50259,77.22684,23,50.0
873da102affffff,28.50259,77.22684,24,50.0
873da102affffff,28.50259,77.22684,25,50.0
873da102affffff,28.50259,77.22684,26,50.0
873da102affffff,28.50259,77.22684,27,50.0
873da102affffff,28.50259,77.22684,28,50.0
873da102affffff,28.50259,77.22684,29,50.0
873da102affffff,28.50259,77.22684,30,50.0
873da102affffff,28.50259,77.22684,31,50.0
873da102affffff,28.50259,77.22684,32,50.0
873da102affffff,28.50259,77.22684,33,50.0
873da102affffff,28.50259,77.22684,34,50.0
873da102affffff,28.50259,77.22684,35,50.0
873da102affffff,28.50259,77.22684,36,50.0
873da102affffff,28.50259,77.22684,37,50.0
873da102affffff,28.50259,77.22684,38,50.0
873da102affffff,28.50259,77.22684,39,50.0
873da102affffff,28.50259,77.22684,40,50.0
873da102affffff,28.50259,77.22684,41,50.0
873da102bffffff,28.51156,77.25079,0,50.0
873da102bffffff,28.51156,77.25079,1,50.0
873da102bffffff,28.51156,77.25079,2,50.0
873da102bffffff,28.51156,77.25079,3,50.0
873da102bffffff,28.51156,77.25079,4,50.0
873da102bffffff,28.51156,77.25079,5,50.0
873da102bffffff,28.51156,77.25079,6,50.0
873da102bffffff,28.51156,77.25079,7,50.0
873da102bffffff,28.51156,77.25079,8,50.0
873da102bffffff,28.51156,77.25079,9,50.0
873da102bffffff,28.51156,77.25079,10,50.0
873da102bffffff,28.51156,77.25079,11,50.0
873da102bffffff,28.51156,77.25079,12,50.0
873da102bffffff,28.51156,77.25079,13,50.0
873da102bffffff,28.51156,77.25079,14,50.0
873da102bffffff,28.51156,77.25079,15,50.0
873da102bffffff,28.51156,77.25079,16,50.0
873da102bffffff,28.51156,77.25079,17,50.0
873da102bffffff,28.51156,77.25079,18,50.0
873da102bffffff,28.51156,77.25079,19,50.0
873da102bffffff,28.51156,77.25079,20,50.0
873da102bffffff,28.51156,77.25079,21,50.0
873da102bffffff,28.51156,77.25079,22,50.0
873da102bffffff,28.51156,77.25079,23,50.0
873da102bffffff,28.51156,77.25079,24,50.0
873da102bffffff,28.51156,77.25079,25,50.0
873da102bffffff,28.51156,77.25079,26,50.0
873da102bffffff,28.51156,77.25079,27,50.0
873da102bffffff,28.51156,77.25079,28,50.0
873da102bffffff,28.51156,77.25079,29,50.0
873da102bffffff,28.51156,77.25079,30,50.0
873da102bffffff,28.51156,77.25079,31,50.0
873da102bffffff,28.51156,77.25079,32,50.0
873da102bffffff,28.51156,77.25079,33,50.0
873da102bffffff,28.51156,77.25079,34,50.0
873da102bffffff,28.51156,77.25079,35,50.0
873da102bffffff,28.51156,77.25079,36,50.0
873da102bffffff,28.51156,77.25079,37,50.0
873da102bffffff,28.51156,77.25079,38,50.0
873da102bffffff,28.51156,77.25079,39,50.0
873da102bffffff,28.51156,77.25079,40,50.0
873da102bffffff,28.51156,77.25079,41,50.0
873da102cffffff,28.53709,77.20922,0,50.0
873da102cffffff,28.53709,77.20922,1,50.0
873da102cffffff,28.53709,77.20922,2,50.0
873da102cffffff,28.53709,77.20922,3,50.0
873da102cffffff,28.53709,77.20922,4,50.0
873da102cffffff,28.53709,77.20922,5,50.0
873da102cffffff,28.53709,77.20922,6,50.0
873da102cffffff,28.53709,77.20922,7,50.0
873da102cffffff,28.53709,77.20922,8,50.0
873da102cffffff,28.53709,77.20922,9,50.0
873da102cffffff,28.53709,77.20922,10,50.0
873da102cffffff,28.53709,77.20922,11,50.0
873da102cffffff,28.53709,77.20922,12,50.0
873da102cffffff,28.53709,77.20922,13,50.0
873da102cffffff,28.53709,77.20922,14,50.0
873da102cffffff,28.53709,77.20922,15,50.0
873da102cffffff,28.53709,77.20922,16,50.0
873da102cffffff,28.53709,77.20922,17,50.0
873da102cffffff,28.53709,77.20922,18,50.0
873da102cffffff,28.53709,77.20922,19,50.0
873da102cffffff,28.53709,77.20922,20,50.0
873da102cffffff,28.53709,77.20922,21,50.0
873da102cffffff,28.53709,77.20922,22,50.0
873da102cffffff,28.53709,77.20922,23,50.0
873da102cffffff,28.53709,77.20922,24,50.0
873da102cffffff,28.53709,77.20922,25,50.0
873da102cffffff,28.53709,77.20922,26,50.0
873da102cffffff,28.53709,77.20922,27,50.0
873da102cffffff,28.53709,77.20922,28,50.0
873da102cffffff,28.53709,77.20922,29,50.0
873da102cffffff,28.53709,77.20922,30,50.0
873da102cffffff,28.53709,77.20922,31,50.0
873da102cffffff,28.53709,77.20922,32,50.0
873da102cffffff,28.53709,77.20922,33,50.0
873da102cffffff,28.53709,77.20922,34,50.0
873da102cffffff,28.53709,77.20922,35,50.0
873da102cffffff,28.53709,77.20922,36,50.0
873da102cffffff,28.53709,77.20922,37,50.0
873da102cffffff,28.53709,77.20922,38,50.0
873da102cffffff,28.53709,77.20922,39,50.0
873da102cffffff,28.53709,77.20922,40,50.0
873da102cffffff,28.53709,77.20922,41,50.0
873da102dffffff,28.54607,77.23319,0,50.0
873da102dffffff,28.54607,77.23319,1,50.0
873da102dffffff,28.54607,77.23319,2,50.0
873da102dffffff,28.54607,77.23319,3,50.0
873da102dffffff,28.54607,77.23319,4,50.0
873da102dffffff,28.54607,77.23319,5,50.0
873da102dffffff,28.54607,77.23319,6,50.0
873da102dffffff,28.54607,77.23319,7,50.0
873da102dffffff,28.54607,77.23319,8,50.0
873da102dffffff,28.54607,77.23319,9,50.0
873da102dffffff,28.54607,77.23319,10,50.0
873da102dffffff,28.54607,77.23319,11,50.0
873da102dffffff,28.54607,77.23319,12,50.0
873da102dffffff,28.54607,77.23319,13,50.0
873da102dffffff,28.54607,77.23319,14,50.0
873da102dffffff,28.54607,77.23319,15,50.0
873da102dffffff,28.54607,77.23319,16,50.0
873da102dffffff,28.54607,77.23319,17,50.0
873da102dffffff,28.54607,77.23319,18,50.0
873da102dffffff,28.54607,77.23319,19,50.0
873da102dffffff,28.54607,77.23319,20,50.0
873da102dffffff,28.54607,77.23319,21,50.0
873da102dffffff,28.54607,77.23319,22,50.0
873da102dffffff,28.54607,77.23319,23,50.0
873da102dffffff,28.54607,77.23319,24,50.0
873da102dffffff,28.54607,77.23319,25,50.0
873da102dffffff,28.54607,77.23319,26,50.0
873da102dffffff,28.54607,77.23319,27,50.0
873da102dffffff,28.54607,77.23319,28,50.0
873da102dffffff,28.54607,77.23319,29,50.0
873da102dffffff,28.54607,77.23319,30,50.0
873da102dffffff,28.54607,77.23319,31,50.0
873da102dffffff,28.54607,77.23319,32,50.0
873da102dffffff,28.54607,77.23319,33,50.0
873da102dffffff,28.54607,77.23319,34,50.0
873da102dffffff,28.54607,77.23319,35,50.0
873da102dffffff,28.54607,77.23319,36,50.0
873da102dffffff,28.54607,77.23319,37,50.0
873da102dffffff,28.54607,77.23319,38,50.0
873da102dffffff,28.54607,77.23319,39,50.0
873da102dffffff,28.54607,77.23319,40,50.0
873da102dffffff,28.54607,77.23319,41,50.0
873da102effffff,28.51535,77.20605,0,50.0
873da102effffff,28.51535,77.20605,1,50.0
873da102effffff,28.51535,77.20605,2,50.0
873da102effffff,28.51535,77.20605,3,50.0
873da102effffff,28.51535,77.20605,4,50.0
873da102effffff,28.51535,77.20605,5,50.0
873da102effffff,28.51535,77.20605,6,50.0
873da102effffff,28.51535,77.20605,7,50.0
873da102effffff,28.51535,77.20605,8,50.0
873da102effffff,28.51535,77.20605,9,50.0
873da102effffff,28.51535,77.20605,10,50.0
873da102effffff,28.51535,77.20605,11,50.0
873da102effffff,28.51535,77.20605,12,50.0
873da102effffff,28.51535,77.20605,13,50.0
873da102effffff,28.51535,77.20605,14,50.0
873da102effffff,28.51535,77.20605,15,50.0
873da102effffff,28.51535,77.20605,16,50.0
873da102effffff,28.51535,77.20605,17,50.0
873da102effffff,28.51535,77.20605,18,50.0
873da102effffff,28.51535,77.20605,19,50.0
873da102effffff,28.51535,77.20605,20,50.0
873da102effffff,28.51535,77.20605,21,50.0
873da102effffff,28.51535,77.20605,22,50.0
873da102effffff,28.51535,77.20605,23,50.0
873da102effffff,28.51535,77.20605,24,50.0
873da102effffff,28.51535,77.20605,25,50.0
873da102effffff,28.51535,77.20605,26,50.0
873da102effffff,28.51535,77.20605,27,50.0
873da102effffff,28.51535,77.20605,28,50.0
873da102effffff,28.51535,77.20605,29,50.0
873da102effffff,28.51535,77.20605,30,50.0
873da102effffff,28.51535,77.20605,31,50.0
873da102effffff,28.51535,77.20605,32,50.0
873da102effffff,28.51535,77.20605,33,50.0
873da102effffff,28.51535,77.20605,34,50.0
873da102effffff,28.51535,77.20605,35,50.0
873da102effffff,28.51535,77.20605,36,50.0
873da102effffff,28.51535,77.20605,37,50.0
873da102effffff,28.51535,77.20605,38,50.0
873da102effffff,28.51535,77.20605,39,50.0
873da102effffff,28.51535,77.20605,40,50.0
873da102effffff,28.51535,77.20605,41,50.0
873da1030ffffff,28.46666,77.13107,0,50.0
873da1030ffffff,28.46666,77.13107,1,50.0
873da1030ffffff,28.46666,77.13107,2,50.0
873da1030ffffff,28.46666,77.13107,3,50.0
873da1030ffffff,28.46666,77.13107,4,50.0
873da1030ffffff,28.46666,77.13107,5,50.0
873da1030ffffff,28.46666,77.13107,6,50.0
873da1030ffffff,28.46666,77.13107,7,50.0
873da1030ffffff,28.46666,77.13107,8,50.0
873da1030ffffff,28.46666,77.13107,9,50.0
873da1030ffffff,28.46666,77.13107,10,50.0
873da1030ffffff,28.46666,77.13107,11,50.0
873da1030ffffff,28.46666,77.13107,12,50.0
873da1030ffffff,28.46666,77.13107,13,50.0
873da1030ffffff,28.46666,77.13107,14,50.0
873da1030ffffff,28.46666,77.13107,15,50.0
873da1030ffffff,28.46666,77.13107,16,50.0
873da1030ffffff,28.46666,77.13107,17,50.0
873da1030ffffff,28.46666,77.13107,18,50.0
873da1030ffffff,28.46666,77.13107,19,50.0
873da1030ffffff,28.46666,77.13107,20,50.0
873da1030ffffff,28.46666,77.13107,21,50.0
873da1030ffffff,28.46666,77.13107,22,50.0
873da1030ffffff,28.46666,77.13107,23,50.0
873da1030ffffff,28.46666,77.13107,24,50.0
873da1030ffffff,28.46666,77.13107,25,50.0
873da1030ffffff,28.46666,77.13107,26,50.0
873da1030ffffff,28.46666,77.13107,27,50.0
873da1030ffffff,28.46666,77.13107,28,50.0
873da1030ffffff,28.46666,77.13107,29,50.0
873da1030ffffff,28.46666,77.13107,30,50.0
873da1030ffffff,28.46666,77.13107,31,50.0
873da1030ffffff,28.46666,77.13107,32,50.0
873da1030ffffff,28.46666,77.13107,33,50.0
873da1030ffffff,28.46666,77.13107,34,50.0
873da1030ffffff,28.46666,77.13107,35,50.0
873da1030ffffff,28.46666,77.13107,36,50.0
873da1030ffffff,28.46666,77.13107,37,50.0
873da1030ffffff,28.46666,77.13107,38,50.0
873da1030ffffff,28.46666,77.13107,39,50.0
873da1030ffffff,28.46666,77.13107,40,50.0
873da1030ffffff,28.46666,77.13107,41,50.0
873da1031ffffff,28.47565,77.15500,0,50.0
873da1031ffffff,28.47565,77.15500,1,50.0
873da1031ffffff,28.47565,77.15500,2,50.0
873da1031ffffff,28.47565,77.15500,3,50.0
873da1031ffffff,28.47565,77.15500,4,50.0
873da1031ffffff,28.47565,77.15500,5,50.0
873da1031ffffff,28.47565,77.15500,6,50.0
873da1031ffffff,28.47565,77.15500,7,50.0
873da1031ffffff,28.47565,77.15500,8,50.0
873da1031ffffff,28.47565,77.15500,9,50.0
873da1031ffffff,28.47565,77.15500,10,50.0
873da1031ffffff,28.47565,77.15500,11,50.0
873da1031ffffff,28.47565,77.15500,12,50.0
873da1031ffffff,28.47565,77.15500,13,50.0
873da1031ffffff,28.47565,77.15500,14,50.0
873da1031ffffff,28.47565,77.15500,15,50.0
873da1031ffffff,28.47565,77.15500,16,50.0
873da1031ffffff,28.47565,77.15500,17,50.0
873da1031ffffff,28.47565,77.15500,18,50.0
873da1031ffffff,28.47565,77.15500,19,50.0
873da1031ffffff,28.47565,77.15500,20,50.0
873da1031ffffff,28.47565,77.15500,21,50.0
873da1031ffffff,28.47565,77.15500,22,50.0
873da1031ffffff,28.47565,77.15500,23,50.0
873da1031ffffff,28.47565,77.15500,24,50.0
873da1031ffffff,28.47565,77.15500,25,50.0
873da1031ffffff,28.47565,77.15500,26,50.0
873da1031ffffff,28.47565,77.15500,27,50.0
873da1031ffffff,28.47565,77.15500,28,50.0
873da1031ffffff,28.47565,77.15500,29,50.0
873da1031ffffff,28.47565,77.15500,30,50.0
873da1031ffffff,28.47565,77.15500,31,50.0
873da1031ffffff,28.47565,77.15500,32,50.0
873da1031ffffff,28.47565,77.15500,33,50.0
873da1031ffffff,28.47565,77.15500,34,50.0
873da1031ffffff,28.47565,77.15500,35,50.0
873da1031ffffff,28.47565,77.15500,36,50.0
873da1031ffffff,28.47565,77.15500,37,50.0
873da1031ffffff,28.47565,77.15500,38,50.0
873da1031ffffff,28.47565,77.15500,39,50.0
873da1031ffffff,28.47565,77.15500,40,50.0
873da1031ffffff,28.47565,77.15500,41,50.0
873da1033ffffff,28.45392,77.15185,0,50.0
873da1033ffffff,28.45392,77.15185,1,50.0
873da1033ffffff,28.45392,77.15185,2,50.0
873da1033ffffff,28.45392,77.15185,3,50.0
873da1033ffffff,28.45392,77.15185,4,50.0
873da1033ffffff,28.45392,77.15185,5,50.0
873da1033ffffff,28.45392,77.15185,6,50.0
873da1033ffffff,28.45392,77.15185,7,50.0
873da1033ffffff,28.45392,77.15185,8,50.0
873da1033ffffff,28.45392,77.15185,9,50.0
873da1033ffffff,28.45392,77.15185,10,50.0
873da1033ffffff,28.45392,77.15185,11,50.0
873da1033ffffff,28.45392,77.15185,12,50.0
873da1033ffffff,28.45392,77.15185,13,50.0
873da1033ffffff,28.45392,77.15185,14,50.0
873da1033ffffff,28.45392,77.15185,15,50.0
873da1033ffffff,28.45392,77.15185,16,50.0
873da1033ffffff,28.45392,77.15185,17,50.0
873da1033ffffff,28.45392,77.15185,18,50.0
873da1033ffffff,28.45392,77.15185,19,50.0
873da1033ffffff,28.45392,77.15185,20,50.0
873da1033ffffff,28.45392,77.15185,21,50.0
873da1033ffffff,28.45392,77.15185,22,50.0
873da1033ffffff,28.45392,77.15185,23,50.0
873da1033ffffff,28.45392,77.15185,24,50.0
873da1033ffffff,28.45392,77.15185,25,50.0
873da1033ffffff,28.45392,77.15185,26,50.0
873da1033ffffff,28.45392,77.15185,27,50.0
873da1033ffffff,28.45392,77.15185,28,50.0
873da1033ffffff,28.45392,77.15185,29,50.0
873da1033ffffff,28.45392,77.15185,30,50.0
873da1033ffffff,28.45392,77.15185,31,50.0
873da1033ffffff,28.45392,77.15185,32,50.0
873da1033ffffff,28.45392,77.15185,33,50.0
873da1033ffffff,28.45392,77.15185,34,50.0
873da1033ffffff,28.45392,77.15185,35,50.0
873da1033ffffff,28.45392,77.15185,36,50.0
873da1033ffffff,28.45392,77.15185,37,50.0
873da1033ffffff,28.45392,77.15185,38,50.0
873da1033ffffff,28.45392,77.15185,39,50.0
873da1033ffffff,28.45392,77.15185,40,50.0
873da1033ffffff,28.45392,77.15185,41,50.0
873da1034ffffff,28.47940,77.11027,0,50.0
873da1034ffffff,28.47940,77.11027,1,50.0
873da1034ffffff,28.47940,77.11027,2,50.0
873da1034ffffff,28.47940,77.11027,3,50.0
873da1034ffffff,28.47940,77.11027,4,50.0
873da1034ffffff,28.47940,77.11027,5,50.0
873da1034ffffff,28.47940,77.11027,6,50.0
873da1034ffffff,28.47940,77.11027,7,50.0
873da1034ffffff,28.47940,77.11027,8,50.0
873da1034ffffff,28.47940,77.11027,9,50.0
873da1034ffffff,28.47940,77.11027,10,50.0
873da1034ffffff,28.47940,77.11027,11,50.0
873da1034ffffff,28.47940,77.11027,12,50.0
873da1034ffffff,28.47940,77.11027,13,50.0
873da1034ffffff,28.47940,77.11027,14,50.0
873da1034ffffff,28.47940,77.11027,15,50.0
873da1034ffffff,28.47940,77.11027,16,50.0
873da1034ffffff,28.47940,77.11027,17,50.0
873da1034ffffff,28.47940,77.11027,18,50.0
873da1034ffffff,28.47940,77.11027,19,50.0
873da1034ffffff,28.47940,77.11027,20,50.0
873da1034ffffff,28.47940,77.11027,21,50.0
873da1034ffffff,28.47940,77.11027,22,50.0
873da1034ffffff,28.47940,77.11027,23,50.0
873da1034ffffff,28.47940,77.11027,24,50.0
873da1034ffffff,28.47940,77.11027,25,50.0
873da1034ffffff,28.47940,77.11027,26,50.0
873da1034ffffff,28.47940,77.11027,27,50.0
873da1034ffffff,28.47940,77.11027,28,50.0
873da1034ffffff,28.47940,77.11027,29,50.0
873da1034ffffff,28.47940,77.11027,30,50.0
873da1034ffffff,28.47940,77.11027,31,50.0
873da1034ffffff,28.47940,77.11027,32,50.0
873da1034ffffff,28.47940,77.11027,33,50.0
873da1034ffffff,28.47940,77.11027,34,50.0
873da1034ffffff,28.47940,77.11027,35,50.0
873da1034ffffff,28.47940,77.11027,36,50.0
873da1034ffffff,28.47940,77.11027,37,50.0
873da1034ffffff,28.47940,77.11027,38,50.0
873da1034ffffff,28.47940,77.11027,39,50.0
873da1034ffffff,28.47940,77.11027,40,50.0
873da1034ffffff,28.47940,77.11027,41,50.0
873da1035ffffff,28.48839,77.13421,0,50.0
873da1035ffffff,28.48839,77.13421,1,50.0
873da1035ffffff,28.48839,77.13421,2,50.0
873da1035ffffff,28.48839,77.13421,3,50.0
873da1035ffffff,28.48839,77.13421,4,50.0
873da1035ffffff,28.48839,77.13421,5,50.0
873da1035ffffff,28.48839,77.13421,6,50.0
873da1035ffffff,28.48839,77.13421,7,50.0
873da1035ffffff,28.48839,77.13421,8,50.0
873da1035ffffff,28.48839,77.13421,9,50.0
873da1035ffffff,28.48839,77.13421,10,50.0
873da1035ffffff,28.48839,77.13421,11,50.0
873da1035ffffff,28.48839,77.13421,12,50.0
873da1035ffffff,28.48839,77.13421,13,50.0
873da1035ffffff,28.48839,77.13421,14,50.0
873da1035ffffff,28.48839,77.13421,15,50.0
873da1035ffffff,28.48839,77.13421,16,50.0
873da1035ffffff,28.48839,77.13421,17,50.0
873da1035ffffff,28.48839,77.13421,18,50.0
873da1035ffffff,28.48839,77.13421,19,50.0
873da1035ffffff,28.48839,77.13421,20,50.0
873da1035ffffff,28.48839,77.13421,21,50.0
873da1035ffffff,28.48839,77.13421,22,50.0
873da1035ffffff,28.48839,77.13421,23,50.0
873da1035ffffff,28.48839,77.13421,24,50.0
873da1035ffffff,28.48839,77.13421,25,50.0
873da1035ffffff,28.48839,77.13421,26,50.0
873da1035ffffff,28.48839,77.13421,27,50.0
873da1035ffffff,28.48839,77.13421,28,50.0
873da1035ffffff,28.48839,77.13421,29,50.0
873da1035ffffff,28.48839,77.13421,30,50.0
873da1035ffffff,28.48839,77.13421,31,50.0
873da1035ffffff,28.48839,77.13421,32,50.0
873da1035ffffff,28.48839,77.13421,33,50.0
873da1035ffffff,28.48839,77.13421,34,50.0
873da1035ffffff,28.48839,77.13421,35,50.0
873da1035ffffff,28.48839,77.13421,36,50.0
873da1035ffffff,28.48839,77.13421,37,50.0
873da1035ffffff,28.48839,77.13421,38,50.0
873da1035ffffff,28.48839,77.13421,39,50.0
873da1035ffffff,28.48839,77.13421,40,50.0
873da1035ffffff,28.48839,77.13421,41,50.0
873da1036ffffff,28.45767,77.10714,0,50.0
873da1036ffffff,28.45767,77.10714,1,50.0
873da1036ffffff,28.45767,77.10714,2,50.0
873da1036ffffff,28.45767,77.10714,3,50.0
873da1036ffffff,28.45767,77.10714,4,50.0
873da1036ffffff,28.45767,77.10714,5,50.0
873da1036ffffff,28.45767,77.10714,6,50.0
873da1036ffffff,28.45767,77.10714,7,50.0
873da1036ffffff,28.45767,77.10714,8,50.0
873da1036ffffff,28.45767,77.10714,9,50.0
873da1036ffffff,28.45767,77.10714,10,50.0
873da1036ffffff,28.45767,77.10714,11,50.0
873da1036ffffff,28.45767,77.10714,12,50.0
873da1036ffffff,28.45767,77.10714,13,50.0
873da1036ffffff,28.45767,77.10714,14,50.0
873da1036ffffff,28.45767,77.10714,15,50.0
873da1036ffffff,28.45767,77.10714,16,50.0
873da1036ffffff,28.45767,77.10714,17,50.0
873da1036ffffff,28.45767,77.10714,18,50.0
873da1036ffffff,28.45767,77.10714,19,50.0
873da1036ffffff,28.45767,77.10714,20,50.0
873da1036ffffff,28.45767,77.10714,21,50.0
873da1036ffffff,28.45767,77.10714,22,50.0
873da1036ffffff,28.45767,77.10714,23,50.0
873da1036ffffff,28.45767,77.10714,24,50.0
873da1036ffffff,28.45767,77.10714,25,50.0
873da1036ffffff,28.45767,77.10714,26,50.0
873da1036ffffff,28.45767,77.10714,27,50.0
873da1036ffffff,28.45767,77.10714,28,50.0
873da1036ffffff,28.45767,77.10714,29,50.0
873da1036ffffff,28.45767,77.10714,30,50.0
873da1036ffffff,28.45767,77.10714,31,50.0
873da1036ffffff,28.45767,77.10714,32,50.0
873da1036ffffff,28.45767,77.10714,33,50.0
873da1036ffffff,28.45767,77.10714,34,50.0
873da1036ffffff,28.45767,77.10714,35,50.0
873da1036ffffff,28.45767,77.10714,36,50.0
873da1036ffffff,28.45767,77.10714,37,50.0
873da1036ffffff,28.45767,77.10714,38,50.0
873da1036ffffff,28.45767,77.10714,39,50.0
873da1036ffffff,28.45767,77.10714,40,50.0
873da1036ffffff,28.45767,77.10714,41,50.0
873da1044ffffff,28.54741,77.34667,0,50.0
873da1044ffffff,28.54741,77.34667,1,50.0
873da1044ffffff,28.54741,77.34667,2,50.0
873da1044ffffff,28.54741,77.34667,3,50.0
873da1044ffffff,28.54741,77.34667,4,50.0
873da1044ffffff,28.54741,77.34667,5,50.0
873da1044ffffff,28.54741,77.34667,6,50.0
873da1044ffffff,28.54741,77.34667,7,50.0
873da1044ffffff,28.54741,77.34667,8,50.0
873da1044ffffff,28.54741,77.34667,9,50.0
873da1044ffffff,28.54741,77.34667,10,50.0
873da1044ffffff,28.54741,77.34667,11,50.0
873da1044ffffff,28.54741,77.34667,12,50.0
873da1044ffffff,28.54741,77.34667,13,50.0
873da1044ffffff,28.54741,77.34667,14,50.0
873da1044ffffff,28.54741,77.34667,15,50.0
873da1044ffffff,28.54741,77.34667,16,50.0
873da1044ffffff,28.54741,77.34667,17,50.0
873da1044ffffff,28.54741,77.34667,18,50.0
873da1044ffffff,28.54741,77.34667,19,50.0
873da1044ffffff,28.54741,77.34667,20,50.0
873da1044ffffff,28.54741,77.34667,21,50.0
873da1044ffffff,28.54741,77.34667,22,50.0
873da1044ffffff,28.54741,77.34667,23,50.0
873da1044ffffff,28.54741,77.34667,24,50.0
873da1044ffffff,28.54741,77.34667,25,50.0
873da1044ffffff,28.54741,77.34667,26,50.0
873da1044ffffff,28.54741,77.34667,27,50.0
873da1044ffffff,28.54741,77.34667,28,50.0
873da1044ffffff,28.54741,77.34667,29,50.0
873da1044ffffff,28.54741,77.34667,30,50.0
873da1044ffffff,28.54741,77.34667,31,50.0
873da1044ffffff,28.54741,77.34667,32,50.0
873da1044ffffff,28.54741,77.34667,33,50.0
873da1044ffffff,28.54741,77.34667,34,50.0
873da1044ffffff,28.54741,77.34667,35,50.0
873da1044ffffff,28.54741,77.34667,36,50.0
873da1044ffffff,28.54741,77.34667,37,50.0
873da1044ffffff,28.54741,77.34667,38,50.0
873da1044ffffff,28.54741,77.34667,39,50.0
873da1044ffffff,28.54741,77.34667,40,50.0
873da1044ffffff,28.54741,77.34667,41,50.0
873da1046ffffff,28.52567,77.34346,0,50.0
873da1046ffffff,28.52567,77.34346,1,50.0
873da1046ffffff,28.52567,77.34346,2,50.0
873da1046ffffff,28.52567,77.34346,3,50.0
873da1046ffffff,28.52567,77.34346,4,50.0
873da1046ffffff,28.52567,77.34346,5,50.0
873da1046ffffff,28.52567,77.34346,6,50.0
873da1046ffffff,28.52567,77.34346,7,50.0
873da1046ffffff,28.52567,77.34346,8,50.0
873da1046ffffff,28.52567,77.34346,9,50.0
873da1046ffffff,28.52567,77.34346,10,50.0
873da1046ffffff,28.52567,77.34346,11,50.0
873da1046ffffff,28.52567,77.34346,12,50.0
873da1046ffffff,28.52567,77.34346,13,50.0
873da1046ffffff,28.52567,77.34346,14,50.0
873da1046ffffff,28.52567,77.34346,15,50.0
873da1046ffffff,28.52567,77.34346,16,50.0
873da1046ffffff,28.52567,77.34346,17,50.0
873da1046ffffff,28.52567,77.34346,18,50.0
873da1046ffffff,28.52567,77.34346,19,50.0
873da1046ffffff,28.52567,77.34346,20,50.0
873da1046ffffff,28.52567,77.34346,21,50.0
873da1046ffffff,28.52567,77.34346,22,50.0
873da1046ffffff,28.52567,77.34346,23,50.0
873da1046ffffff,28.52567,77.34346,24,50.0
873da1046ffffff,28.52567,77.34346,25,50.0
873da1046ffffff,28.52567,77.34346,26,50.0
873da1046ffffff,28.52567,77.34346,27,50.0
873da1046ffffff,28.52567,77.34346,28,50.0
873da1046ffffff,28.52567,77.34346,29,50.0
873da1046ffffff,28.52567,77.34346,30,50.0
873da1046ffffff,28.52567,77.34346,31,50.0
873da1046ffffff,28.52567,77.34346,32,50.0
873da1046ffffff,28.52567,77.34346,33,50.0
873da1046ffffff,28.52567,77.34346,34,50.0
873da1046ffffff,28.52567,77.34346,35,50.0
873da1046ffffff,28.52567,77.34346,36,50.0
873da1046ffffff,28.52567,77.34346,37,50.0
873da1046ffffff,28.52567,77.34346,38,50.0
873da1046ffffff,28.52567,77.34346,39,50.0
873da1046ffffff,28.52567,77.34346,40,50.0
873da1046ffffff,28.52567,77.34346,41,50.0
873da1050ffffff,28.48221,77.33704,0,50.0
873da1050ffffff,28.48221,77.33704,1,50.0
873da1050ffffff,28.48221,77.33704,2,50.0
873da1050ffffff,28.48221,77.33704,3,50.0
873da1050ffffff,28.48221,77.33704,4,50.0
873da1050ffffff,28.48221,77.33704,5,50.0
873da1050ffffff,28.48221,77.33704,6,50.0
873da1050ffffff,28.48221,77.33704,7,50.0
873da1050ffffff,28.48221,77.33704,8,50.0
873da1050ffffff,28.48221,77.33704,9,50.0
873da1050ffffff,28.48221,77.33704,10,50.0
873da1050ffffff,28.48221,77.33704,11,50.0
873da1050ffffff,28.48221,77.33704,12,50.0
873da1050ffffff,28.48221,77.33704,13,50.0
873da1050ffffff,28.48221,77.33704,14,50.0
873da1050ffffff,28.48221,77.33704,15,50.0
873da1050ffffff,28.48221,77.33704,16,50.0
873da1050ffffff,28.48221,77.33704,17,50.0
873da1050ffffff,28.48221,77.33704,18,50.0
873da1050ffffff,28.48221,77.33704,19,50.0
873da1050ffffff,28.48221,77.33704,20,50.0
873da1050ffffff,28.48221,77.33704,21,50.0
873da1050ffffff,28.48221,77.33704,22,50.0
873da1050ffffff,28.48221,77.33704,23,50.0
873da1050ffffff,28.48221,77.33704,24,50.0
873da1050ffffff,28.48221,77.33704,25,50.0
873da1050ffffff,28.48221,77.33704,26,50.0
873da1050ffffff,28.48221,77.33704,27,50.0
873da1050ffffff,28.48221,77.33704,28,50.0
873da1050ffffff,28.48221,77.33704,29,50.0
873da1050ffffff,28.48221,77.33704,30,50.0
873da1050ffffff,28.48221,77.33704,31,50.0
873da1050ffffff,28.48221,77.33704,32,50.0
873da1050ffffff,28.48221,77.33704,33,50.0
873da1050ffffff,28.48221,77.33704,34,50.0
873da1050ffffff,28.48221,77.33704,35,50.0
873da1050ffffff,28.48221,77.33704,36,50.0
873da1050ffffff,28.48221,77.33704,37,50.0
873da1050ffffff,28.48221,77.33704,38,50.0
873da1050ffffff,28.48221,77.33704,39,50.0
873da1050ffffff,28.48221,77.33704,40,50.0
873da1050ffffff,28.48221,77.33704,41,50.0
873da1052ffffff,28.46049,77.33384,0,50.0
873da1052ffffff,28.46049,77.33384,1,50.0
873da1052ffffff,28.46049,77.33384,2,50.0
873da1052ffffff,28.46049,77.33384,3,50.0
873da1052ffffff,28.46049,77.33384,4,50.0
873da1052ffffff,28.46049,77.33384,5,50.0
873da1052ffffff,28.46049,77.33384,6,50.0
873da1052ffffff,28.46049,77.33384,7,50.0
873da1052ffffff,28.46049,77.33384,8,50.0
873da1052ffffff,28.46049,77.33384,9,50.0
873da1052ffffff,28.46049,77.33384,10,50.0
873da1052ffffff,28.46049,77.33384,11,50.0
873da1052ffffff,28.46049,77.33384,12,50.0
873da1052ffffff,28.46049,77.33384,13,50.0
873da1052ffffff,28.46049,77.33384,14,50.0
873da1052ffffff,28.46049,77.33384,15,50.0
873da1052ffffff,28.46049,77.33384,16,50.0
873da1052ffffff,28.46049,77.33384,17,50.0
873da1052ffffff,28.46049,77.33384,18,50.0
873da1052ffffff,28.46049,77.33384,19,50.0
873da1052ffffff,28.46049,77.33384,20,50.0
873da1052ffffff,28.46049,77.33384,21,50.0
873da1052ffffff,28.46049,77.33384,22,50.0
873da1052ffffff,28.46049,77.33384,23,50.0
873da1052ffffff,28.46049,77.33384,24,50.0
873da1052ffffff,28.46049,77.33384,25,50.0
873da1052ffffff,28.46049,77.33384,26,50.0
873da1052ffffff,28.46049,77.33384,27,50.0
873da1052ffffff,28.46049,77.33384,28,50.0
873da1052ffffff,28.46049,77.33384,29,50.0
873da1052ffffff,28.46049,77.33384,30,50.0
873da1052ffffff,28.46049,77.33384,31,50.0
873da1052ffffff,28.46049,77.33384,32,50.0
873da1052ffffff,28.46049,77.33384,33,50.0
873da1052ffffff,28.46049,77.33384,34,50.0
873da1052ffffff,28.46049,77.33384,35,50.0
873da1052ffffff,28.46049,77.33384,36,50.0
873da1052ffffff,28.46049,77.33384,37,50.0
873da1052ffffff,28.46049,77.33384,38,50.0
873da1052ffffff,28.46049,77.33384,39,50.0
873da1052ffffff,28.46049,77.33384,40,50.0
873da1052ffffff,28.46049,77.33384,41,50.0
873da1054ffffff,28.49499,77.31629,0,50.0
873da1054ffffff,28.49499,77.31629,1,50.0
873da1054ffffff,28.49499,77.31629,2,50.0
873da1054ffffff,28.49499,77.31629,3,50.0
873da1054ffffff,28.49499,77.31629,4,50.0
873da1054ffffff,28.49499,77.31629,5,50.0
873da1054ffffff,28.49499,77.31629,6,50.0
873da1054ffffff,28.49499,77.31629,7,50.0
873da1054ffffff,28.49499,77.31629,8,50.0
873da1054ffffff,28.49499,77.31629,9,50.0
873da1054ffffff,28.49499,77.31629,10,50.0
873da1054ffffff,28.49499,77.31629,11,50.0
873da1054ffffff,28.49499,77.31629,12,50.0
873da1054ffffff,28.49499,77.31629,13,50.0
873da1054ffffff,28.49499,77.31629,14,50.0
873da1054ffffff,28.49499,77.31629,15,50.0
873da1054ffffff,28.49499,77.31629,16,50.0
873da1054ffffff,28.49499,77.31629,17,50.0
873da1054ffffff,28.49499,77.31629,18,50.0
873da1054ffffff,28.49499,77.31629,19,50.0
873da1054ffffff,28.49499,77.31629,20,50.0
873da1054ffffff,28.49499,77.31629,21,50.0
873da1054ffffff,28.49499,77.31629,22,50.0
873da1054ffffff,28.49499,77.31629,23,50.0
873da1054ffffff,28.49499,77.31629,24,50.0
873da1054ffffff,28.49499,77.31629,25,50.0
873da1054ffffff,28.49499,77.31629,26,50.0
873da1054ffffff,28.49499,77.31629,27,50.0
873da1054ffffff,28.49499,77.31629,28,50.0
873da1054ffffff,28.49499,77.31629,29,50.0
873da1054ffffff,28.49499,77.31629,30,50.0
873da1054ffffff,28.49499,77.31629,31,50.0
873da1054ffffff,28.49499,77.31629,32,50.0
873da1054ffffff,28.49499,77.31629,33,50.0
873da1054ffffff,28.49499,77.31629,34,50.0
873da1054ffffff,28.49499,77.31629,35,50.0
873da1054ffffff,28.49499,77.31629,36,50.0
873da1054ffffff,28.49499,77.31629,37,50.0
873da1054ffffff,28.49499,77.31629,38,50.0
873da1054ffffff,28.49499,77.31629,39,50.0
873da1054ffffff,28.49499,77.31629,40,50.0
873da1054ffffff,28.49499,77.31629,41,50.0
873da1055ffffff,28.50394,77.34025,0,50.0
873da1055ffffff,28.50394,77.34025,1,50.0
873da1055ffffff,28.50394,77.34025,2,50.0
873da1055ffffff,28.50394,77.34025,3,50.0
873da1055ffffff,28.50394,77.34025,4,50.0
873da1055ffffff,28.50394,77.34025,5,50.0
873da1055ffffff,28.50394,77.34025,6,50.0
873da1055ffffff,28.50394,77.34025,7,50.0
873da1055ffffff,28.50394,77.34025,8,50.0
873da1055ffffff,28.50394,77.34025,9,50.0
873da1055ffffff,28.50394,77.34025,10,50.0
873da1055ffffff,28.50394,77.34025,11,50.0
873da1055ffffff,28.50394,77.34025,12,50.0
873da1055ffffff,28.50394,77.34025,13,50.0
873da1055ffffff,28.50394,77.34025,14,50.0
873da1055ffffff,28.50394,77.34025,15,50.0
873da1055ffffff,28.50394,77.34025,16,50.0
873da1055ffffff,28.50394,77.34025,17,50.0
873da1055ffffff,28.50394,77.34025,18,50.0
873da1055ffffff,28.50394,77.34025,19,50.0
873da1055ffffff,28.50394,77.34025,20,50.0
873da1055ffffff,28.50394,77.34025,21,50.0
873da1055ffffff,28.50394,77.34025,22,50.0
873da1055ffffff,28.50394,77.34025,23,50.0
873da1055ffffff,28.50394,77.34025,24,50.0
873da1055ffffff,28.50394,77.34025,25,50.0
873da1055ffffff,28.50394,77.34025,26,50.0
873da1055ffffff,28.50394,77.34025,27,50.0
873da1055ffffff,28.50394,77.34025,28,50.0
873da1055ffffff,28.50394,77.34025,29,50.0
873da1055ffffff,28.50394,77.34025,30,50.0
873da1055ffffff,28.50394,77.34025,31,50.0
873da1055ffffff,28.50394,77.34025,32,50.0
873da1055ffffff,28.50394,77.34025,33,50.0
873da1055ffffff,28.50394,77.34025,34,50.0
873da1055ffffff,28.50394,77.34025,35,50.0
873da1055ffffff,28.50394,77.34025,36,50.0
873da1055ffffff,28.50394,77.34025,37,50.0
873da1055ffffff,28.50394,77.34025,38,50.0
873da1055ffffff,28.50394,77.34025,39,50.0
873da1055ffffff,28.50394,77.34025,40,50.0
873da1055ffffff,28.50394,77.34025,41,50.0
873da1056ffffff,28.47326,77.31309,0,50.0
873da1056ffffff,28.47326,77.31309,1,50.0
873da1056ffffff,28.47326,77.31309,2,50.0
873da1056ffffff,28.47326,77.31309,3,50.0
873da1056ffffff,28.47326,77.31309,4,50.0
873da1056ffffff,28.47326,77.31309,5,50.0
873da1056ffffff,28.47326,77.31309,6,50.0
873da1056ffffff,28.47326,77.31309,7,50.0
873da1056ffffff,28.47326,77.31309,8,50.0
873da1056ffffff,28.47326,77.31309,9,50.0
873da1056ffffff,28.47326,77.31309,10,50.0
873da1056ffffff,28.47326,77.31309,11,50.0
873da1056ffffff,28.47326,77.31309,12,50.0
873da1056ffffff,28.47326,77.31309,13,50.0
873da1056ffffff,28.47326,77.31309,14,50.0
873da1056ffffff,28.47326,77.31309,15,50.0
873da1056ffffff,28.47326,77.31309,16,50.0
873da1056ffffff,28.47326,77.31309,17,50.0
873da1056ffffff,28.47326,77.31309,18,50.0
873da1056ffffff,28.47326,77.31309,19,50.0
873da1056ffffff,28.47326,77.31309,20,50.0
873da1056ffffff,28.47326,77.31309,21,50.0
873da1056ffffff,28.47326,77.31309,22,50.0
873da1056ffffff,28.47326,77.31309,23,50.0
873da1056ffffff,28.47326,77.31309,24,50.0
873da1056ffffff,28.47326,77.31309,25,50.0
873da1056ffffff,28.47326,77.31309,26,50.0
873da1056ffffff,28.47326,77.31309,27,50.0
873da1056ffffff,28.47326,77.31309,28,50.0
873da1056ffffff,28.47326,77.31309,29,50.0
873da1056ffffff,28.47326,77.31309,30,50.0
873da1056ffffff,28.47326,77.31309,31,50.0
873da1056ffffff,28.47326,77.31309,32,50.0
873da1056ffffff,28.47326,77.31309,33,50.0
873da1056ffffff,28.47326,77.31309,34,50.0
873da1056ffffff,28.47326,77.31309,35,50.0
873da1056ffffff,28.47326,77.31309,36,50.0
873da1056ffffff,28.47326,77.31309,37,50.0
873da1056ffffff,28.47326,77.31309,38,50.0
873da1056ffffff,28.47326,77.31309,39,50.0
873da1056ffffff,28.47326,77.31309,40,50.0
873da1056ffffff,28.47326,77.31309,41,50.0
873da1060ffffff,28.58194,77.32911,0,50.0
873da1060ffffff,28.58194,77.32911,1,50.0
873da1060ffffff,28.58194,77.32911,2,50.0
873da1060ffffff,28.58194,77.32911,3,50.0
873da1060ffffff,28.58194,77.32911,4,50.0
873da1060ffffff,28.58194,77.32911,5,50.0
873da1060ffffff,28.58194,77.32911,6,50.0
873da1060ffffff,28.58194,77.32911,7,50.0
873da1060ffffff,28.58194,77.32911,8,50.0
873da1060ffffff,28.58194,77.32911,9,50.0
873da1060ffffff,28.58194,77.32911,10,50.0
873da1060ffffff,28.58194,77.32911,11,50.0
873da1060ffffff,28.58194,77.32911,12,50.0
873da1060ffffff,28.58194,77.32911,13,50.0
873da1060ffffff,28.58194,77.32911,14,50.0
873da1060ffffff,28.58194,77.32911,15,50.0
873da1060ffffff,28.58194,77.32911,16,50.0
873da1060ffffff,28.58194,77.32911,17,50.0
873da1060ffffff,28.58194,77.32911,18,50.0
873da1060ffffff,28.58194,77.32911,19,50.0
873da1060ffffff,28.58194,77.32911,20,50.0
873da1060ffffff,28.58194,77.32911,21,50.0
873da1060ffffff,28.58194,77.32911,22,50.0
873da1060ffffff,28.58194,77.32911,23,50.0
873da1060ffffff,28.58194,77.32911,24,50.0
873da1060ffffff,28.58194,77.32911,25,50.0
873da1060ffffff,28.58194,77.32911,26,50.0
873da1060ffffff,28.58194,77.32911,27,50.0
873da1060ffffff,28.58194,77.32911,28,50.0
873da1060ffffff,28.58194,77.32911,29,50.0
873da1060ffffff,28.58194,77.32911,30,50.0
873da1060ffffff,28.58194,77.32911,31,50.0
873da1060ffffff,28.58194,77.32911,32,50.0
873da1060ffffff,28.58194,77.32911,33,50.0
873da1060ffffff,28.58194,77.32911,34,50.0
873da1060ffffff,28.58194,77.32911,35,50.0
873da1060ffffff,28.58194,77.32911,36,50.0
873da1060ffffff,28.58194,77.32911,37,50.0
873da1060ffffff,28.58194,77.32911,38,50.0
873da1060ffffff,28.58194,77.32911,39,50.0
873da1060ffffff,28.58194,77.32911,40,50.0
873da1060ffffff,28.58194,77.32911,41,50.0
873da1062ffffff,28.56019,77.32590,0,50.0
873da1062ffffff,28.56019,77.32590,1,50.0
873da1062ffffff,28.56019,77.32590,2,50.0
873da1062ffffff,28.56019,77.32590,3,50.0
873da1062ffffff,28.56019,77.32590,4,50.0
873da1062ffffff,28.56019,77.32590,5,50.0
873da1062ffffff,28.56019,77.32590,6,50.0
873da1062ffffff,28.56019,77.32590,7,50.0
873da1062ffffff,28.56019,77.32590,8,50.0
873da1062ffffff,28.56019,77.32590,9,50.0
873da1062ffffff,28.56019,77.32590,10,50.0
873da1062ffffff,28.56019,77.32590,11,50.0
873da1062ffffff,28.56019,77.32590,12,50.0
873da1062ffffff,28.56019,77.32590,13,50.0
873da1062ffffff,28.56019,77.32590,14,50.0
873da1062ffffff,28.56019,77.32590,15,50.0
873da1062ffffff,28.56019,77.32590,16,50.0
873da1062ffffff,28.56019,77.32590,17,50.0
873da1062ffffff,28.56019,77.32590,18,50.0
873da1062ffffff,28.56019,77.32590,19,50.0
873da1062ffffff,28.56019,77.32590,20,50.0
873da1062ffffff,28.56019,77.32590,21,50.0
873da1062ffffff,28.56019,77.32590,22,50.0
873da1062ffffff,28.56019,77.32590,23,50.0
873da1062ffffff,28.56019,77.32590,24,50.0
873da1062ffffff,28.56019,77.32590,25,50.0
873da1062ffffff,28.56019,77.32590,26,50.0
873da1062ffffff,28.56019,77.32590,27,50.0
873da1062ffffff,28.56019,77.32590,28,50.0
873da1062ffffff,28.56019,77.32590,29,50.0
873da1062ffffff,28.56019,77.32590,30,50.0
873da1062ffffff,28.56019,77.32590,31,50.0
873da1062ffffff,28.56019,77.32590,32,50.0
873da1062ffffff,28.56019,77.32590,33,50.0
873da1062ffffff,28.56019,77.32590,34,50.0
873da1062ffffff,28.56019,77.32590,35,50.0
873da1062ffffff,28.56019,77.32590,36,50.0
873da1062ffffff,28.56019,77.32590,37,50.0
873da1062ffffff,28.56019,77.32590,38,50.0
873da1062ffffff,28.56019,77.32590,39,50.0
873da1062ffffff,28.56019,77.32590,40,50.0
873da1062ffffff,28.56019,77.32590,41,50.0
873da1063ffffff,28.56915,77.34988,0,50.0
873da1063ffffff,28.56915,77.34988,1,50.0
873da1063ffffff,28.56915,77.34988,2,50.0
873da1063ffffff,28.56915,77.34988,3,50.0
873da1063ffffff,28.56915,77.34988,4,50.0
873da1063ffffff,28.56915,77.34988,5,50.0
873da1063ffffff,28.56915,77.34988,6,50.0
873da1063ffffff,28.56915,77.34988,7,50.0
873da1063ffffff,28.56915,77.34988,8,50.0
873da1063ffffff,28.56915,77.34988,9,50.0
873da1063ffffff,28.56915,77.34988,10,50.0
873da1063ffffff,28.56915,77.34988,11,50.0
873da1063ffffff,28.56915,77.34988,12,50.0
873da1063ffffff,28.56915,77.34988,13,50.0
873da1063ffffff,28.56915,77.34988,14,50.0
873da1063ffffff,28.56915,77.34988,15,50.0
873da1063ffffff,28.56915,77.34988,16,50.0
873da1063ffffff,28.56915,77.34988,17,50.0
873da1063ffffff,28.56915,77.34988,18,50.0
873da1063ffffff,28.56915,77.34988,19,50.0
873da1063ffffff,28.56915,77.34988,20,50.0
873da1063ffffff,28.56915,77.34988,21,50.0
873da1063ffffff,28.56915,77.34988,22,50.0
873da1063ffffff,28.56915,77.34988,23,50.0
873da1063ffffff,28.56915,77.34988,24,50.0
873da1063ffffff,28.56915,77.34988,25,50.0
873da1063ffffff,28.56915,77.34988,26,50.0
873da1063ffffff,28.56915,77.34988,27,50.0
873da1063ffffff,28.56915,77.34988,28,50.0
873da1063ffffff,28.56915,77.34988,29,50.0
873da1063ffffff,28.56915,77.34988,30,50.0
873da1063ffffff,28.56915,77.34988,31,50.0
873da1063ffffff,28.56915,77.34988,32,50.0
873da1063ffffff,28.56915,77.34988,33,50.0
873da1063ffffff,28.56915,77.34988,34,50.0
873da1063ffffff,28.56915,77.34988,35,50.0
873da1063ffffff,28.56915,77.34988,36,50.0
873da1063ffffff,28.56915,77.34988,37,50.0
873da1063ffffff,28.56915,77.34988,38,50.0
873da1063ffffff,28.56915,77.34988,39,50.0
873da1063ffffff,28.56915,77.34988,40,50.0
873da1063ffffff,28.56915,77.34988,41,50.0
873da1064ffffff,28.59473,77.30832,0,50.0
873da1064ffffff,28.59473,77.30832,1,50.0
873da1064ffffff,28.59473,77.30832,2,50.0
873da1064ffffff,28.59473,77.30832,3,50.0
873da1064ffffff,28.59473,77.30832,4,50.0
873da1064ffffff,28.59473,77.30832,5,50.0
873da1064ffffff,28.59473,77.30832,6,50.0
873da1064ffffff,28.59473,77.30832,7,50.0
873da1064ffffff,28.59473,77.30832,8,50.0
873da1064ffffff,28.59473,77.30832,9,50.0
873da1064ffffff,28.59473,77.30832,10,50.0
873da1064ffffff,28.59473,77.30832,11,50.0
873da1064ffffff,28.59473,77.30832,12,50.0
873da1064ffffff,28.59473,77.30832,13,50.0
873da1064ffffff,28.59473,77.30832,14,50.0
873da1064ffffff,28.59473,77.30832,15,50.0
873da1064ffffff,28.59473,77.30832,16,50.0
873da1064ffffff,28.59473,77.30832,17,50.0
873da1064ffffff,28.59473,77.30832,18,50.0
873da1064ffffff,28.59473,77.30832,19,50.0
873da1064ffffff,28.59473,77.30832,20,50.0
873da1064ffffff,28.59473,77.30832,21,50.0
873da1064ffffff,28.59473,77.30832,22,50.0
873da1064ffffff,28.59473,77.30832,23,50.0
873da1064ffffff,28.59473,77.30832,24,50.0
873da1064ffffff,28.59473,77.30832,25,50.0
873da1064ffffff,28.59473,77.30832,26,50.0
873da1064ffffff,28.59473,77.30832,27,50.0
873da1064ffffff,28.59473,77.30832,28,50.0
873da1064ffffff,28.59473,77.30832,29,50.0
873da1064ffffff,28.59473,77.30832,30,50.0
873da1064ffffff,28.59473,77.30832,31,50.0
873da1064ffffff,28.59473,77.30832,32,50.0
873da1064ffffff,28.59473,77.30832,33,50.0
873da1064ffffff,28.59473,77.30832,34,50.0
873da1064ffffff,28.59473,77.30832,35,50.0
873da1064ffffff,28.59473,77.30832,36,50.0
873da1064ffffff,28.59473,77.30832,37,50.0
873da1064ffffff,28.59473,77.30832,38,50.0
873da1064ffffff,28.59473,77.30832,39,50.0
873da1064ffffff,28.59473,77.30832,40,50.0
873da1064ffffff,28.59473,77.30832,41,50.0
873da1065ffffff,28.60369,77.33232,0,50.0
873da1065ffffff,28.60369,77.33232,1,50.0
873da1065ffffff,28.60369,77.33232,2,50.0
873da1065ffffff,28.60369,77.33232,3,50.0
873da1065ffffff,28.60369,77.33232,4,50.0
873da1065ffffff,28.60369,77.33232,5,50.0
873da1065ffffff,28.60369,77.33232,6,50.0
873da1065ffffff,28.60369,77.33232,7,50.0
873da1065ffffff,28.60369,77.33232,8,50.0
873da1065ffffff,28.60369,77.33232,9,50.0
873da1065ffffff,28.60369,77.33232,10,50.0
873da1065ffffff,28.60369,77.33232,11,50.0
873da1065ffffff,28.60369,77.33232,12,50.0
873da1065ffffff,28.60369,77.33232,13,50.0
873da1065ffffff,28.60369,77.33232,14,50.0
873da1065ffffff,28.60369,77.33232,15,50.0
873da1065ffffff,28.60369,77.33232,16,50.0
873da1065ffffff,28.60369,77.33232,17,50.0
873da1065ffffff,28.60369,77.33232,18,50.0
873da1065ffffff,28.60369,77.33232,19,50.0
873da1065ffffff,28.60369,77.33232,20,50.0
873da1065ffffff,28.60369,77.33232,21,50.0
873da1065ffffff,28.60369,77.33232,22,50.0
873da1065ffffff,28.60369,77.33232,23,50.0
873da1065ffffff,28.60369,77.33232,24,50.0
873da1065ffffff,28.60369,77.33232,25,50.0
873da1065ffffff,28.60369,77.33232,26,50.0
873da1065ffffff,28.60369,77.33232,27,50.0
873da1065ffffff,28.60369,77.33232,28,50.0
873da1065ffffff,28.60369,77.33232,29,50.0
873da1065ffffff,28.60369,77.33232,30,50.0
873da1065ffffff,28.60369,77.33232,31,50.0
873da1065ffffff,28.60369,77.33232,32,50.0
873da1065ffffff,28.60369,77.33232,33,50.0
873da1065ffffff,28.60369,77.33232,34,50.0
873da1065ffffff,28.60369,77.33232,35,50.0
873da1065ffffff,28.60369,77.33232,36,50.0
873da1065ffffff,28.60369,77.33232,37,50.0
873da1065ffffff,28.60369,77.33232,38,50.0
873da1065ffffff,28.60369,77.33232,39,50.0
873da1065ffffff,28.60369,77.33232,40,50.0
873da1065ffffff,28.60369,77.33232,41,50.0
873da1066ffffff,28.57298,77.30512,0,50.0
873da1066ffffff,28.57298,77.30512,1,50.0
873da1066ffffff,28.57298,77.30512,2,50.0
873da1066ffffff,28.57298,77.30512,3,50.0
873da1066ffffff,28.57298,77.30512,4,50.0
873da1066ffffff,28.57298,77.30512,5,50.0
873da1066ffffff,28.57298,77.30512,6,50.0
873da1066ffffff,28.57298,77.30512,7,50.0
873da1066ffffff,28.57298,77.30512,8,50.0
873da1066ffffff,28.57298,77.30512,9,50.0
873da1066ffffff,28.57298,77.30512,10,50.0
873da1066ffffff,28.57298,77.30512,11,50.0
873da1066ffffff,28.57298,77.30512,12,50.0
873da1066ffffff,28.57298,77.30512,13,50.0
873da1066ffffff,28.57298,77.30512,14,50.0
873da1066ffffff,28.57298,77.30512,15,50.0
873da1066ffffff,28.57298,77.30512,16,50.0
873da1066ffffff,28.57298,77.30512,17,50.0
873da1066ffffff,28.57298,77.30512,18,50.0
873da1066ffffff,28.57298,77.30512,19,50.0
873da1066ffffff,28.57298,77.30512,20,50.0
873da1066ffffff,28.57298,77.30512,21,50.0
873da1066ffffff,28.57298,77.30512,22,50.0
873da1066ffffff,28.57298,77.30512,23,50.0
873da1066ffffff,28.57298,77.30512,24,50.0
873da1066ffffff,28.57298,77.30512,25,50.0
873da1066ffffff,28.57298,77.30512,26,50.0
873da1066ffffff,28.57298,77.30512,27,50.0
873da1066ffffff,28.57298,77.30512,28,50.0
873da1066ffffff,28.57298,77.30512,29,50.0
873da1066ffffff,28.57298,77.30512,30,50.0
873da1066ffffff,28.57298,77.30512,31,50.0
873da1066ffffff,28.57298,77.30512,32,50.0
873da1066ffffff,28.57298,77.30512,33,50.0
873da1066ffffff,28.57298,77.30512,34,50.0
873da1066ffffff,28.57298,77.30512,35,50.0
873da1066ffffff,28.57298,77.30512,36,50.0
873da1066ffffff,28.57298,77.30512,37,50.0
873da1066ffffff,28.57298,77.30512,38,50.0
873da1066ffffff,28.57298,77.30512,39,50.0
873da1066ffffff,28.57298,77.30512,40,50.0
873da1066ffffff,28.57298,77.30512,41,50.0
873da1070ffffff,28.52949,77.29872,0,50.0
873da1070ffffff,28.52949,77.29872,1,50.0
873da1070ffffff,28.52949,77.29872,2,50.0
873da1070ffffff,28.52949,77.29872,3,50.0
873da1070ffffff,28.52949,77.29872,4,50.0
873da1070ffffff,28.52949,77.29872,5,50.0
873da1070ffffff,28.52949,77.29872,6,50.0
873da1070ffffff,28.52949,77.29872,7,50.0
873da1070ffffff,28.52949,77.29872,8,50.0
873da1070ffffff,28.52949,77.29872,9,50.0
873da1070ffffff,28.52949,77.29872,10,50.0
873da1070ffffff,28.52949,77.29872,11,50.0
873da1070ffffff,28.52949,77.29872,12,50.0
873da1070ffffff,28.52949,77.29872,13,50.0
873da1070ffffff,28.52949,77.29872,14,50.0
873da1070ffffff,28.52949,77.29872,15,50.0
873da1070ffffff,28.52949,77.29872,16,50.0
873da1070ffffff,28.52949,77.29872,17,50.0
873da1070ffffff,28.52949,77.29872,18,50.0
873da1070ffffff,28.52949,77.29872,19,50.0
873da1070ffffff,28.52949,77.29872,20,50.0
873da1070ffffff,28.52949,77.29872,21,50.0
873da1070ffffff,28.52949,77.29872,22,50.0
873da1070ffffff,28.52949,77.29872,23,50.0
873da1070ffffff,28.52949,77.29872,24,50.0
873da1070ffffff,28.52949,77.29872,25,50.0
873da1070ffffff,28.52949,77.29872,26,50.0
873da1070ffffff,28.52949,77.29872,27,50.0
873da1070ffffff,28.52949,77.29872,28,50.0
873da1070ffffff,28.52949,77.29872,29,50.0
873da1070ffffff,28.52949,77.29872,30,50.0
873da1070ffffff,28.52949,77.29872,31,50.0
873da1070ffffff,28.52949,77.29872,32,50.0
873da1070ffffff,28.52949,77.29872,33,50.0
873da1070ffffff,28.52949,77.29872,34,50.0
873da1070ffffff,28.52949,77.29872,35,50.0
873da1070ffffff,28.52949,77.29872,36,50.0
873da1070ffffff,28.52949,77.29872,37,50.0
873da1070ffffff,28.52949,77.29872,38,50.0
873da1070ffffff,28.52949,77.29872,39,50.0
873da1070ffffff,28.52949,77.29872,40,50.0
873da1070ffffff,28.52949,77.29872,41,50.0
873da1071ffffff,28.53845,77.32269,0,50.0
873da1071ffffff,28.53845,77.32269,1,50.0
873da1071ffffff,28.53845,77.32269,2,50.0
873da1071ffffff,28.53845,77.32269,3,50.0
873da1071ffffff,28.53845,77.32269,4,50.0
873da1071ffffff,28.53845,77.32269,5,50.0
873da1071ffffff,28.53845,77.32269,6,50.0
873da1071ffffff,28.53845,77.32269,7,50.0
873da1071ffffff,28.53845,77.32269,8,50.0
873da1071ffffff,28.53845,77.32269,9,50.0
873da1071ffffff,28.53845,77.32269,10,50.0
873da1071ffffff,28.53845,77.32269,11,50.0
873da1071ffffff,28.53845,77.32269,12,50.0
873da1071ffffff,28.53845,77.32269,13,50.0
873da1071ffffff,28.53845,77.32269,14,50.0
873da1071ffffff,28.53845,77.32269,15,50.0
873da1071ffffff,28.53845,77.32269,16,50.0
873da1071ffffff,28.53845,77.32269,17,50.0
873da1071ffffff,28.53845,77.32269,18,50.0
873da1071ffffff,28.53845,77.32269,19,50.0
873da1071ffffff,28.53845,77.32269,20,50.0
873da1071ffffff,28.53845,77.32269,21,50.0
873da1071ffffff,28.53845,77.32269,22,50.0
873da1071ffffff,28.53845,77.32269,23,50.0
873da1071ffffff,28.53845,77.32269,24,50.0
873da1071ffffff,28.53845,77.32269,25,50.0
873da1071ffffff,28.53845,77.32269,26,50.0
873da1071ffffff,28.53845,77.32269,27,50.0
873da1071ffffff,28.53845,77.32269,28,50.0
873da1071ffffff,28.53845,77.32269,29,50.0
873da1071ffffff,28.53845,77.32269,30,50.0
873da1071ffffff,28.53845,77.32269,31,50.0
873da1071ffffff,28.53845,77.32269,32,50.0
873da1071ffffff,28.53845,77.32269,33,50.0
873da1071ffffff,28.53845,77.32269,34,50.0
873da1071ffffff,28.53845,77.32269,35,50.0
873da1071ffffff,28.53845,77.32269,36,50.0
873da1071ffffff,28.53845,77.32269,37,50.0
873da1071ffffff,28.53845,77.32269,38,50.0
873da1071ffffff,28.53845,77.32269,39,50.0
873da1071ffffff,28.53845,77.32269,40,50.0
873da1071ffffff,28.53845,77.32269,41,50.0
873da1072ffffff,28.50776,77.29553,0,50.0
873da1072ffffff,28.50776,77.29553,1,50.0
873da1072ffffff,28.50776,77.29553,2,50.0
873da1072ffffff,28.50776,77.29553,3,50.0
873da1072ffffff,28.50776,77.29553,4,50.0
873da1072ffffff,28.50776,77.29553,5,50.0
873da1072ffffff,28.50776,77.29553,6,50.0
873da1072ffffff,28.50776,77.29553,7,50.0
873da1072ffffff,28.50776,77.29553,8,50.0
873da1072ffffff,28.50776,77.29553,9,50.0
873da1072ffffff,28.50776,77.29553,10,50.0
873da1072ffffff,28.50776,77.29553,11,50.0
873da1072ffffff,28.50776,77.29553,12,50.0
873da1072ffffff,28.50776,77.29553,13,50.0
873da1072ffffff,28.50776,77.29553,14,50.0
873da1072ffffff,28.50776,77.29553,15,50.0
873da1072ffffff,28.50776,77.29553,16,50.0
873da1072ffffff,28.50776,77.29553,17,50.0
873da1072ffffff,28.50776,77.29553,18,50.0
873da1072ffffff,28.50776,77.29553,19,50.0
873da1072ffffff,28.50776,77.29553,20,50.0
873da1072ffffff,28.50776,77.29553,21,50.0
873da1072ffffff,28.50776,77.29553,22,50.0
873da1072ffffff,28.50776,77.29553,23,50.0
873da1072ffffff,28.50776,77.29553,24,50.0
873da1072ffffff,28.50776,77.29553,25,50.0
873da1072ffffff,28.50776,77.29553,26,50.0
873da1072ffffff,28.50776,77.29553,27,50.0
873da1072ffffff,28.50776,77.29553,28,50.0
873da1072ffffff,28.50776,77.29553,29,50.0
873da1072ffffff,28.50776,77.29553,30,50.0
873da1072ffffff,28.50776,77.29553,31,50.0
873da1072ffffff,28.50776,77.29553,32,50.0
873da1072ffffff,28.50776,77.29553,33,50.0
873da1072ffffff,28.50776,77.29553,34,50.0
873da1072ffffff,28.50776,77.29553,35,50.0
873da1072ffffff,28.50776,77.29553,36,50.0
873da1072ffffff,28.50776,77.29553,37,50.0
873da1072ffffff,28.50776,77.29553,38,50.0
873da1072ffffff,28.50776,77.29553,39,50.0
873da1072ffffff,28.50776,77.29553,40,50.0
873da1072ffffff,28.50776,77.29553,41,50.0
873da1073ffffff,28.51672,77.31949,0,50.0
873da1073ffffff,28.51672,77.31949,1,50.0
873da1073ffffff,28.51672,77.31949,2,50.0
873da1073ffffff,28.51672,77.31949,3,50.0
873da1073ffffff,28.51672,77.31949,4,50.0
873da1073ffffff,28.51672,77.31949,5,50.0
873da1073ffffff,28.51672,77.31949,6,50.0
873da1073ffffff,28.51672,77.31949,7,50.0
873da1073ffffff,28.51672,77.31949,8,50.0
873da1073ffffff,28.51672,77.31949,9,50.0
873da1073ffffff,28.51672,77.31949,10,50.0
873da1073ffffff,28.51672,77.31949,11,50.0
873da1073ffffff,28.51672,77.31949,12,50.0
873da1073ffffff,28.51672,77.31949,13,50.0
873da1073ffffff,28.51672,77.31949,14,50.0
873da1073ffffff,28.51672,77.31949,15,50.0
873da1073ffffff,28.51672,77.31949,16,50.0
873da1073ffffff,28.51672,77.31949,17,50.0
873da1073ffffff,28.51672,77.31949,18,50.0
873da1073ffffff,28.51672,77.31949,19,50.0
873da1073ffffff,28.51672,77.31949,20,50.0
873da1073ffffff,28.51672,77.31949,21,50.0
873da1073ffffff,28.51672,77.31949,22,50.0
873da1073ffffff,28.51672,77.31949,23,50.0
873da1073ffffff,28.51672,77.31949,24,50.0
873da1073ffffff,28.51672,77.31949,25,50.0
873da1073ffffff,28.51672,77.31949,26,50.0
873da1073ffffff,28.51672,77.31949,27,50.0
873da1073ffffff,28.51672,77.31949,28,50.0
873da1073ffffff,28.51672,77.31949,29,50.0
873da1073ffffff,28.51672,77.31949,30,50.0
873da1073ffffff,28.51672,77.31949,31,50.0
873da1073ffffff,28.51672,77.31949,32,50.0
873da1073ffffff,28.51672,77.31949,33,50.0
873da1073ffffff,28.51672,77.31949,34,50.0
873da1073ffffff,28.51672,77.31949,35,50.0
873da1073ffffff,28.51672,77.31949,36,50.0
873da1073ffffff,28.51672,77.31949,37,50.0
873da1073ffffff,28.51672,77.31949,38,50.0
873da1073ffffff,28.51672,77.31949,39,50.0
873da1073ffffff,28.51672,77.31949,40,50.0
873da1073ffffff,28.51672,77.31949,41,50.0
873da1074ffffff,28.54227,77.27794,0,50.0
873da1074ffffff,28.54227,77.27794,1,50.0
873da1074ffffff,28.54227,77.27794,2,50.0
873da1074ffffff,28.54227,77.27794,3,50.0
873da1074ffffff,28.54227,77.27794,4,50.0
873da1074ffffff,28.54227,77.27794,5,50.0
873da1074ffffff,28.54227,77.27794,6,50.0
873da1074ffffff,28.54227,77.27794,7,50.0
873da1074ffffff,28.54227,77.27794,8,50.0
873da1074ffffff,28.54227,77.27794,9,50.0
873da1074ffffff,28.54227,77.27794,10,50.0
873da1074ffffff,28.54227,77.27794,11,50.0
873da1074ffffff,28.54227,77.27794,12,50.0
873da1074ffffff,28.54227,77.27794,13,50.0
873da1074ffffff,28.54227,77.27794,14,50.0
873da1074ffffff,28.54227,77.27794,15,50.0
873da1074ffffff,28.54227,77.27794,16,50.0
873da1074ffffff,28.54227,77.27794,17,50.0
873da1074ffffff,28.54227,77.27794,18,50.0
873da1074ffffff,28.54227,77.27794,19,50.0
873da1074ffffff,28.54227,77.27794,20,50.0
873da1074ffffff,28.54227,77.27794,21,50.0
873da1074ffffff,28.54227,77.27794,22,50.0
873da1074ffffff,28.54227,77.27794,23,50.0
873da1074ffffff,28.54227,77.27794,24,50.0
873da1074ffffff,28.54227,77.27794,25,50.0
873da1074ffffff,28.54227,77.27794,26,50.0
873da1074ffffff,28.54227,77.27794,27,50.0
873da1074ffffff,28.54227,77.27794,28,50.0
873da1074ffffff,28.54227,77.27794,29,50.0
873da1074ffffff,28.54227,77.27794,30,50.0
873da1074ffffff,28.54227,77.27794,31,50.0
873da1074ffffff,28.54227,77.27794,32,50.0
873da1074ffffff,28.54227,77.27794,33,50.0
873da1074ffffff,28.54227,77.27794,34,50.0
873da1074ffffff,28.54227,77.27794,35,50.0
873da1074ffffff,28.54227,77.27794,36,50.0
873da1074ffffff,28.54227,77.27794,37,50.0
873da1074ffffff,28.54227,77.27794,38,50.0
873da1074ffffff,28.54227,77.27794,39,50.0
873da1074ffffff,28.54227,77.27794,40,50.0
873da1074ffffff,28.54227,77.27794,41,50.0
873da1075ffffff,28.55123,77.30192,0,50.0
873da1075ffffff,28.55123,77.30192,1,50.0
873da1075ffffff,28.55123,77.30192,2,50.0
873da1075ffffff,28.55123,77.30192,3,50.0
873da1075ffffff,28.55123,77.30192,4,50.0
873da1075ffffff,28.55123,77.30192,5,50.0
873da1075ffffff,28.55123,77.30192,6,50.0
873da1075ffffff,28.55123,77.30192,7,50.0
873da1075ffffff,28.55123,77.30192,8,50.0
873da1075ffffff,28.55123,77.30192,9,50.0
873da1075ffffff,28.55123,77.30192,10,50.0
873da1075ffffff,28.55123,77.30192,11,50.0
873da1075ffffff,28.55123,77.30192,12,50.0
873da1075ffffff,28.55123,77.30192,13,50.0
873da1075ffffff,28.55123,77.30192,14,50.0
873da1075ffffff,28.55123,77.30192,15,50.0
873da1075ffffff,28.55123,77.30192,16,50.0
873da1075ffffff,28.55123,77.30192,17,50.0
873da1075ffffff,28.55123,77.30192,18,50.0
873da1075ffffff,28.55123,77.30192,19,50.0
873da1075ffffff,28.55123,77.30192,20,50.0
873da1075ffffff,28.55123,77.30192,21,50.0
873da1075ffffff,28.55123,77.30192,22,50.0
873da1075ffffff,28.55123,77.30192,23,50.0
873da1075ffffff,28.55123,77.30192,24,50.0
873da1075ffffff,28.55123,77.30192,25,50.0
873da1075ffffff,28.55123,77.30192,26,50.0
873da1075ffffff,28.55123,77.30192,27,50.0
873da1075ffffff,28.55123,77.30192,28,50.0
873da1075ffffff,28.55123,77.30192,29,50.0
873da1075ffffff,28.55123,77.30192,30,50.0
873da1075ffffff,28.55123,77.30192,31,50.0
873da1075ffffff,28.55123,77.30192,32,50.0
873da1075ffffff,28.55123,77.30192,33,50.0
873da1075ffffff,28.55123,77.30192,34,50.0
873da1075ffffff,28.55123,77.30192,35,50.0
873da1075ffffff,28.55123,77.30192,36,50.0
873da1075ffffff,28.55123,77.30192,37,50.0
873da1075ffffff,28.55123,77.30192,38,50.0
873da1075ffffff,28.55123,77.30192,39,50.0
873da1075ffffff,28.55123,77.30192,40,50.0
873da1075ffffff,28.55123,77.30192,41,50.0
873da1076ffffff,28.52053,77.27476,0,50.0
873da1076ffffff,28.52053,77.27476,1,50.0
873da1076ffffff,28.52053,77.27476,2,50.0
873da1076ffffff,28.52053,77.27476,3,50.0
873da1076ffffff,28.52053,77.27476,4,50.0
873da1076ffffff,28.52053,77.27476,5,50.0
873da1076ffffff,28.52053,77.27476,6,50.0
873da1076ffffff,28.52053,77.27476,7,50.0
873da1076ffffff,28.52053,77.27476,8,50.0
873da1076ffffff,28.52053,77.27476,9,50.0
873da1076ffffff,28.52053,77.27476,10,50.0
873da1076ffffff,28.52053,77.27476,11,50.0
873da1076ffffff,28.52053,77.27476,12,50.0
873da1076ffffff,28.52053,77.27476,13,50.0
873da1076ffffff,28.52053,77.27476,14,50.0
873da1076ffffff,28.52053,77.27476,15,50.0
873da1076ffffff,28.52053,77.27476,16,50.0
873da1076ffffff,28.52053,77.27476,17,50.0
873da1076ffffff,28.52053,77.27476,18,50.0
873da1076ffffff,28.52053,77.27476,19,50.0
873da1076ffffff,28.52053,77.27476,20,50.0
873da1076ffffff,28.52053,77.27476,21,50.0
873da1076ffffff,28.52053,77.27476,22,50.0
873da1076ffffff,28.52053,77.27476,23,50.0
873da1076ffffff,28.52053,77.27476,24,50.0
873da1076ffffff,28.52053,77.27476,25,50.0
873da1076ffffff,28.52053,77.27476,26,50.0
873da1076ffffff,28.52053,77.27476,27,50.0
873da1076ffffff,28.52053,77.27476,28,50.0
873da1076ffffff,28.52053,77.27476,29,50.0
873da1076ffffff,28.52053,77.27476,30,50.0
873da1076ffffff,28.52053,77.27476,31,50.0
873da1076ffffff,28.52053,77.27476,32,50.0
873da1076ffffff,28.52053,77.27476,33,50.0
873da1076ffffff,28.52053,77.27476,34,50.0
873da1076ffffff,28.52053,77.27476,35,50.0
873da1076ffffff,28.52053,77.27476,36,50.0
873da1076ffffff,28.52053,77.27476,37,50.0
873da1076ffffff,28.52053,77.27476,38,50.0
873da1076ffffff,28.52053,77.27476,39,50.0
873da1076ffffff,28.52053,77.27476,40,50.0
873da1076ffffff,28.52053,77.27476,41,50.0
873da10e5ffffff,28.45154,77.30989,0,50.0
873da10e5ffffff,28.45154,77.30989,1,50.0
873da10e5ffffff,28.45154,77.30989,2,50.0
873da10e5ffffff,28.45154,77.30989,3,50.0
873da10e5ffffff,28.45154,77.30989,4,50.0
873da10e5ffffff,28.45154,77.30989,5,50.0
873da10e5ffffff,28.45154,77.30989,6,50.0
873da10e5ffffff,28.45154,77.30989,7,50.0
873da10e5ffffff,28.45154,77.30989,8,50.0
873da10e5ffffff,28.45154,77.30989,9,50.0
873da10e5ffffff,28.45154,77.30989,10,50.0
873da10e5ffffff,28.45154,77.30989,11,50.0
873da10e5ffffff,28.45154,77.30989,12,50.0
873da10e5ffffff,28.45154,77.30989,13,50.0
873da10e5ffffff,28.45154,77.30989,14,50.0
873da10e5ffffff,28.45154,77.30989,15,50.0
873da10e5ffffff,28.45154,77.30989,16,50.0
873da10e5ffffff,28.45154,77.30989,17,50.0
873da10e5ffffff,28.45154,77.30989,18,50.0
873da10e5ffffff,28.45154,77.30989,19,50.0
873da10e5ffffff,28.45154,77.30989,20,50.0
873da10e5ffffff,28.45154,77.30989,21,50.0
873da10e5ffffff,28.45154,77.30989,22,50.0
873da10e5ffffff,28.45154,77.30989,23,50.0
873da10e5ffffff,28.45154,77.30989,24,50.0
873da10e5ffffff,28.45154,77.30989,25,50.0
873da10e5ffffff,28.45154,77.30989,26,50.0
873da10e5ffffff,28.45154,77.30989,27,50.0
873da10e5ffffff,28.45154,77.30989,28,50.0
873da10e5ffffff,28.45154,77.30989,29,50.0
873da10e5ffffff,28.45154,77.30989,30,50.0
873da10e5ffffff,28.45154,77.30989,31,50.0
873da10e5ffffff,28.45154,77.30989,32,50.0
873da10e5ffffff,28.45154,77.30989,33,50.0
873da10e5ffffff,28.45154,77.30989,34,50.0
873da10e5ffffff,28.45154,77.30989,35,50.0
873da10e5ffffff,28.45154,77.30989,36,50.0
873da10e5ffffff,28.45154,77.30989,37,50.0
873da10e5ffffff,28.45154,77.30989,38,50.0
873da10e5ffffff,28.45154,77.30989,39,50.0
873da10e5ffffff,28.45154,77.30989,40,50.0
873da10e5ffffff,28.45154,77.30989,41,50.0
873da1100ffffff,28.56112,77.05406,0,50.0
873da1100ffffff,28.56112,77.05406,1,50.0
873da1100ffffff,28.56112,77.05406,2,50.0
873da1100ffffff,28.56112,77.05406,3,50.0
873da1100ffffff,28.56112,77.05406,4,50.0
873da1100ffffff,28.56112,77.05406,5,50.0
873da1100ffffff,28.56112,77.05406,6,50.0
873da1100ffffff,28.56112,77.05406,7,50.0
873da1100ffffff,28.56112,77.05406,8,50.0
873da1100ffffff,28.56112,77.05406,9,50.0
873da1100ffffff,28.56112,77.05406,10,50.0
873da1100ffffff,28.56112,77.05406,11,50.0
873da1100ffffff,28.56112,77.05406,12,50.0
873da1100ffffff,28.56112,77.05406,13,50.0
873da1100ffffff,28.56112,77.05406,14,50.0
873da1100ffffff,28.56112,77.05406,15,50.0
873da1100ffffff,28.56112,77.05406,16,50.0
873da1100ffffff,28.56112,77.05406,17,50.0
873da1100ffffff,28.56112,77.05406,18,50.0
873da1100ffffff,28.56112,77.05406,19,50.0
873da1100ffffff,28.56112,77.05406,20,50.0
873da1100ffffff,28.56112,77.05406,21,50.0
873da1100ffffff,28.56112,77.05406,22,50.0
873da1100ffffff,28.56112,77.05406,23,50.0
873da1100ffffff,28.56112,77.05406,24,50.0
873da1100ffffff,28.56112,77.05406,25,50.0
873da1100ffffff,28.56112,77.05406,26,50.0
873da1100ffffff,28.56112,77.05406,27,50.0
873da1100ffffff,28.56112,77.05406,28,50.0
873da1100ffffff,28.56112,77.05406,29,50.0
873da1100ffffff,28.56112,77.05406,30,50.0
873da1100ffffff,28.56112,77.05406,31,50.0
873da1100ffffff,28.56112,77.05406,32,50.0
873da1100ffffff,28.56112,77.05406,33,50.0
873da1100ffffff,28.56112,77.05406,34,50.0
873da1100ffffff,28.56112,77.05406,35,50.0
873da1100ffffff,28.56112,77.05406,36,50.0
873da1100ffffff,28.56112,77.05406,37,50.0
873da1100ffffff,28.56112,77.05406,38,50.0
873da1100ffffff,28.56112,77.05406,39,50.0
873da1100ffffff,28.56112,77.05406,40,50.0
873da1100ffffff,28.56112,77.05406,41,50.0
873da1101ffffff,28.57013,77.07802,0,50.0
873da1101ffffff,28.57013,77.07802,1,50.0
873da1101ffffff,28.57013,77.07802,2,50.0
873da1101ffffff,28.57013,77.07802,3,50.0
873da1101ffffff,28.57013,77.07802,4,50.0
873da1101ffffff,28.57013,77.07802,5,50.0
873da1101ffffff,28.57013,77.07802,6,50.0
873da1101ffffff,28.57013,77.07802,7,50.0
873da1101ffffff,28.57013,77.07802,8,50.0
873da1101ffffff,28.57013,77.07802,9,50.0
873da1101ffffff,28.57013,77.07802,10,50.0
873da1101ffffff,28.57013,77.07802,11,50.0
873da1101ffffff,28.57013,77.07802,12,50.0
873da1101ffffff,28.57013,77.07802,13,50.0
873da1101ffffff,28.57013,77.07802,14,50.0
873da1101ffffff,28.57013,77.07802,15,50.0
873da1101ffffff,28.57013,77.07802,16,50.0
873da1101ffffff,28.57013,77.07802,17,50.0
873da1101ffffff,28.57013,77.07802,18,50.0
873da1101ffffff,28.57013,77.07802,19,50.0
873da1101ffffff,28.57013,77.07802,20,50.0
873da1101ffffff,28.57013,77.07802,21,50.0
873da1101ffffff,28.57013,77.07802,22,50.0
873da1101ffffff,28.57013,77.07802,23,50.0
873da1101ffffff,28.57013,77.07802,24,50.0
873da1101ffffff,28.57013,77.07802,25,50.0
873da1101ffffff,28.57013,77.07802,26,50.0
873da1101ffffff,28.57013,77.07802,27,50.0
873da1101ffffff,28.57013,77.07802,28,50.0
873da1101ffffff,28.57013,77.07802,29,50.0
873da1101ffffff,28.57013,77.07802,30,50.0
873da1101ffffff,28.57013,77.07802,31,50.0
873da1101ffffff,28.57013,77.07802,32,50.0
873da1101ffffff,28.57013,77.07802,33,50.0
873da1101ffffff,28.57013,77.07802,34,50.0
873da1101ffffff,28.57013,77.07802,35,50.0
873da1101ffffff,28.57013,77.07802,36,50.0
873da1101ffffff,28.57013,77.07802,37,50.0
873da1101ffffff,28.57013,77.07802,38,50.0
873da1101ffffff,28.57013,77.07802,39,50.0
873da1101ffffff,28.57013,77.07802,40,50.0
873da1101ffffff,28.57013,77.07802,41,50.0
873da1102ffffff,28.53937,77.05094,0,50.0
873da1102ffffff,28.53937,77.05094,1,50.0
873da1102ffffff,28.53937,77.05094,2,50.0
873da1102ffffff,28.53937,77.05094,3,50.0
873da1102ffffff,28.53937,77.05094,4,50.0
873da1102ffffff,28.53937,77.05094,5,50.0
873da1102ffffff,28.53937,77.05094,6,50.0
873da1102ffffff,28.53937,77.05094,7,50.0
873da1102ffffff,28.53937,77.05094,8,50.0
873da1102ffffff,28.53937,77.05094,9,50.0
873da1102ffffff,28.53937,77.05094,10,50.0
873da1102ffffff,28.53937,77.05094,11,50.0
873da1102ffffff,28.53937,77.05094,12,50.0
873da1102ffffff,28.53937,77.05094,13,50.0
873da1102ffffff,28.53937,77.05094,14,50.0
873da1102ffffff,28.53937,77.05094,15,50.0
873da1102ffffff,28.53937,77.05094,16,50.0
873da1102ffffff,28.53937,77.05094,17,50.0
873da1102ffffff,28.53937,77.05094,18,50.0
873da1102ffffff,28.53937,77.05094,19,50.0
873da1102ffffff,28.53937,77.05094,20,50.0
873da1102ffffff,28.53937,77.05094,21,50.0
873da1102ffffff,28.53937,77.05094,22,50.0
873da1102ffffff,28.53937,77.05094,23,50.0
873da1102ffffff,28.53937,77.05094,24,50.0
873da1102ffffff,28.53937,77.05094,25,50.0
873da1102ffffff,28.53937,77.05094,26,50.0
873da1102ffffff,28.53937,77.05094,27,50.0
873da1102ffffff,28.53937,77.05094,28,50.0
873da1102ffffff,28.53937,77.05094,29,50.0
873da1102ffffff,28.53937,77.05094,30,50.0
873da1102ffffff,28.53937,77.05094,31,50.0
873da1102ffffff,28.53937,77.05094,32,50.0
873da1102ffffff,28.53937,77.05094,33,50.0
873da1102ffffff,28.53937,77.05094,34,50.0
873da1102ffffff,28.53937,77.05094,35,50.0
873da1102ffffff,28.53937,77.05094,36,50.0
873da1102ffffff,28.53937,77.05094,37,50.0
873da1102ffffff,28.53937,77.05094,38,50.0
873da1102ffffff,28.53937,77.05094,39,50.0
873da1102ffffff,28.53937,77.05094,40,50.0
873da1102ffffff,28.53937,77.05094,41,50.0
873da1103ffffff,28.54838,77.07490,0,50.0
873da1103ffffff,28.54838,77.07490,1,50.0
873da1103ffffff,28.54838,77.07490,2,50.0
873da1103ffffff,28.54838,77.07490,3,50.0
873da1103ffffff,28.54838,77.07490,4,50.0
873da1103ffffff,28.54838,77.07490,5,50.0
873da1103ffffff,28.54838,77.07490,6,50.0
873da1103ffffff,28.54838,77.07490,7,50.0
873da1103ffffff,28.54838,77.07490,8,50.0
873da1103ffffff,28.54838,77.07490,9,50.0
873da1103ffffff,28.54838,77.07490,10,50.0
873da1103ffffff,28.54838,77.07490,11,50.0
873da1103ffffff,28.54838,77.07490,12,50.0
873da1103ffffff,28.54838,77.07490,13,50.0
873da1103ffffff,28.54838,77.07490,14,50.0
873da1103ffffff,28.54838,77.07490,15,50.0
873da1103ffffff,28.54838,77.07490,16,50.0
873da1103ffffff,28.54838,77.07490,17,50.0
873da1103ffffff,28.54838,77.07490,18,50.0
873da1103ffffff,28.54838,77.07490,19,50.0
873da1103ffffff,28.54838,77.07490,20,50.0
873da1103ffffff,28.54838,77.07490,21,50.0
873da1103ffffff,28.54838,77.07490,22,50.0
873da1103ffffff,28.54838,77.07490,23,50.0
873da1103ffffff,28.54838,77.07490,24,50.0
873da1103ffffff,28.54838,77.07490,25,50.0
873da1103ffffff,28.54838,77.07490,26,50.0
873da1103ffffff,28.54838,77.07490,27,50.0
873da1103ffffff,28.54838,77.07490,28,50.0
873da1103ffffff,28.54838,77.07490,29,50.0
873da1103ffffff,28.54838,77.07490,30,50.0
873da1103ffffff,28.54838,77.07490,31,50.0
873da1103ffffff,28.54838,77.07490,32,50.0
873da1103ffffff,28.54838,77.07490,33,50.0
873da1103ffffff,28.54838,77.07490,34,50.0
873da1103ffffff,28.54838,77.07490,35,50.0
873da1103ffffff,28.54838,77.07490,36,50.0
873da1103ffffff,28.54838,77.07490,37,50.0
873da1103ffffff,28.54838,77.07490,38,50.0
873da1103ffffff,28.54838,77.07490,39,50.0
873da1103ffffff,28.54838,77.07490,40,50.0
873da1103ffffff,28.54838,77.07490,41,50.0
873da1104ffffff,28.57387,77.03322,0,50.0
873da1104ffffff,28.57387,77.03322,1,50.0
873da1104ffffff,28.57387,77.03322,2,50.0
873da1104ffffff,28.57387,77.03322,3,50.0
873da1104ffffff,28.57387,77.03322,4,50.0
873da1104ffffff,28.57387,77.03322,5,50.0
873da1104ffffff,28.57387,77.03322,6,50.0
873da1104ffffff,28.57387,77.03322,7,50.0
873da1104ffffff,28.57387,77.03322,8,50.0
873da1104ffffff,28.57387,77.03322,9,50.0
873da1104ffffff,28.57387,77.03322,10,50.0
873da1104ffffff,28.57387,77.03322,11,50.0
873da1104ffffff,28.57387,77.03322,12,50.0
873da1104ffffff,28.57387,77.03322,13,50.0
873da1104ffffff,28.57387,77.03322,14,50.0
873da1104ffffff,28.57387,77.03322,15,50.0
873da1104ffffff,28.57387,77.03322,16,50.0
873da1104ffffff,28.57387,77.03322,17,50.0
873da1104ffffff,28.57387,77.03322,18,50.0
873da1104ffffff,28.57387,77.03322,19,50.0
873da1104ffffff,28.57387,77.03322,20,50.0
873da1104ffffff,28.57387,77.03322,21,50.0
873da1104ffffff,28.57387,77.03322,22,50.0
873da1104ffffff,28.57387,77.03322,23,50.0
873da1104ffffff,28.57387,77.03322,24,50.0
873da1104ffffff,28.57387,77.03322,25,50.0
873da1104ffffff,28.57387,77.03322,26,50.0
873da1104ffffff,28.57387,77.03322,27,50.0
873da1104ffffff,28.57387,77.03322,28,50.0
873da1104ffffff,28.57387,77.03322,29,50.0
873da1104ffffff,28.57387,77.03322,30,50.0
873da1104ffffff,28.57387,77.03322,31,50.0
873da1104ffffff,28.57387,77.03322,32,50.0
873da1104ffffff,28.57387,77.03322,33,50.0
873da1104ffffff,28.57387,77.03322,34,50.0
873da1104ffffff,28.57387,77.03322,35,50.0
873da1104ffffff,28.57387,77.03322,36,50.0
873da1104ffffff,28.57387,77.03322,37,50.0
873da1104ffffff,28.57387,77.03322,38,50.0
873da1104ffffff,28.57387,77.03322,39,50.0
873da1104ffffff,28.57387,77.03322,40,50.0
873da1104ffffff,28.57387,77.03322,41,50.0
873da1105ffffff,28.58288,77.05718,0,50.0
873da1105ffffff,28.58288,77.05718,1,50.0
873da1105ffffff,28.58288,77.05718,2,50.0
873da1105ffffff,28.58288,77.05718,3,50.0
873da1105ffffff,28.58288,77.05718,4,50.0
873da1105ffffff,28.58288,77.05718,5,50.0
873da1105ffffff,28.58288,77.05718,6,50.0
873da1105ffffff,28.58288,77.05718,7,50.0
873da1105ffffff,28.58288,77.05718,8,50.0
873da1105ffffff,28.58288,77.05718,9,50.0
873da1105ffffff,28.58288,77.05718,10,50.0
873da1105ffffff,28.58288,77.05718,11,50.0
873da1105ffffff,28.58288,77.05718,12,50.0
873da1105ffffff,28.58288,77.05718,13,50.0
873da1105ffffff,28.58288,77.05718,14,50.0
873da1105ffffff,28.58288,77.05718,15,50.0
873da1105ffffff,28.58288,77.05718,16,50.0
873da1105ffffff,28.58288,77.05718,17,50.0
873da1105ffffff,28.58288,77.05718,18,50.0
873da1105ffffff,28.58288,77.05718,19,50.0
873da1105ffffff,28.58288,77.05718,20,50.0
873da1105ffffff,28.58288,77.05718,21,50.0
873da1105ffffff,28.58288,77.05718,22,50.0
873da1105ffffff,28.58288,77.05718,23,50.0
873da1105ffffff,28.58288,77.05718,24,50.0
873da1105ffffff,28.58288,77.05718,25,50.0
873da1105ffffff,28.58288,77.05718,26,50.0
873da1105ffffff,28.58288,77.05718,27,50.0
873da1105ffffff,28.58288,77.05718,28,50.0
873da1105ffffff,28.58288,77.05718,29,50.0
873da1105ffffff,28.58288,77.05718,30,50.0
873da1105ffffff,28.58288,77.05718,31,50.0
873da1105ffffff,28.58288,77.05718,32,50.0
873da1105ffffff,28.58288,77.05718,33,50.0
873da1105ffffff,28.58288,77.05718,34,50.0
873da1105ffffff,28.58288,77.05718,35,50.0
873da1105ffffff,28.58288,77.05718,36,50.0
873da1105ffffff,28.58288,77.05718,37,50.0
873da1105ffffff,28.58288,77.05718,38,50.0
873da1105ffffff,28.58288,77.05718,39,50.0
873da1105ffffff,28.58288,77.05718,40,50.0
873da1105ffffff,28.58288,77.05718,41,50.0
873da1106ffffff,28.55211,77.03010,0,50.0
873da1106ffffff,28.55211,77.03010,1,50.0
873da1106ffffff,28.55211,77.03010,2,50.0
873da1106ffffff,28.55211,77.03010,3,50.0
873da1106ffffff,28.55211,77.03010,4,50.0
873da1106ffffff,28.55211,77.03010,5,50.0
873da1106ffffff,28.55211,77.03010,6,50.0
873da1106ffffff,28.55211,77.03010,7,50.0
873da1106ffffff,28.55211,77.03010,8,50.0
873da1106ffffff,28.55211,77.03010,9,50.0
873da1106ffffff,28.55211,77.03010,10,50.0
873da1106ffffff,28.55211,77.03010,11,50.0
873da1106ffffff,28.55211,77.03010,12,50.0
873da1106ffffff,28.55211,77.03010,13,50.0
873da1106ffffff,28.55211,77.03010,14,50.0
873da1106ffffff,28.55211,77.03010,15,50.0
873da1106ffffff,28.55211,77.03010,16,50.0
873da1106ffffff,28.55211,77.03010,17,50.0
873da1106ffffff,28.55211,77.03010,18,50.0
873da1106ffffff,28.55211,77.03010,19,50.0
873da1106ffffff,28.55211,77.03010,20,50.0
873da1106ffffff,28.55211,77.03010,21,50.0
873da1106ffffff,28.55211,77.03010,22,50.0
873da1106ffffff,28.55211,77.03010,23,50.0
873da1106ffffff,28.55211,77.03010,24,50.0
873da1106ffffff,28.55211,77.03010,25,50.0
873da1106ffffff,28.55211,77.03010,26,50.0
873da1106ffffff,28.55211,77.03010,27,50.0
873da1106ffffff,28.55211,77.03010,28,50.0
873da1106ffffff,28.55211,77.03010,29,50.0
873da1106ffffff,28.55211,77.03010,30,50.0
873da1106ffffff,28.55211,77.03010,31,50.0
873da1106ffffff,28.55211,77.03010,32,50.0
873da1106ffffff,28.55211,77.03010,33,50.0
873da1106ffffff,28.55211,77.03010,34,50.0
873da1106ffffff,28.55211,77.03010,35,50.0
873da1106ffffff,28.55211,77.03010,36,50.0
873da1106ffffff,28.55211,77.03010,37,50.0
873da1106ffffff,28.55211,77.03010,38,50.0
873da1106ffffff,28.55211,77.03010,39,50.0
873da1106ffffff,28.55211,77.03010,40,50.0
873da1106ffffff,28.55211,77.03010,41,50.0
873da1108ffffff,28.56638,77.12282,0,50.0
873da1108ffffff,28.56638,77.12282,1,50.0
873da1108ffffff,28.56638,77.12282,2,50.0
873da1108ffffff,28.56638,77.12282,3,50.0
873da1108ffffff,28.56638,77.12282,4,50.0
873da1108ffffff,28.56638,77.12282,5,50.0
873da1108ffffff,28.56638,77.12282,6,50.0
873da1108ffffff,28.56638,77.12282,7,50.0
873da1108ffffff,28.56638,77.12282,8,50.0
873da1108ffffff,28.56638,77.12282,9,50.0
873da1108ffffff,28.56638,77.12282,10,50.0
873da1108ffffff,28.56638,77.12282,11,50.0
873da1108ffffff,28.56638,77.12282,12,50.0
873da1108ffffff,28.56638,77.12282,13,50.0
873da1108ffffff,28.56638,77.12282,14,50.0
873da1108ffffff,28.56638,77.12282,15,50.0
873da1108ffffff,28.56638,77.12282,16,50.0
873da1108ffffff,28.56638,77.12282,17,50.0
873da1108ffffff,28.56638,77.12282,18,50.0
873da1108ffffff,28.56638,77.12282,19,50.0
873da1108ffffff,28.56638,77.12282,20,50.0
873da1108ffffff,28.56638,77.12282,21,50.0
873da1108ffffff,28.56638,77.12282,22,50.0
873da1108ffffff,28.56638,77.12282,23,50.0
873da1108ffffff,28.56638,77.12282,24,50.0
873da1108ffffff,28.56638,77.12282,25,50.0
873da1108ffffff,28.56638,77.12282,26,50.0
873da1108ffffff,28.56638,77.12282,27,50.0
873da1108ffffff,28.56638,77.12282,28,50.0
873da1108ffffff,28.56638,77.12282,29,50.0
873da1108ffffff,28.56638,77.12282,30,50.0
873da1108ffffff,28.56638,77.12282,31,50.0
873da1108ffffff,28.56638,77.12282,32,50.0
873da1108ffffff,28.56638,77.12282,33,50.0
873da1108ffffff,28.56638,77.12282,34,50.0
873da1108ffffff,28.56638,77.12282,35,50.0
873da1108ffffff,28.56638,77.12282,36,50.0
873da1108ffffff,28.56638,77.12282,37,50.0
873da1108ffffff,28.56638,77.12282,38,50.0
873da1108ffffff,28.56638,77.12282,39,50.0
873da1108ffffff,28.56638,77.12282,40,50.0
873da1108ffffff,28.56638,77.12282,41,50.0
873da1109ffffff,28.57538,77.14679,0,50.0
873da1109ffffff,28.57538,77.14679,1,50.0
873da1109ffffff,28.57538,77.14679,2,50.0
873da1109ffffff,28.57538,77.14679,3,50.0
873da1109ffffff,28.57538,77.14679,4,50.0
873da1109ffffff,28.57538,77.14679,5,50.0
873da1109ffffff,28.57538,77.14679,6,50.0
873da1109ffffff,28.57538,77.14679,7,50.0
873da1109ffffff,28.57538,77.14679,8,50.0
873da1109ffffff,28.57538,77.14679,9,50.0
873da1109ffffff,28.57538,77.14679,10,50.0
873da1109ffffff,28.57538,77.14679,11,50.0
873da1109ffffff,28.57538,77.14679,12,50.0
873da1109ffffff,28.57538,77.14679,13,50.0
873da1109ffffff,28.57538,77.14679,14,50.0
873da1109ffffff,28.57538,77.14679,15,50.0
873da1109ffffff,28.57538,77.14679,16,50.0
873da1109ffffff,28.57538,77.14679,17,50.0
873da1109ffffff,28.57538,77.14679,18,50.0
873da1109ffffff,28.57538,77.14679,19,50.0
873da1109ffffff,28.57538,77.14679,20,50.0
873da1109ffffff,28.57538,77.14679,21,50.0
873da1109ffffff,28.57538,77.14679,22,50.0
873da1109ffffff,28.57538,77.14679,23,50.0
873da1109ffffff,28.57538,77.14679,24,50.0
873da1109ffffff,28.57538,77.14679,25,50.0
873da1109ffffff,28.57538,77.14679,26,50.0
873da1109ffffff,28.57538,77.14679,27,50.0
873da1109ffffff,28.57538,77.14679,28,50.0
873da1109ffffff,28.57538,77.14679,29,50.0
873da1109ffffff,28.57538,77.14679,30,50.0
873da1109ffffff,28.57538,77.14679,31,50.0
873da1109ffffff,28.57538,77.14679,32,50.0
873da1109ffffff,28.57538,77.14679,33,50.0
873da1109ffffff,28.57538,77.14679,34,50.0
873da1109ffffff,28.57538,77.14679,35,50.0
873da1109ffffff,28.57538,77.14679,36,50.0
873da1109ffffff,28.57538,77.14679,37,50.0
873da1109ffffff,28.57538,77.14679,38,50.0
873da1109ffffff,28.57538,77.14679,39,50.0
873da1109ffffff,28.57538,77.14679,40,50.0
873da1109ffffff,28.57538,77.14679,41,50.0
873da110affffff,28.54463,77.11968,0,50.0
873da110affffff,28.54463,77.11968,1,50.0
873da110affffff,28.54463,77.11968,2,50.0
873da110affffff,28.54463,77.11968,3,50.0
873da110affffff,28.54463,77.11968,4,50.0
873da110affffff,28.54463,77.11968,5,50.0
873da110affffff,28.54463,77.11968,6,50.0
873da110affffff,28.54463,77.11968,7,50.0
873da110affffff,28.54463,77.11968,8,50.0
873da110affffff,28.54463,77.11968,9,50.0
873da110affffff,28.54463,77.11968,10,50.0
873da110affffff,28.54463,77.11968,11,50.0
873da110affffff,28.54463,77.11968,12,50.0
873da110affffff,28.54463,77.11968,13,50.0
873da110affffff,28.54463,77.11968,14,50.0
873da110affffff,28.54463,77.11968,15,50.0
873da110affffff,28.54463,77.11968,16,50.0
873da110affffff,28.54463,77.11968,17,50.0
873da110affffff,28.54463,77.11968,18,50.0
873da110affffff,28.54463,77.11968,19,50.0
873da110affffff,28.54463,77.11968,20,50.0
873da110affffff,28.54463,77.11968,21,50.0
873da110affffff,28.54463,77.11968,22,50.0
873da110affffff,28.54463,77.11968,23,50.0
873da110affffff,28.54463,77.11968,24,50.0
873da110affffff,28.54463,77.11968,25,50.0
873da110affffff,28.54463,77.11968,26,50.0
873da110affffff,28.54463,77.11968,27,50.0
873da110affffff,28.54463,77.11968,28,50.0
873da110affffff,28.54463,77.11968,29,50.0
873da110affffff,28.54463,77.11968,30,50.0
873da110affffff,28.54463,77.11968,31,50.0
873da110affffff,28.54463,77.11968,32,50.0
873da110affffff,28.54463,77.11968,33,50.0
873da110affffff,28.54463,77.11968,34,50.0
873da110affffff,28.54463,77.11968,35,50.0
873da110affffff,28.54463,77.11968,36,50.0
873da110affffff,28.54463,77.11968,37,50.0
873da110affffff,28.54463,77.11968,38,50.0
873da110affffff,28.54463,77.11968,39,50.0
873da110affffff,28.54463,77.11968,40,50.0
873da110affffff,28.54463,77.11968,41,50.0
873da110bffffff,28.55362,77.14364,0,50.0
873da110bffffff,28.55362,77.14364,1,50.0
873da110bffffff,28.55362,77.14364,2,50.0
873da110bffffff,28.55362,77.14364,3,50.0
873da110bffffff,28.55362,77.14364,4,50.0
873da110bffffff,28.55362,77.14364,5,50.0
873da110bffffff,28.55362,77.14364,6,50.0
873da110bffffff,28.55362,77.14364,7,50.0
873da110bffffff,28.55362,77.14364,8,50.0
873da110bffffff,28.55362,77.14364,9,50.0
873da110bffffff,28.55362,77.14364,10,50.0
873da110bffffff,28.55362,77.14364,11,50.0
873da110bffffff,28.55362,77.14364,12,50.0
873da110bffffff,28.55362,77.14364,13,50.0
873da110bffffff,28.55362,77.14364,14,50.0
873da110bffffff,28.55362,77.14364,15,50.0
873da110bffffff,28.55362,77.14364,16,50.0
873da110bffffff,28.55362,77.14364,17,50.0
873da110bffffff,28.55362,77.14364,18,50.0
873da110bffffff,28.55362,77.14364,19,50.0
873da110bffffff,28.55362,77.14364,20,50.0
873da110bffffff,28.55362,77.14364,21,50.0
873da110bffffff,28.55362,77.14364,22,50.0
873da110bffffff,28.55362,77.14364,23,50.0
873da110bffffff,28.55362,77.14364,24,50.0
873da110bffffff,28.55362,77.14364,25,50.0
873da110bffffff,28.55362,77.14364,26,50.0
873da110bffffff,28.55362,77.14364,27,50.0
873da110bffffff,28.55362,77.14364,28,50.0
873da110bffffff,28.55362,77.14364,29,50.0
873da110bffffff,28.55362,77.14364,30,50.0
873da110bffffff,28.55362,77.14364,31,50.0
873da110bffffff,28.55362,77.14364,32,50.0
873da110bffffff,28.55362,77.14364,33,50.0
873da110bffffff,28.55362,77.14364,34,50.0
873da110bffffff,28.55362,77.14364,35,50.0
873da110bffffff,28.55362,77.14364,36,50.0
873da110bffffff,28.55362,77.14364,37,50.0
873da110bffffff,28.55362,77.14364,38,50.0
873da110bffffff,28.55362,77.14364,39,50.0
873da110bffffff,28.55362,77.14364,40,50.0
873da110bffffff,28.55362,77.14364,41,50.0
873da110cffffff,28.57914,77.10199,0,50.0
873da110cffffff,28.57914,77.10199,1,50.0
873da110cffffff,28.57914,77.10199,2,50.0
873da110cffffff,28.57914,77.10199,3,50.0
873da110cffffff,28.57914,77.10199,4,50.0
873da110cffffff,28.57914,77.10199,5,50.0
873da110cffffff,28.57914,77.10199,6,50.0
873da110cffffff,28.57914,77.10199,7,50.0
873da110cffffff,28.57914,77.10199,8,50.0
873da110cffffff,28.57914,77.10199,9,50.0
873da110cffffff,28.57914,77.10199,10,50.0
873da110cffffff,28.57914,77.10199,11,50.0
873da110cffffff,28.57914,77.10199,12,50.0
873da110cffffff,28.57914,77.10199,13,50.0
873da110cffffff,28.57914,77.10199,14,50.0
873da110cffffff,28.57914,77.10199,15,50.0
873da110cffffff,28.57914,77.10199,16,50.0
873da110cffffff,28.57914,77.10199,17,50.0
873da110cffffff,28.57914,77.10199,18,50.0
873da110cffffff,28.57914,77.10199,19,50.0
873da110cffffff,28.57914,77.10199,20,50.0
873da110cffffff,28.57914,77.10199,21,50.0
873da110cffffff,28.57914,77.10199,22,50.0
873da110cffffff,28.57914,77.10199,23,50.0
873da110cffffff,28.57914,77.10199,24,50.0
873da110cffffff,28.57914,77.10199,25,50.0
873da110cffffff,28.57914,77.10199,26,50.0
873da110cffffff,28.57914,77.10199,27,50.0
873da110cffffff,28.57914,77.10199,28,50.0
873da110cffffff,28.57914,77.10199,29,50.0
873da110cffffff,28.57914,77.10199,30,50.0
873da110cffffff,28.57914,77.10199,31,50.0
873da110cffffff,28.57914,77.10199,32,50.0
873da110cffffff,28.57914,77.10199,33,50.0
873da110cffffff,28.57914,77.10199,34,50.0
873da110cffffff,28.57914,77.10199,35,50.0
873da110cffffff,28.57914,77.10199,36,50.0
873da110cffffff,28.57914,77.10199,37,50.0
873da110cffffff,28.57914,77.10199,38,50.0
873da110cffffff,28.57914,77.10199,39,50.0
873da110cffffff,28.57914,77.10199,40,50.0
873da110cffffff,28.57914,77.10199,41,50.0
873da110dffffff,28.58814,77.12596,0,50.0
873da110dffffff,28.58814,77.12596,1,50.0
873da110dffffff,28.58814,77.12596,2,50.0
873da110dffffff,28.58814,77.12596,3,50.0
873da110dffffff,28.58814,77.12596,4,50.0
873da110dffffff,28.58814,77.12596,5,50.0
873da110dffffff,28.58814,77.12596,6,50.0
873da110dffffff,28.58814,77.12596,7,50.0
873da110dffffff,28.58814,77.12596,8,50.0
873da110dffffff,28.58814,77.12596,9,50.0
873da110dffffff,28.58814,77.12596,10,50.0
873da110dffffff,28.58814,77.12596,11,50.0
873da110dffffff,28.58814,77.12596,12,50.0
873da110dffffff,28.58814,77.12596,13,50.0
873da110dffffff,28.58814,77.12596,14,50.0
873da110dffffff,28.58814,77.12596,15,50.0
873da110dffffff,28.58814,77.12596,16,50.0
873da110dffffff,28.58814,77.12596,17,50.0
873da110dffffff,28.58814,77.12596,18,50.0
873da110dffffff,28.58814,77.12596,19,50.0
873da110dffffff,28.58814,77.12596,20,50.0
873da110dffffff,28.58814,77.12596,21,50.0
873da110dffffff,28.58814,77.12596,22,50.0
873da110dffffff,28.58814,77.12596,23,50.0
873da110dffffff,28.58814,77.12596,24,50.0
873da110dffffff,28.58814,77.12596,25,50.0
873da110dffffff,28.58814,77.12596,26,50.0
873da110dffffff,28.58814,77.12596,27,50.0
873da110dffffff,28.58814,77.12596,28,50.0
873da110dffffff,28.58814,77.12596,29,50.0
873da110dffffff,28.58814,77.12596,30,50.0
873da110dffffff,28.58814,77.12596,31,50.0
873da110dffffff,28.58814,77.12596,32,50.0
873da110dffffff,28.58814,77.12596,33,50.0
873da110dffffff,28.58814,77.12596,34,50.0
873da110dffffff,28.58814,77.12596,35,50.0
873da110dffffff,28.58814,77.12596,36,50.0
873da110dffffff,28.58814,77.12596,37,50.0
873da110dffffff,28.58814,77.12596,38,50.0
873da110dffffff,28.58814,77.12596,39,50.0
873da110dffffff,28.58814,77.12596,40,50.0
873da110dffffff,28.58814,77.12596,41,50.0
873da110effffff,28.55738,77.09886,0,50.0
873da110effffff,28.55738,77.09886,1,50.0
873da110effffff,28.55738,77.09886,2,50.0
873da110effffff,28.55738,77.09886,3,50.0
873da110effffff,28.55738,77.09886,4,50.0
873da110effffff,28.55738,77.09886,5,50.0
873da110effffff,28.55738,77.09886,6,50.0
873da110effffff,28.55738,77.09886,7,50.0
873da110effffff,28.55738,77.09886,8,50.0
873da110effffff,28.55738,77.09886,9,50.0
873da110effffff,28.55738,77.09886,10,50.0
873da110effffff,28.55738,77.09886,11,50.0
873da110effffff,28.55738,77.09886,12,50.0
873da110effffff,28.55738,77.09886,13,50.0
873da110effffff,28.55738,77.09886,14,50.0
873da110effffff,28.55738,77.09886,15,50.0
873da110effffff,28.55738,77.09886,16,50.0
873da110effffff,28.55738,77.09886,17,50.0
873da110effffff,28.55738,77.09886,18,50.0
873da110effffff,28.55738,77.09886,19,50.0
873da110effffff,28.55738,77.09886,20,50.0
873da110effffff,28.55738,77.09886,21,50.0
873da110effffff,28.55738,77.09886,22,50.0
873da110effffff,28.55738,77.09886,23,50.0
873da110effffff,28.55738,77.09886,24,50.0
873da110effffff,28.55738,77.09886,25,50.0
873da110effffff,28.55738,77.09886,26,50.0
873da110effffff,28.55738,77.09886,27,50.0
873da110effffff,28.55738,77.09886,28,50.0
873da110effffff,28.55738,77.09886,29,50.0
873da110effffff,28.55738,77.09886,30,50.0
873da110effffff,28.55738,77.09886,31,50.0
873da110effffff,28.55738,77.09886,32,50.0
873da110effffff,28.55738,77.09886,33,50.0
873da110effffff,28.55738,77.09886,34,50.0
873da110effffff,28.55738,77.09886,35,50.0
873da110effffff,28.55738,77.09886,36,50.0
873da110effffff,28.55738,77.09886,37,50.0
873da110effffff,28.55738,77.09886,38,50.0
873da110effffff,28.55738,77.09886,39,50.0
873da110effffff,28.55738,77.09886,40,50.0
873da110effffff,28.55738,77.09886,41,50.0
873da1110ffffff,28.50861,77.02388,0,50.0
873da1110ffffff,28.50861,77.02388,1,50.0
873da1110ffffff,28.50861,77.02388,2,50.0
873da1110ffffff,28.50861,77.02388,3,50.0
873da1110ffffff,28.50861,77.02388,4,50.0
873da1110ffffff,28.50861,77.02388,5,50.0
873da1110ffffff,28.50861,77.02388,6,50.0
873da1110ffffff,28.50861,77.02388,7,50.0
873da1110ffffff,28.50861,77.02388,8,50.0
873da1110ffffff,28.50861,77.02388,9,50.0
873da1110ffffff,28.50861,77.02388,10,50.0
873da1110ffffff,28.50861,77.02388,11,50.0
873da1110ffffff,28.50861,77.02388,12,50.0
873da1110ffffff,28.50861,77.02388,13,50.0
873da1110ffffff,28.50861,77.02388,14,50.0
873da1110ffffff,28.50861,77.02388,15,50.0
873da1110ffffff,28.50861,77.02388,16,50.0
873da1110ffffff,28.50861,77.02388,17,50.0
873da1110ffffff,28.50861,77.02388,18,50.0
873da1110ffffff,28.50861,77.02388,19,50.0
873da1110ffffff,28.50861,77.02388,20,50.0
873da1110ffffff,28.50861,77.02388,21,50.0
873da1110ffffff,28.50861,77.02388,22,50.0
873da1110ffffff,28.50861,77.02388,23,50.0
873da1110ffffff,28.50861,77.02388,24,50.0
873da1110ffffff,28.50861,77.02388,25,50.0
873da1110ffffff,28.50861,77.02388,26,50.0
873da1110ffffff,28.50861,77.02388,27,50.0
873da1110ffffff,28.50861,77.02388,28,50.0
873da1110ffffff,28.50861,77.02388,29,50.0
873da1110ffffff,28.50861,77.02388,30,50.0
873da1110ffffff,28.50861,77.02388,31,50.0
873da1110ffffff,28.50861,77.02388,32,50.0
873da1110ffffff,28.50861,77.02388,33,50.0
873da1110ffffff,28.50861,77.02388,34,50.0
873da1110ffffff,28.50861,77.02388,35,50.0
873da1110ffffff,28.50861,77.02388,36,50.0
873da1110ffffff,28.50861,77.02388,37,50.0
873da1110ffffff,28.50861,77.02388,38,50.0
873da1110ffffff,28.50861,77.02388,39,50.0
873da1110ffffff,28.50861,77.02388,40,50.0
873da1110ffffff,28.50861,77.02388,41,50.0
873da1111ffffff,28.51762,77.04782,0,50.0
873da1111ffffff,28.51762,77.04782,1,50.0
873da1111ffffff,28.51762,77.04782,2,50.0
873da1111ffffff,28.51762,77.04782,3,50.0
873da1111ffffff,28.51762,77.04782,4,50.0
873da1111ffffff,28.51762,77.04782,5,50.0
873da1111ffffff,28.51762,77.04782,6,50.0
873da1111ffffff,28.51762,77.04782,7,50.0
873da1111ffffff,28.51762,77.04782,8,50.0
873da1111ffffff,28.51762,77.04782,9,50.0
873da1111ffffff,28.51762,77.04782,10,50.0
873da1111ffffff,28.51762,77.04782,11,50.0
873da1111ffffff,28.51762,77.04782,12,50.0
873da1111ffffff,28.51762,77.04782,13,50.0
873da1111ffffff,28.51762,77.04782,14,50.0
873da1111ffffff,28.51762,77.04782,15,50.0
873da1111ffffff,28.51762,77.04782,16,50.0
873da1111ffffff,28.51762,77.04782,17,50.0
873da1111ffffff,28.51762,77.04782,18,50.0
873da1111ffffff,28.51762,77.04782,19,50.0
873da1111ffffff,28.51762,77.04782,20,50.0
873da1111ffffff,28.51762,77.04782,21,50.0
873da1111ffffff,28.51762,77.04782,22,50.0
873da1111ffffff,28.51762,77.04782,23,50.0
873da1111ffffff,28.51762,77.04782,24,50.0
873da1111ffffff,28.51762,77.04782,25,50.0
873da1111ffffff,28.51762,77.04782,26,50.0
873da1111ffffff,28.51762,77.04782,27,50.0
873da1111ffffff,28.51762,77.04782,28,50.0
873da1111ffffff,28.51762,77.04782,29,50.0
873da1111ffffff,28.51762,77.04782,30,50.0
873da1111ffffff,28.51762,77.04782,31,50.0
873da1111ffffff,28.51762,77.04782,32,50.0
873da1111ffffff,28.51762,77.04782,33,50.0
873da1111ffffff,28.51762,77.04782,34,50.0
873da1111ffffff,28.51762,77.04782,35,50.0
873da1111ffffff,28.51762,77.04782,36,50.0
873da1111ffffff,28.51762,77.04782,37,50.0
873da1111ffffff,28.51762,77.04782,38,50.0
873da1111ffffff,28.51762,77.04782,39,50.0
873da1111ffffff,28.51762,77.04782,40,50.0
873da1111ffffff,28.51762,77.04782,41,50.0
873da1112ffffff,28.48686,77.02078,0,50.0
873da1112ffffff,28.48686,77.02078,1,50.0
873da1112ffffff,28.48686,77.02078,2,50.0
873da1112ffffff,28.48686,77.02078,3,50.0
873da1112ffffff,28.48686,77.02078,4,50.0
873da1112ffffff,28.48686,77.02078,5,50.0
873da1112ffffff,28.48686,77.02078,6,50.0
873da1112ffffff,28.48686,77.02078,7,50.0
873da1112ffffff,28.48686,77.02078,8,50.0
873da1112ffffff,28.48686,77.02078,9,50.0
873da1112ffffff,28.48686,77.02078,10,50.0
873da1112ffffff,28.48686,77.02078,11,50.0
873da1112ffffff,28.48686,77.02078,12,50.0
873da1112ffffff,28.48686,77.02078,13,50.0
873da1112ffffff,28.48686,77.02078,14,50.0
873da1112ffffff,28.48686,77.02078,15,50.0
873da1112ffffff,28.48686,77.02078,16,50.0
873da1112ffffff,28.48686,77.02078,17,50.0
873da1112ffffff,28.48686,77.02078,18,50.0
873da1112ffffff,28.48686,77.02078,19,50.0
873da1112ffffff,28.48686,77.02078,20,50.0
873da1112ffffff,28.48686,77.02078,21,50.0
873da1112ffffff,28.48686,77.02078,22,50.0
873da1112ffffff,28.48686,77.02078,23,50.0
873da1112ffffff,28.48686,77.02078,24,50.0
873da1112ffffff,28.48686,77.02078,25,50.0
873da1112ffffff,28.48686,77.02078,26,50.0
873da1112ffffff,28.48686,77.02078,27,50.0
873da1112ffffff,28.48686,77.02078,28,50.0
873da1112ffffff,28.48686,77.02078,29,50.0
873da1112ffffff,28.48686,77.02078,30,50.0
873da1112ffffff,28.48686,77.02078,31,50.0
873da1112ffffff,28.48686,77.02078,32,50.0
873da1112ffffff,28.48686,77.02078,33,50.0
873da1112ffffff,28.48686,77.02078,34,50.0
873da1112ffffff,28.48686,77.02078,35,50.0
873da1112ffffff,28.48686,77.02078,36,50.0
873da1112ffffff,28.48686,77.02078,37,50.0
873da1112ffffff,28.48686,77.02078,38,50.0
873da1112ffffff,28.48686,77.02078,39,50.0
873da1112ffffff,28.48686,77.02078,40,50.0
873da1112ffffff,28.48686,77.02078,41,50.0
873da1113ffffff,28.49587,77.04471,0,50.0
873da1113ffffff,28.49587,77.04471,1,50.0
873da1113ffffff,28.49587,77.04471,2,50.0
873da1113ffffff,28.49587,77.04471,3,50.0
873da1113ffffff,28.49587,77.04471,4,50.0
873da1113ffffff,28.49587,77.04471,5,50.0
873da1113ffffff,28.49587,77.04471,6,50.0
873da1113ffffff,28.49587,77.04471,7,50.0
873da1113ffffff,28.49587,77.04471,8,50.0
873da1113ffffff,28.49587,77.04471,9,50.0
873da1113ffffff,28.49587,77.04471,10,50.0
873da1113ffffff,28.49587,77.04471,11,50.0
873da1113ffffff,28.49587,77.04471,12,50.0
873da1113ffffff,28.49587,77.04471,13,50.0
873da1113ffffff,28.49587,77.04471,14,50.0
873da1113ffffff,28.49587,77.04471,15,50.0
873da1113ffffff,28.49587,77.04471,16,50.0
873da1113ffffff,28.49587,77.04471,17,50.0
873da1113ffffff,28.49587,77.04471,18,50.0
873da1113ffffff,28.49587,77.04471,19,50.0
873da1113ffffff,28.49587,77.04471,20,50.0
873da1113ffffff,28.49587,77.04471,21,50.0
873da1113ffffff,28.49587,77.04471,22,50.0
873da1113ffffff,28.49587,77.04471,23,50.0
873da1113ffffff,28.49587,77.04471,24,50.0
873da1113ffffff,28.49587,77.04471,25,50.0
873da1113ffffff,28.49587,77.04471,26,50.0
873da1113ffffff,28.49587,77.04471,27,50.0
873da1113ffffff,28.49587,77.04471,28,50.0
873da1113ffffff,28.49587,77.04471,29,50.0
873da1113ffffff,28.49587,77.04471,30,50.0
873da1113ffffff,28.49587,77.04471,31,50.0
873da1113ffffff,28.49587,77.04471,32,50.0
873da1113ffffff,28.49587,77.04471,33,50.0
873da1113ffffff,28.49587,77.04471,34,50.0
873da1113ffffff,28.49587,77.04471,35,50.0
873da1113ffffff,28.49587,77.04471,36,50.0
873da1113ffffff,28.49587,77.04471,37,50.0
873da1113ffffff,28.49587,77.04471,38,50.0
873da1113ffffff,28.49587,77.04471,39,50.0
873da1113ffffff,28.49587,77.04471,40,50.0
873da1113ffffff,28.49587,77.04471,41,50.0
873da1114ffffff,28.52134,77.00305,0,50.0
873da1114ffffff,28.52134,77.00305,1,50.0
873da1114ffffff,28.52134,77.00305,2,50.0
873da1114ffffff,28.52134,77.00305,3,50.0
873da1114ffffff,28.52134,77.00305,4,50.0
873da1114ffffff,28.52134,77.00305,5,50.0
873da1114ffffff,28.52134,77.00305,6,50.0
873da1114ffffff,28.52134,77.00305,7,50.0
873da1114ffffff,28.52134,77.00305,8,50.0
873da1114ffffff,28.52134,77.00305,9,50.0
873da1114ffffff,28.52134,77.00305,10,50.0
873da1114ffffff,28.52134,77.00305,11,50.0
873da1114ffffff,28.52134,77.00305,12,50.0
873da1114ffffff,28.52134,77.00305,13,50.0
873da1114ffffff,28.52134,77.00305,14,50.0
873da1114ffffff,28.52134,77.00305,15,50.0
873da1114ffffff,28.52134,77.00305,16,50.0
873da1114ffffff,28.52134,77.00305,17,50.0
873da1114ffffff,28.52134,77.00305,18,50.0
873da1114ffffff,28.52134,77.00305,19,50.0
873da1114ffffff,28.52134,77.00305,20,50.0
873da1114ffffff,28.52134,77.00305,21,50.0
873da1114ffffff,28.52134,77.00305,22,50.0
873da1114ffffff,28.52134,77.00305,23,50.0
873da1114ffffff,28.52134,77.00305,24,50.0
873da1114ffffff,28.52134,77.00305,25,50.0
873da1114ffffff,28.52134,77.00305,26,50.0
873da1114ffffff,28.52134,77.00305,27,50.0
873da1114ffffff,28.52134,77.00305,28,50.0
873da1114ffffff,28.52134,77.00305,29,50.0
873da1114ffffff,28.52134,77.00305,30,50.0
873da1114ffffff,28.52134,77.00305,31,50.0
873da1114ffffff,28.52134,77.00305,32,50.0
873da1114ffffff,28.52134,77.00305,33,50.0
873da1114ffffff,28.52134,77.00305,34,50.0
873da1114ffffff,28.52134,77.00305,35,50.0
873da1114ffffff,28.52134,77.00305,36,50.0
873da1114ffffff,28.52134,77.00305,37,50.0
873da1114ffffff,28.52134,77.00305,38,50.0
873da1114ffffff,28.52134,77.00305,39,50.0
873da1114ffffff,28.52134,77.00305,40,50.0
873da1114ffffff,28.52134,77.00305,41,50.0
873da1115ffffff,28.53036,77.02699,0,50.0
873da1115ffffff,28.53036,77.02699,1,50.0
873da1115ffffff,28.53036,77.02699,2,50.0
873da1115ffffff,28.53036,77.02699,3,50.0
873da1115ffffff,28.53036,77.02699,4,50.0
873da1115ffffff,28.53036,77.02699,5,50.0
873da1115ffffff,28.53036,77.02699,6,50.0
873da1115ffffff,28.53036,77.02699,7,50.0
873da1115ffffff,28.53036,77.02699,8,50.0
873da1115ffffff,28.53036,77.02699,9,50.0
873da1115ffffff,28.53036,77.02699,10,50.0
873da1115ffffff,28.53036,77.02699,11,50.0
873da1115ffffff,28.53036,77.02699,12,50.0
873da1115ffffff,28.53036,77.02699,13,50.0
873da1115ffffff,28.53036,77.02699,14,50.0
873da1115ffffff,28.53036,77.02699,15,50.0
873da1115ffffff,28.53036,77.02699,16,50.0
873da1115ffffff,28.53036,77.02699,17,50.0
873da1115ffffff,28.53036,77.02699,18,50.0
873da1115ffffff,28.53036,77.02699,19,50.0
873da1115ffffff,28.53036,77.02699,20,50.0
873da1115ffffff,28.53036,77.02699,21,50.0
873da1115ffffff,28.53036,77.02699,22,50.0
873da1115ffffff,28.53036,77.02699,23,50.0
873da1115ffffff,28.53036,77.02699,24,50.0
873da1115ffffff,28.53036,77.02699,25,50.0
873da1115ffffff,28.53036,77.02699,26,50.0
873da1115ffffff,28.53036,77.02699,27,50.0
873da1115ffffff,28.53036,77.02699,28,50.0
873da1115ffffff,28.53036,77.02699,29,50.0
873da1115ffffff,28.53036,77.02699,30,50.0
873da1115ffffff,28.53036,77.02699,31,50.0
873da1115ffffff,28.53036,77.02699,32,50.0
873da1115ffffff,28.53036,77.02699,33,50.0
873da1115ffffff,28.53036,77.02699,34,50.0
873da1115ffffff,28.53036,77.02699,35,50.0
873da1115ffffff,28.53036,77.02699,36,50.0
873da1115ffffff,28.53036,77.02699,37,50.0
873da1115ffffff,28.53036,77.02699,38,50.0
873da1115ffffff,28.53036,77.02699,39,50.0
873da1115ffffff,28.53036,77.02699,40,50.0
873da1115ffffff,28.53036,77.02699,41,50.0
873da1118ffffff,28.51388,77.09259,0,50.0
873da1118ffffff,28.51388,77.09259,1,50.0
873da1118ffffff,28.51388,77.09259,2,50.0
873da1118ffffff,28.51388,77.09259,3,50.0
873da1118ffffff,28.51388,77.09259,4,50.0
873da1118ffffff,28.51388,77.09259,5,50.0
873da1118ffffff,28.51388,77.09259,6,50.0
873da1118ffffff,28.51388,77.09259,7,50.0
873da1118ffffff,28.51388,77.09259,8,50.0
873da1118ffffff,28.51388,77.09259,9,50.0
873da1118ffffff,28.51388,77.09259,10,50.0
873da1118ffffff,28.51388,77.09259,11,50.0
873da1118ffffff,28.51388,77.09259,12,50.0
873da1118ffffff,28.51388,77.09259,13,50.0
873da1118ffffff,28.51388,77.09259,14,50.0
873da1118ffffff,28.51388,77.09259,15,50.0
873da1118ffffff,28.51388,77.09259,16,50.0
873da1118ffffff,28.51388,77.09259,17,50.0
873da1118ffffff,28.51388,77.09259,18,50.0
873da1118ffffff,28.51388,77.09259,19,50.0
873da1118ffffff,28.51388,77.09259,20,50.0
873da1118ffffff,28.51388,77.09259,21,50.0
873da1118ffffff,28.51388,77.09259,22,50.0
873da1118ffffff,28.51388,77.09259,23,50.0
873da1118ffffff,28.51388,77.09259,24,50.0
873da1118ffffff,28.51388,77.09259,25,50.0
873da1118ffffff,28.51388,77.09259,26,50.0
873da1118ffffff,28.51388,77.09259,27,50.0
873da1118ffffff,28.51388,77.09259,28,50.0
873da1118ffffff,28.51388,77.09259,29,50.0
873da1118ffffff,28.51388,77.09259,30,50.0
873da1118ffffff,28.51388,77.09259,31,50.0
873da1118ffffff,28.51388,77.09259,32,50.0
873da1118ffffff,28.51388,77.09259,33,50.0
873da1118ffffff,28.51388,77.09259,34,50.0
873da1118ffffff,28.51388,77.09259,35,50.0
873da1118ffffff,28.51388,77.09259,36,50.0
873da1118ffffff,28.51388,77.09259,37,50.0
873da1118ffffff,28.51388,77.09259,38,50.0
873da1118ffffff,28.51388,77.09259,39,50.0
873da1118ffffff,28.51388,77.09259,40,50.0
873da1118ffffff,28.51388,77.09259,41,50.0
873da1119ffffff,28.52288,77.11654,0,50.0
873da1119ffffff,28.52288,77.11654,1,50.0
873da1119ffffff,28.52288,77.11654,2,50.0
873da1119ffffff,28.52288,77.11654,3,50.0
873da1119ffffff,28.52288,77.11654,4,50.0
873da1119ffffff,28.52288,77.11654,5,50.0
873da1119ffffff,28.52288,77.11654,6,50.0
873da1119ffffff,28.52288,77.11654,7,50.0
873da1119ffffff,28.52288,77.11654,8,50.0
873da1119ffffff,28.52288,77.11654,9,50.0
873da1119ffffff,28.52288,77.11654,10,50.0
873da1119ffffff,28.52288,77.11654,11,50.0
873da1119ffffff,28.52288,77.11654,12,50.0
873da1119ffffff,28.52288,77.11654,13,50.0
873da1119ffffff,28.52288,77.11654,14,50.0
873da1119ffffff,28.52288,77.11654,15,50.0
873da1119ffffff,28.52288,77.11654,16,50.0
873da1119ffffff,28.52288,77.11654,17,50.0
873da1119ffffff,28.52288,77.11654,18,50.0
873da1119ffffff,28.52288,77.11654,19,50.0
873da1119ffffff,28.52288,77.11654,20,50.0
873da1119ffffff,28.52288,77.11654,21,50.0
873da1119ffffff,28.52288,77.11654,22,50.0
873da1119ffffff,28.52288,77.11654,23,50.0
873da1119ffffff,28.52288,77.11654,24,50.0
873da1119ffffff,28.52288,77.11654,25,50.0
873da1119ffffff,28.52288,77.11654,26,50.0
873da1119ffffff,28.52288,77.11654,27,50.0
873da1119ffffff,28.52288,77.11654,28,50.0
873da1119ffffff,28.52288,77.11654,29,50.0
873da1119ffffff,28.52288,77.11654,30,50.0
873da1119ffffff,28.52288,77.11654,31,50.0
873da1119ffffff,28.52288,77.11654,32,50.0
873da1119ffffff,28.52288,77.11654,33,50.0
873da1119ffffff,28.52288,77.11654,34,50.0
873da1119ffffff,28.52288,77.11654,35,50.0
873da1119ffffff,28.52288,77.11654,36,50.0
873da1119ffffff,28.52288,77.11654,37,50.0
873da1119ffffff,28.52288,77.11654,38,50.0
873da1119ffffff,28.52288,77.11654,39,50.0
873da1119ffffff,28.52288,77.11654,40,50.0
873da1119ffffff,28.52288,77.11654,41,50.0
873da111affffff,28.49214,77.08946,0,50.0
873da111affffff,28.49214,77.08946,1,50.0
873da111affffff,28.49214,77.08946,2,50.0
873da111affffff,28.49214,77.08946,3,50.0
873da111affffff,28.49214,77.08946,4,50.0
873da111affffff,28.49214,77.08946,5,50.0
873da111affffff,28.49214,77.08946,6,50.0
873da111affffff,28.49214,77.08946,7,50.0
873da111affffff,28.49214,77.08946,8,50.0
873da111affffff,28.49214,77.08946,9,50.0
873da111affffff,28.49214,77.08946,10,50.0
873da111affffff,28.49214,77.08946,11,50.0
873da111affffff,28.49214,77.08946,12,50.0
873da111affffff,28.49214,77.08946,13,50.0
873da111affffff,28.49214,77.08946,14,50.0
873da111affffff,28.49214,77.08946,15,50.0
873da111affffff,28.49214,77.08946,16,50.0
873da111affffff,28.49214,77.08946,17,50.0
873da111affffff,28.49214,77.08946,18,50.0
873da111affffff,28.49214,77.08946,19,50.0
873da111affffff,28.49214,77.08946,20,50.0
873da111affffff,28.49214,77.08946,21,50.0
873da111affffff,28.49214,77.08946,22,50.0
873da111affffff,28.49214,77.08946,23,50.0
873da111affffff,28.49214,77.08946,24,50.0
873da111affffff,28.49214,77.08946,25,50.0
873da111affffff,28.49214,77.08946,26,50.0
873da111affffff,28.49214,77.08946,27,50.0
873da111affffff,28.49214,77.08946,28,50.0
873da111affffff,28.49214,77.08946,29,50.0
873da111affffff,28.49214,77.08946,30,50.0
873da111affffff,28.49214,77.08946,31,50.0
873da111affffff,28.49214,77.08946,32,50.0
873da111affffff,28.49214,77.08946,33,50.0
873da111affffff,28.49214,77.08946,34,50.0
873da111affffff,28.49214,77.08946,35,50.0
873da111affffff,28.49214,77.08946,36,50.0
873da111affffff,28.49214,77.08946,37,50.0
873da111affffff,28.49214,77.08946,38,50.0
873da111affffff,28.49214,77.08946,39,50.0
873da111affffff,28.49214,77.08946,40,50.0
873da111affffff,28.49214,77.08946,41,50.0
873da111bffffff,28.50114,77.11340,0,50.0
873da111bffffff,28.50114,77.11340,1,50.0
873da111bffffff,28.50114,77.11340,2,50.0
873da111bffffff,28.50114,77.11340,3,50.0
873da111bffffff,28.50114,77.11340,4,50.0
873da111bffffff,28.50114,77.11340,5,50.0
873da111bffffff,28.50114,77.11340,6,50.0
873da111bffffff,28.50114,77.11340,7,50.0
873da111bffffff,28.50114,77.11340,8,50.0
873da111bffffff,28.50114,77.11340,9,50.0
873da111bffffff,28.50114,77.11340,10,50.0
873da111bffffff,28.50114,77.11340,11,50.0
873da111bffffff,28.50114,77.11340,12,50.0
873da111bffffff,28.50114,77.11340,13,50.0
873da111bffffff,28.50114,77.11340,14,50.0
873da111bffffff,28.50114,77.11340,15,50.0
873da111bffffff,28.50114,77.11340,16,50.0
873da111bffffff,28.50114,77.11340,17,50.0
873da111bffffff,28.50114,77.11340,18,50.0
873da111bffffff,28.50114,77.11340,19,50.0
873da111bffffff,28.50114,77.11340,20,50.0
873da111bffffff,28.50114,77.11340,21,50.0
873da111bffffff,28.50114,77.11340,22,50.0
873da111bffffff,28.50114,77.11340,23,50.0
873da111bffffff,28.50114,77.11340,24,50.0
873da111bffffff,28.50114,77.11340,25,50.0
873da111bffffff,28.50114,77.11340,26,50.0
873da111bffffff,28.50114,77.11340,27,50.0
873da111bffffff,28.50114,77.11340,28,50.0
873da111bffffff,28.50114,77.11340,29,50.0
873da111bffffff,28.50114,77.11340,30,50.0
873da111bffffff,28.50114,77.11340,31,50.0
873da111bffffff,28.50114,77.11340,32,50.0
873da111bffffff,28.50114,77.11340,33,50.0
873da111bffffff,28.50114,77.11340,34,50.0
873da111bffffff,28.50114,77.11340,35,50.0
873da111bffffff,28.50114,77.11340,36,50.0
873da111bffffff,28.50114,77.11340,37,50.0
873da111bffffff,28.50114,77.11340,38,50.0
873da111bffffff,28.50114,77.11340,39,50.0
873da111bffffff,28.50114,77.11340,40,50.0
873da111bffffff,28.50114,77.11340,41,50.0
873da111cffffff,28.52663,77.07177,0,50.0
873da111cffffff,28.52663,77.07177,1,50.0
873da111cffffff,28.52663,77.07177,2,50.0
873da111cffffff,28.52663,77.07177,3,50.0
873da111cffffff,28.52663,77.07177,4,50.0
873da111cffffff,28.52663,77.07177,5,50.0
873da111cffffff,28.52663,77.07177,6,50.0
873da111cffffff,28.52663,77.07177,7,50.0
873da111cffffff,28.52663,77.07177,8,50.0
873da111cffffff,28.52663,77.07177,9,50.0
873da111cffffff,28.52663,77.07177,10,50.0
873da111cffffff,28.52663,77.07177,11,50.0
873da111cffffff,28.52663,77.07177,12,50.0
873da111cffffff,28.52663,77.07177,13,50.0
873da111cffffff,28.52663,77.07177,14,50.0
873da111cffffff,28.52663,77.07177,15,50.0
873da111cffffff,28.52663,77.07177,16,50.0
873da111cffffff,28.52663,77.07177,17,50.0
873da111cffffff,28.52663,77.07177,18,50.0
873da111cffffff,28.52663,77.07177,19,50.0
873da111cffffff,28.52663,77.07177,20,50.0
873da111cffffff,28.52663,77.07177,21,50.0
873da111cffffff,28.52663,77.07177,22,50.0
873da111cffffff,28.52663,77.07177,23,50.0
873da111cffffff,28.52663,77.07177,24,50.0
873da111cffffff,28.52663,77.07177,25,50.0
873da111cffffff,28.52663,77.07177,26,50.0
873da111cffffff,28.52663,77.07177,27,50.0
873da111cffffff,28.52663,77.07177,28,50.0
873da111cffffff,28.52663,77.07177,29,50.0
873da111cffffff,28.52663,77.07177,30,50.0
873da111cffffff,28.52663,77.07177,31,50.0
873da111cffffff,28.52663,77.07177,32,50.0
873da111cffffff,28.52663,77.07177,33,50.0
873da111cffffff,28.52663,77.07177,34,50.0
873da111cffffff,28.52663,77.07177,35,50.0
873da111cffffff,28.52663,77.07177,36,50.0
873da111cffffff,28.52663,77.07177,37,50.0
873da111cffffff,28.52663,77.07177,38,50.0
873da111cffffff,28.52663,77.07177,39,50.0
873da111cffffff,28.52663,77.07177,40,50.0
873da111cffffff,28.52663,77.07177,41,50.0
873da111dffffff,28.53563,77.09572,0,50.0
873da111dffffff,28.53563,77.09572,1,50.0
873da111dffffff,28.53563,77.09572,2,50.0
873da111dffffff,28.53563,77.09572,3,50.0
873da111dffffff,28.53563,77.09572,4,50.0
873da111dffffff,28.53563,77.09572,5,50.0
873da111dffffff,28.53563,77.09572,6,50.0
873da111dffffff,28.53563,77.09572,7,50.0
873da111dffffff,28.53563,77.09572,8,50.0
873da111dffffff,28.53563,77.09572,9,50.0
873da111dffffff,28.53563,77.09572,10,50.0
873da111dffffff,28.53563,77.09572,11,50.0
873da111dffffff,28.53563,77.09572,12,50.0
873da111dffffff,28.53563,77.09572,13,50.0
873da111dffffff,28.53563,77.09572,14,50.0
873da111dffffff,28.53563,77.09572,15,50.0
873da111dffffff,28.53563,77.09572,16,50.0
873da111dffffff,28.53563,77.09572,17,50.0
873da111dffffff,28.53563,77.09572,18,50.0
873da111dffffff,28.53563,77.09572,19,50.0
873da111dffffff,28.53563,77.09572,20,50.0
873da111dffffff,28.53563,77.09572,21,50.0
873da111dffffff,28.53563,77.09572,22,50.0
873da111dffffff,28.53563,77.09572,23,50.0
873da111dffffff,28.53563,77.09572,24,50.0
873da111dffffff,28.53563,77.09572,25,50.0
873da111dffffff,28.53563,77.09572,26,50.0
873da111dffffff,28.53563,77.09572,27,50.0
873da111dffffff,28.53563,77.09572,28,50.0
873da111dffffff,28.53563,77.09572,29,50.0
873da111dffffff,28.53563,77.09572,30,50.0
873da111dffffff,28.53563,77.09572,31,50.0
873da111dffffff,28.53563,77.09572,32,50.0
873da111dffffff,28.53563,77.09572,33,50.0
873da111dffffff,28.53563,77.09572,34,50.0
873da111dffffff,28.53563,77.09572,35,50.0
873da111dffffff,28.53563,77.09572,36,50.0
873da111dffffff,28.53563,77.09572,37,50.0
873da111dffffff,28.53563,77.09572,38,50.0
873da111dffffff,28.53563,77.09572,39,50.0
873da111dffffff,28.53563,77.09572,40,50.0
873da111dffffff,28.53563,77.09572,41,50.0
873da111effffff,28.50488,77.06865,0,50.0
873da111effffff,28.50488,77.06865,1,50.0
873da111effffff,28.50488,77.06865,2,50.0
873da111effffff,28.50488,77.06865,3,50.0
873da111effffff,28.50488,77.06865,4,50.0
873da111effffff,28.50488,77.06865,5,50.0
873da111effffff,28.50488,77.06865,6,50.0
873da111effffff,28.50488,77.06865,7,50.0
873da111effffff,28.50488,77.06865,8,50.0
873da111effffff,28.50488,77.06865,9,50.0
873da111effffff,28.50488,77.06865,10,50.0
873da111effffff,28.50488,77.06865,11,50.0
873da111effffff,28.50488,77.06865,12,50.0
873da111effffff,28.50488,77.06865,13,50.0
873da111effffff,28.50488,77.06865,14,50.0
873da111effffff,28.50488,77.06865,15,50.0
873da111effffff,28.50488,77.06865,16,50.0
873da111effffff,28.50488,77.06865,17,50.0
873da111effffff,28.50488,77.06865,18,50.0
873da111effffff,28.50488,77.06865,19,50.0
873da111effffff,28.50488,77.06865,20,50.0
873da111effffff,28.50488,77.06865,21,50.0
873da111effffff,28.50488,77.06865,22,50.0
873da111effffff,28.50488,77.06865,23,50.0
873da111effffff,28.50488,77.06865,24,50.0
873da111effffff,28.50488,77.06865,25,50.0
873da111effffff,28.50488,77.06865,26,50.0
873da111effffff,28.50488,77.06865,27,50.0
873da111effffff,28.50488,77.06865,28,50.0
873da111effffff,28.50488,77.06865,29,50.0
873da111effffff,28.50488,77.06865,30,50.0
873da111effffff,28.50488,77.06865,31,50.0
873da111effffff,28.50488,77.06865,32,50.0
873da111effffff,28.50488,77.06865,33,50.0
873da111effffff,28.50488,77.06865,34,50.0
873da111effffff,28.50488,77.06865,35,50.0
873da111effffff,28.50488,77.06865,36,50.0
873da111effffff,28.50488,77.06865,37,50.0
873da111effffff,28.50488,77.06865,38,50.0
873da111effffff,28.50488,77.06865,39,50.0
873da111effffff,28.50488,77.06865,40,50.0
873da111effffff,28.50488,77.06865,41,50.0
873da1120ffffff,28.60838,77.01547,0,50.0
873da1120ffffff,28.60838,77.01547,1,50.0
873da1120ffffff,28.60838,77.01547,2,50.0
873da1120ffffff,28.60838,77.01547,3,50.0
873da1120ffffff,28.60838,77.01547,4,50.0
873da1120ffffff,28.60838,77.01547,5,50.0
873da1120ffffff,28.60838,77.01547,6,50.0
873da1120ffffff,28.60838,77.01547,7,50.0
873da1120ffffff,28.60838,77.01547,8,50.0
873da1120ffffff,28.60838,77.01547,9,50.0
873da1120ffffff,28.60838,77.01547,10,50.0
873da1120ffffff,28.60838,77.01547,11,50.0
873da1120ffffff,28.60838,77.01547,12,50.0
873da1120ffffff,28.60838,77.01547,13,50.0
873da1120ffffff,28.60838,77.01547,14,50.0
873da1120ffffff,28.60838,77.01547,15,50.0
873da1120ffffff,28.60838,77.01547,16,50.0
873da1120ffffff,28.60838,77.01547,17,50.0
873da1120ffffff,28.60838,77.01547,18,50.0
873da1120ffffff,28.60838,77.01547,19,50.0
873da1120ffffff,28.60838,77.01547,20,50.0
873da1120ffffff,28.60838,77.01547,21,50.0
873da1120ffffff,28.60838,77.01547,22,50.0
873da1120ffffff,28.60838,77.01547,23,50.0
873da1120ffffff,28.60838,77.01547,24,50.0
873da1120ffffff,28.60838,77.01547,25,50.0
873da1120ffffff,28.60838,77.01547,26,50.0
873da1120ffffff,28.60838,77.01547,27,50.0
873da1120ffffff,28.60838,77.01547,28,50.0
873da1120ffffff,28.60838,77.01547,29,50.0
873da1120ffffff,28.60838,77.01547,30,50.0
873da1120ffffff,28.60838,77.01547,31,50.0
873da1120ffffff,28.60838,77.01547,32,50.0
873da1120ffffff,28.60838,77.01547,33,50.0
873da1120ffffff,28.60838,77.01547,34,50.0
873da1120ffffff,28.60838,77.01547,35,50.0
873da1120ffffff,28.60838,77.01547,36,50.0
873da1120ffffff,28.60838,77.01547,37,50.0
873da1120ffffff,28.60838,77.01547,38,50.0
873da1120ffffff,28.60838,77.01547,39,50.0
873da1120ffffff,28.60838,77.01547,40,50.0
873da1120ffffff,28.60838,77.01547,41,50.0
873da1121ffffff,28.61740,77.03945,0,50.0
873da1121ffffff,28.61740,77.03945,1,50.0
873da1121ffffff,28.61740,77.03945,2,50.0
873da1121ffffff,28.61740,77.03945,3,50.0
873da1121ffffff,28.61740,77.03945,4,50.0
873da1121ffffff,28.61740,77.03945,5,50.0
873da1121ffffff,28.61740,77.03945,6,50.0
873da1121ffffff,28.61740,77.03945,7,50.0
873da1121ffffff,28.61740,77.03945,8,50.0
873da1121ffffff,28.61740,77.03945,9,50.0
873da1121ffffff,28.61740,77.03945,10,50.0
873da1121ffffff,28.61740,77.03945,11,50.0
873da1121ffffff,28.61740,77.03945,12,50.0
873da1121ffffff,28.61740,77.03945,13,50.0
873da1121ffffff,28.61740,77.03945,14,50.0
873da1121ffffff,28.61740,77.03945,15,50.0
873da1121ffffff,28.61740,77.03945,16,50.0
873da1121ffffff,28.61740,77.03945,17,50.0
873da1121ffffff,28.61740,77.03945,18,50.0
873da1121ffffff,28.61740,77.03945,19,50.0
873da1121ffffff,28.61740,77.03945,20,50.0
873da1121ffffff,28.61740,77.03945,21,50.0
873da1121ffffff,28.61740,77.03945,22,50.0
873da1121ffffff,28.61740,77.03945,23,50.0
873da1121ffffff,28.61740,77.03945,24,50.0
873da1121ffffff,28.61740,77.03945,25,50.0
873da1121ffffff,28.61740,77.03945,26,50.0
873da1121ffffff,28.61740,77.03945,27,50.0
873da1121ffffff,28.61740,77.03945,28,50.0
873da1121ffffff,28.61740,77.03945,29,50.0
873da1121ffffff,28.61740,77.03945,30,50.0
873da1121ffffff,28.61740,77.03945,31,50.0
873da1121ffffff,28.61740,77.03945,32,50.0
873da1121ffffff,28.61740,77.03945,33,50.0
873da1121ffffff,28.61740,77.03945,34,50.0
873da1121ffffff,28.61740,77.03945,35,50.0
873da1121ffffff,28.61740,77.03945,36,50.0
873da1121ffffff,28.61740,77.03945,37,50.0
873da1121ffffff,28.61740,77.03945,38,50.0
873da1121ffffff,28.61740,77.03945,39,50.0
873da1121ffffff,28.61740,77.03945,40,50.0
873da1121ffffff,28.61740,77.03945,41,50.0
873da1122ffffff,28.58661,77.01236,0,50.0
873da1122ffffff,28.58661,77.01236,1,50.0
873da1122ffffff,28.58661,77.01236,2,50.0
873da1122ffffff,28.58661,77.01236,3,50.0
873da1122ffffff,28.58661,77.01236,4,50.0
873da1122ffffff,28.58661,77.01236,5,50.0
873da1122ffffff,28.58661,77.01236,6,50.0
873da1122ffffff,28.58661,77.01236,7,50.0
873da1122ffffff,28.58661,77.01236,8,50.0
873da1122ffffff,28.58661,77.01236,9,50.0
873da1122ffffff,28.58661,77.01236,10,50.0
873da1122ffffff,28.58661,77.01236,11,50.0
873da1122ffffff,28.58661,77.01236,12,50.0
873da1122ffffff,28.58661,77.01236,13,50.0
873da1122ffffff,28.58661,77.01236,14,50.0
873da1122ffffff,28.58661,77.01236,15,50.0
873da1122ffffff,28.58661,77.01236,16,50.0
873da1122ffffff,28.58661,77.01236,17,50.0
873da1122ffffff,28.58661,77.01236,18,50.0
873da1122ffffff,28.58661,77.01236,19,50.0
873da1122ffffff,28.58661,77.01236,20,50.0
873da1122ffffff,28.58661,77.01236,21,50.0
873da1122ffffff,28.58661,77.01236,22,50.0
873da1122ffffff,28.58661,77.01236,23,50.0
873da1122ffffff,28.58661,77.01236,24,50.0
873da1122ffffff,28.58661,77.01236,25,50.0
873da1122ffffff,28.58661,77.01236,26,50.0
873da1122ffffff,28.58661,77.01236,27,50.0
873da1122ffffff,28.58661,77.01236,28,50.0
873da1122ffffff,28.58661,77.01236,29,50.0
873da1122ffffff,28.58661,77.01236,30,50.0
873da1122ffffff,28.58661,77.01236,31,50.0
873da1122ffffff,28.58661,77.01236,32,50.0
873da1122ffffff,28.58661,77.01236,33,50.0
873da1122ffffff,28.58661,77.01236,34,50.0
873da1122ffffff,28.58661,77.01236,35,50.0
873da1122ffffff,28.58661,77.01236,36,50.0
873da1122ffffff,28.58661,77.01236,37,50.0
873da1122ffffff,28.58661,77.01236,38,50.0
873da1122ffffff,28.58661,77.01236,39,50.0
873da1122ffffff,28.58661,77.01236,40,50.0
873da1122ffffff,28.58661,77.01236,41,50.0
873da1123ffffff,28.59563,77.03633,0,50.0
873da1123ffffff,28.59563,77.03633,1,50.0
873da1123ffffff,28.59563,77.03633,2,50.0
873da1123ffffff,28.59563,77.03633,3,50.0
873da1123ffffff,28.59563,77.03633,4,50.0
873da1123ffffff,28.59563,77.03633,5,50.0
873da1123ffffff,28.59563,77.03633,6,50.0
873da1123ffffff,28.59563,77.03633,7,50.0
873da1123ffffff,28.59563,77.03633,8,50.0
873da1123ffffff,28.59563,77.03633,9,50.0
873da1123ffffff,28.59563,77.03633,10,50.0
873da1123ffffff,28.59563,77.03633,11,50.0
873da1123ffffff,28.59563,77.03633,12,50.0
873da1123ffffff,28.59563,77.03633,13,50.0
873da1123ffffff,28.59563,77.03633,14,50.0
873da1123ffffff,28.59563,77.03633,15,50.0
873da1123ffffff,28.59563,77.03633,16,50.0
873da1123ffffff,28.59563,77.03633,17,50.0
873da1123ffffff,28.59563,77.03633,18,50.0
873da1123ffffff,28.59563,77.03633,19,50.0
873da1123ffffff,28.59563,77.03633,20,50.0
873da1123ffffff,28.59563,77.03633,21,50.0
873da1123ffffff,28.59563,77.03633,22,50.0
873da1123ffffff,28.59563,77.03633,23,50.0
873da1123ffffff,28.59563,77.03633,24,50.0
873da1123ffffff,28.59563,77.03633,25,50.0
873da1123ffffff,28.59563,77.03633,26,50.0
873da1123ffffff,28.59563,77.03633,27,50.0
873da1123ffffff,28.59563,77.03633,28,50.0
873da1123ffffff,28.59563,77.03633,29,50.0
873da1123ffffff,28.59563,77.03633,30,50.0
873da1123ffffff,28.59563,77.03633,31,50.0
873da1123ffffff,28.59563,77.03633,32,50.0
873da1123ffffff,28.59563,77.03633,33,50.0
873da1123ffffff,28.59563,77.03633,34,50.0
873da1123ffffff,28.59563,77.03633,35,50.0
873da1123ffffff,28.59563,77.03633,36,50.0
873da1123ffffff,28.59563,77.03633,37,50.0
873da1123ffffff,28.59563,77.03633,38,50.0
873da1123ffffff,28.59563,77.03633,39,50.0
873da1123ffffff,28.59563,77.03633,40,50.0
873da1123ffffff,28.59563,77.03633,41,50.0
873da1125ffffff,28.63015,77.01858,0,50.0
873da1125ffffff,28.63015,77.01858,1,50.0
873da1125ffffff,28.63015,77.01858,2,50.0
873da1125ffffff,28.63015,77.01858,3,50.0
873da1125ffffff,28.63015,77.01858,4,50.0
873da1125ffffff,28.63015,77.01858,5,50.0
873da1125ffffff,28.63015,77.01858,6,50.0
873da1125ffffff,28.63015,77.01858,7,50.0
873da1125ffffff,28.63015,77.01858,8,50.0
873da1125ffffff,28.63015,77.01858,9,50.0
873da1125ffffff,28.63015,77.01858,10,50.0
873da1125ffffff,28.63015,77.01858,11,50.0
873da1125ffffff,28.63015,77.01858,12,50.0
873da1125ffffff,28.63015,77.01858,13,50.0
873da1125ffffff,28.63015,77.01858,14,50.0
873da1125ffffff,28.63015,77.01858,15,50.0
873da1125ffffff,28.63015,77.01858,16,50.0
873da1125ffffff,28.63015,77.01858,17,50.0
873da1125ffffff,28.63015,77.01858,18,50.0
873da1125ffffff,28.63015,77.01858,19,50.0
873da1125ffffff,28.63015,77.01858,20,50.0
873da1125ffffff,28.63015,77.01858,21,50.0
873da1125ffffff,28.63015,77.01858,22,50.0
873da1125ffffff,28.63015,77.01858,23,50.0
873da1125ffffff,28.63015,77.01858,24,50.0
873da1125ffffff,28.63015,77.01858,25,50.0
873da1125ffffff,28.63015,77.01858,26,50.0
873da1125ffffff,28.63015,77.01858,27,50.0
873da1125ffffff,28.63015,77.01858,28,50.0
873da1125ffffff,28.63015,77.01858,29,50.0
873da1125ffffff,28.63015,77.01858,30,50.0
873da1125ffffff,28.63015,77.01858,31,50.0
873da1125ffffff,28.63015,77.01858,32,50.0
873da1125ffffff,28.63015,77.01858,33,50.0
873da1125ffffff,28.63015,77.01858,34,50.0
873da1125ffffff,28.63015,77.01858,35,50.0
873da1125ffffff,28.63015,77.01858,36,50.0
873da1125ffffff,28.63015,77.01858,37,50.0
873da1125ffffff,28.63015,77.01858,38,50.0
873da1125ffffff,28.63015,77.01858,39,50.0
873da1125ffffff,28.63015,77.01858,40,50.0
873da1125ffffff,28.63015,77.01858,41,50.0
873da1128ffffff,28.61366,77.08428,0,50.0
873da1128ffffff,28.61366,77.08428,1,50.0
873da1128ffffff,28.61366,77.08428,2,50.0
873da1128ffffff,28.61366,77.08428,3,50.0
873da1128ffffff,28.61366,77.08428,4,50.0
873da1128ffffff,28.61366,77.08428,5,50.0
873da1128ffffff,28.61366,77.08428,6,50.0
873da1128ffffff,28.61366,77.08428,7,50.0
873da1128ffffff,28.61366,77.08428,8,50.0
873da1128ffffff,28.61366,77.08428,9,50.0
873da1128ffffff,28.61366,77.08428,10,50.0
873da1128ffffff,28.61366,77.08428,11,50.0
873da1128ffffff,28.61366,77.08428,12,50.0
873da1128ffffff,28.61366,77.08428,13,50.0
873da1128ffffff,28.61366,77.08428,14,50.0
873da1128ffffff,28.61366,77.08428,15,50.0
873da1128ffffff,28.61366,77.08428,16,50.0
873da1128ffffff,28.61366,77.08428,17,50.0
873da1128ffffff,28.61366,77.08428,18,50.0
873da1128ffffff,28.61366,77.08428,19,50.0
873da1128ffffff,28.61366,77.08428,20,50.0
873da1128ffffff,28.61366,77.08428,21,50.0
873da1128ffffff,28.61366,77.08428,22,50.0
873da1128ffffff,28.61366,77.08428,23,50.0
873da1128ffffff,28.61366,77.08428,24,50.0
873da1128ffffff,28.61366,77.08428,25,50.0
873da1128ffffff,28.61366,77.08428,26,50.0
873da1128ffffff,28.61366,77.08428,27,50.0
873da1128ffffff,28.61366,77.08428,28,50.0
873da1128ffffff,28.61366,77.08428,29,50.0
873da1128ffffff,28.61366,77.08428,30,50.0
873da1128ffffff,28.61366,77.08428,31,50.0
873da1128ffffff,28.61366,77.08428,32,50.0
873da1128ffffff,28.61366,77.08428,33,50.0
873da1128ffffff,28.61366,77.08428,34,50.0
873da1128ffffff,28.61366,77.08428,35,50.0
873da1128ffffff,28.61366,77.08428,36,50.0
873da1128ffffff,28.61366,77.08428,37,50.0
873da1128ffffff,28.61366,77.08428,38,50.0
873da1128ffffff,28.61366,77.08428,39,50.0
873da1128ffffff,28.61366,77.08428,40,50.0
873da1128ffffff,28.61366,77.08428,41,50.0
873da1129ffffff,28.62266,77.10827,0,50.0
873da1129ffffff,28.62266,77.10827,1,50.0
873da1129ffffff,28.62266,77.10827,2,50.0
873da1129ffffff,28.62266,77.10827,3,50.0
873da1129ffffff,28.62266,77.10827,4,50.0
873da1129ffffff,28.62266,77.10827,5,50.0
873da1129ffffff,28.62266,77.10827,6,50.0
873da1129ffffff,28.62266,77.10827,7,50.0
873da1129ffffff,28.62266,77.10827,8,50.0
873da1129ffffff,28.62266,77.10827,9,50.0
873da1129ffffff,28.62266,77.10827,10,50.0
873da1129ffffff,28.62266,77.10827,11,50.0
873da1129ffffff,28.62266,77.10827,12,50.0
873da1129ffffff,28.62266,77.10827,13,50.0
873da1129ffffff,28.62266,77.10827,14,50.0
873da1129ffffff,28.62266,77.10827,15,50.0
873da1129ffffff,28.62266,77.10827,16,50.0
873da1129ffffff,28.62266,77.10827,17,50.0
873da1129ffffff,28.62266,77.10827,18,50.0
873da1129ffffff,28.62266,77.10827,19,50.0
873da1129ffffff,28.62266,77.10827,20,50.0
873da1129ffffff,28.62266,77.10827,21,50.0
873da1129ffffff,28.62266,77.10827,22,50.0
873da1129ffffff,28.62266,77.10827,23,50.0
873da1129ffffff,28.62266,77.10827,24,50.0
873da1129ffffff,28.62266,77.10827,25,50.0
873da1129ffffff,28.62266,77.10827,26,50.0
873da1129ffffff,28.62266,77.10827,27,50.0
873da1129ffffff,28.62266,77.10827,28,50.0
873da1129ffffff,28.62266,77.10827,29,50.0
873da1129ffffff,28.62266,77.10827,30,50.0
873da1129ffffff,28.62266,77.10827,31,50.0
873da1129ffffff,28.62266,77.10827,32,50.0
873da1129ffffff,28.62266,77.10827,33,50.0
873da1129ffffff,28.62266,77.10827,34,50.0
873da1129ffffff,28.62266,77.10827,35,50.0
873da1129ffffff,28.62266,77.10827,36,50.0
873da1129ffffff,28.62266,77.10827,37,50.0
873da1129ffffff,28.62266,77.10827,38,50.0
873da1129ffffff,28.62266,77.10827,39,50.0
873da1129ffffff,28.62266,77.10827,40,50.0
873da1129ffffff,28.62266,77.10827,41,50.0
873da112affffff,28.59189,77.08115,0,50.0
873da112affffff,28.59189,77.08115,1,50.0
873da112affffff,28.59189,77.08115,2,50.0
873da112affffff,28.59189,77.08115,3,50.0
873da112affffff,28.59189,77.08115,4,50.0
873da112affffff,28.59189,77.08115,5,50.0
873da112affffff,28.59189,77.08115,6,50.0
873da112affffff,28.59189,77.08115,7,50.0
873da112affffff,28.59189,77.08115,8,50.0
873da112affffff,28.59189,77.08115,9,50.0
873da112affffff,28.59189,77.08115,10,50.0
873da112affffff,28.59189,77.08115,11,50.0
873da112affffff,28.59189,77.08115,12,50.0
873da112affffff,28.59189,77.08115,13,50.0
873da112affffff,28.59189,77.08115,14,50.0
873da112affffff,28.59189,77.08115,15,50.0
873da112affffff,28.59189,77.08115,16,50.0
873da112affffff,28.59189,77.08115,17,50.0
873da112affffff,28.59189,77.08115,18,50.0
873da112affffff,28.59189,77.08115,19,50.0
873da112affffff,28.59189,77.08115,20,50.0
873da112affffff,28.59189,77.08115,21,50.0
873da112affffff,28.59189,77.08115,22,50.0
873da112affffff,28.59189,77.08115,23,50.0
873da112affffff,28.59189,77.08115,24,50.0
873da112affffff,28.59189,77.08115,25,50.0
873da112affffff,28.59189,77.08115,26,50.0
873da112affffff,28.59189,77.08115,27,50.0
873da112affffff,28.59189,77.08115,28,50.0
873da112affffff,28.59189,77.08115,29,50.0
873da112affffff,28.59189,77.08115,30,50.0
873da112affffff,28.59189,77.08115,31,50.0
873da112affffff,28.59189,77.08115,32,50.0
873da112affffff,28.59189,77.08115,33,50.0
873da112affffff,28.59189,77.08115,34,50.0
873da112affffff,28.59189,77.08115,35,50.0
873da112affffff,28.59189,77.08115,36,50.0
873da112affffff,28.59189,77.08115,37,50.0
873da112affffff,28.59189,77.08115,38,50.0
873da112affffff,28.59189,77.08115,39,50.0
873da112affffff,28.59189,77.08115,40,50.0
873da112affffff,28.59189,77.08115,41,50.0
873da112bffffff,28.60090,77.10513,0,50.0
873da112bffffff,28.60090,77.10513,1,50.0
873da112bffffff,28.60090,77.10513,2,50.0
873da112bffffff,28.60090,77.10513,3,50.0
873da112bffffff,28.60090,77.10513,4,50.0
873da112bffffff,28.60090,77.10513,5,50.0
873da112bffffff,28.60090,77.10513,6,50.0
873da112bffffff,28.60090,77.10513,7,50.0
873da112bffffff,28.60090,77.10513,8,50.0
873da112bffffff,28.60090,77.10513,9,50.0
873da112bffffff,28.60090,77.10513,10,50.0
873da112bffffff,28.60090,77.10513,11,50.0
873da112bffffff,28.60090,77.10513,12,50.0
873da112bffffff,28.60090,77.10513,13,50.0
873da112bffffff,28.60090,77.10513,14,50.0
873da112bffffff,28.60090,77.10513,15,50.0
873da112bffffff,28.60090,77.10513,16,50.0
873da112bffffff,28.60090,77.10513,17,50.0
873da112bffffff,28.60090,77.10513,18,50.0
873da112bffffff,28.60090,77.10513,19,50.0
873da112bffffff,28.60090,77.10513,20,50.0
873da112bffffff,28.60090,77.10513,21,50.0
873da112bffffff,28.60090,77.10513,22,50.0
873da112bffffff,28.60090,77.10513,23,50.0
873da112bffffff,28.60090,77.10513,24,50.0
873da112bffffff,28.60090,77.10513,25,50.0
873da112bffffff,28.60090,77.10513,26,50.0
873da112bffffff,28.60090,77.10513,27,50.0
873da112bffffff,28.60090,77.10513,28,50.0
873da112bffffff,28.60090,77.10513,29,50.0
873da112bffffff,28.60090,77.10513,30,50.0
873da112bffffff,28.60090,77.10513,31,50.0
873da112bffffff,28.60090,77.10513,32,50.0
873da112bffffff,28.60090,77.10513,33,50.0
873da112bffffff,28.60090,77.10513,34,50.0
873da112bffffff,28.60090,77.10513,35,50.0
873da112bffffff,28.60090,77.10513,36,50.0
873da112bffffff,28.60090,77.10513,37,50.0
873da112bffffff,28.60090,77.10513,38,50.0
873da112bffffff,28.60090,77.10513,39,50.0
873da112bffffff,28.60090,77.10513,40,50.0
873da112bffffff,28.60090,77.10513,41,50.0
873da112cffffff,28.62642,77.06343,0,50.0
873da112cffffff,28.62642,77.06343,1,50.0
873da112cffffff,28.62642,77.06343,2,50.0
873da112cffffff,28.62642,77.06343,3,50.0
873da112cffffff,28.62642,77.06343,4,50.0
873da112cffffff,28.62642,77.06343,5,50.0
873da112cffffff,28.62642,77.06343,6,50.0
873da112cffffff,28.62642,77.06343,7,50.0
873da112cffffff,28.62642,77.06343,8,50.0
873da112cffffff,28.62642,77.06343,9,50.0
873da112cffffff,28.62642,77.06343,10,50.0
873da112cffffff,28.62642,77.06343,11,50.0
873da112cffffff,28.62642,77.06343,12,50.0
873da112cffffff,28.62642,77.06343,13,50.0
873da112cffffff,28.62642,77.06343,14,50.0
873da112cffffff,28.62642,77.06343,15,50.0
873da112cffffff,28.62642,77.06343,16,50.0
873da112cffffff,28.62642,77.06343,17,50.0
873da112cffffff,28.62642,77.06343,18,50.0
873da112cffffff,28.62642,77.06343,19,50.0
873da112cffffff,28.62642,77.06343,20,50.0
873da112cffffff,28.62642,77.06343,21,50.0
873da112cffffff,28.62642,77.06343,22,50.0
873da112cffffff,28.62642,77.06343,23,50.0
873da112cffffff,28.62642,77.06343,24,50.0
873da112cffffff,28.62642,77.06343,25,50.0
873da112cffffff,28.62642,77.06343,26,50.0
873da112cffffff,28.62642,77.06343,27,50.0
873da112cffffff,28.62642,77.06343,28,50.0
873da112cffffff,28.62642,77.06343,29,50.0
873da112cffffff,28.62642,77.06343,30,50.0
873da112cffffff,28.62642,77.06343,31,50.0
873da112cffffff,28.62642,77.06343,32,50.0
873da112cffffff,28.62642,77.06343,33,50.0
873da112cffffff,28.62642,77.06343,34,50.0
873da112cffffff,28.62642,77.06343,35,50.0
873da112cffffff,28.62642,77.06343,36,50.0
873da112cffffff,28.62642,77.06343,37,50.0
873da112cffffff,28.62642,77.06343,38,50.0
873da112cffffff,28.62642,77.06343,39,50.0
873da112cffffff,28.62642,77.06343,40,50.0
873da112cffffff,28.62642,77.06343,41,50.0
873da112dffffff,28.63543,77.08742,0,50.0
873da112dffffff,28.63543,77.08742,1,50.0
873da112dffffff,28.63543,77.08742,2,50.0
873da112dffffff,28.63543,77.08742,3,50.0
873da112dffffff,28.63543,77.08742,4,50.0
873da112dffffff,28.63543,77.08742,5,50.0
873da112dffffff,28.63543,77.08742,6,50.0
873da112dffffff,28.63543,77.08742,7,50.0
873da112dffffff,28.63543,77.08742,8,50.0
873da112dffffff,28.63543,77.08742,9,50.0
873da112dffffff,28.63543,77.08742,10,50.0
873da112dffffff,28.63543,77.08742,11,50.0
873da112dffffff,28.63543,77.08742,12,50.0
873da112dffffff,28.63543,77.08742,13,50.0
873da112dffffff,28.63543,77.08742,14,50.0
873da112dffffff,28.63543,77.08742,15,50.0
873da112dffffff,28.63543,77.08742,16,50.0
873da112dffffff,28.63543,77.08742,17,50.0
873da112dffffff,28.63543,77.08742,18,50.0
873da112dffffff,28.63543,77.08742,19,50.0
873da112dffffff,28.63543,77.08742,20,50.0
873da112dffffff,28.63543,77.08742,21,50.0
873da112dffffff,28.63543,77.08742,22,50.0
873da112dffffff,28.63543,77.08742,23,50.0
873da112dffffff,28.63543,77.08742,24,50.0
873da112dffffff,28.63543,77.08742,25,50.0
873da112dffffff,28.63543,77.08742,26,50.0
873da112dffffff,28.63543,77.08742,27,50.0
873da112dffffff,28.63543,77.08742,28,50.0
873da112dffffff,28.63543,77.08742,29,50.0
873da112dffffff,28.63543,77.08742,30,50.0
873da112dffffff,28.63543,77.08742,31,50.0
873da112dffffff,28.63543,77.08742,32,50.0
873da112dffffff,28.63543,77.08742,33,50.0
873da112dffffff,28.63543,77.08742,34,50.0
873da112dffffff,28.63543,77.08742,35,50.0
873da112dffffff,28.63543,77.08742,36,50.0
873da112dffffff,28.63543,77.08742,37,50.0
873da112dffffff,28.63543,77.08742,38,50.0
873da112dffffff,28.63543,77.08742,39,50.0
873da112dffffff,28.63543,77.08742,40,50.0
873da112dffffff,28.63543,77.08742,41,50.0
873da112effffff,28.60465,77.06030,0,50.0
873da112effffff,28.60465,77.06030,1,50.0
873da112effffff,28.60465,77.06030,2,50.0
873da112effffff,28.60465,77.06030,3,50.0
873da112effffff,28.60465,77.06030,4,50.0
873da112effffff,28.60465,77.06030,5,50.0
873da112effffff,28.60465,77.06030,6,50.0
873da112effffff,28.60465,77.06030,7,50.0
873da112effffff,28.60465,77.06030,8,50.0
873da112effffff,28.60465,77.06030,9,50.0
873da112effffff,28.60465,77.06030,10,50.0
873da112effffff,28.60465,77.06030,11,50.0
873da112effffff,28.60465,77.06030,12,50.0
873da112effffff,28.60465,77.06030,13,50.0
873da112effffff,28.60465,77.06030,14,50.0
873da112effffff,28.60465,77.06030,15,50.0
873da112effffff,28.60465,77.06030,16,50.0
873da112effffff,28.60465,77.06030,17,50.0
873da112effffff,28.60465,77.06030,18,50.0
873da112effffff,28.60465,77.06030,19,50.0
873da112effffff,28.60465,77.06030,20,50.0
873da112effffff,28.60465,77.06030,21,50.0
873da112effffff,28.60465,77.06030,22,50.0
873da112effffff,28.60465,77.06030,23,50.0
873da112effffff,28.60465,77.06030,24,50.0
873da112effffff,28.60465,77.06030,25,50.0
873da112effffff,28.60465,77.06030,26,50.0
873da112effffff,28.60465,77.06030,27,50.0
873da112effffff,28.60465,77.06030,28,50.0
873da112effffff,28.60465,77.06030,29,50.0
873da112effffff,28.60465,77.06030,30,50.0
873da112effffff,28.60465,77.06030,31,50.0
873da112effffff,28.60465,77.06030,32,50.0
873da112effffff,28.60465,77.06030,33,50.0
873da112effffff,28.60465,77.06030,34,50.0
873da112effffff,28.60465,77.06030,35,50.0
873da112effffff,28.60465,77.06030,36,50.0
873da112effffff,28.60465,77.06030,37,50.0
873da112effffff,28.60465,77.06030,38,50.0
873da112effffff,28.60465,77.06030,39,50.0
873da112effffff,28.60465,77.06030,40,50.0
873da112effffff,28.60465,77.06030,41,50.0
873da1131ffffff,28.56485,77.00925,0,50.0
873da1131ffffff,28.56485,77.00925,1,50.0
873da1131ffffff,28.56485,77.00925,2,50.0
873da1131ffffff,28.56485,77.00925,3,50.0
873da1131ffffff,28.56485,77.00925,4,50.0
873da1131ffffff,28.56485,77.00925,5,50.0
873da1131ffffff,28.56485,77.00925,6,50.0
873da1131ffffff,28.56485,77.00925,7,50.0
873da1131ffffff,28.56485,77.00925,8,50.0
873da1131ffffff,28.56485,77.00925,9,50.0
873da1131ffffff,28.56485,77.00925,10,50.0
873da1131ffffff,28.56485,77.00925,11,50.0
873da1131ffffff,28.56485,77.00925,12,50.0
873da1131ffffff,28.56485,77.00925,13,50.0
873da1131ffffff,28.56485,77.00925,14,50.0
873da1131ffffff,28.56485,77.00925,15,50.0
873da1131ffffff,28.56485,77.00925,16,50.0
873da1131ffffff,28.56485,77.00925,17,50.0
873da1131ffffff,28.56485,77.00925,18,50.0
873da1131ffffff,28.56485,77.00925,19,50.0
873da1131ffffff,28.56485,77.00925,20,50.0
873da1131ffffff,28.56485,77.00925,21,50.0
873da1131ffffff,28.56485,77.00925,22,50.0
873da1131ffffff,28.56485,77.00925,23,50.0
873da1131ffffff,28.56485,77.00925,24,50.0
873da1131ffffff,28.56485,77.00925,25,50.0
873da1131ffffff,28.56485,77.00925,26,50.0
873da1131ffffff,28.56485,77.00925,27,50.0
873da1131ffffff,28.56485,77.00925,28,50.0
873da1131ffffff,28.56485,77.00925,29,50.0
873da1131ffffff,28.56485,77.00925,30,50.0
873da1131ffffff,28.56485,77.00925,31,50.0
873da1131ffffff,28.56485,77.00925,32,50.0
873da1131ffffff,28.56485,77.00925,33,50.0
873da1131ffffff,28.56485,77.00925,34,50.0
873da1131ffffff,28.56485,77.00925,35,50.0
873da1131ffffff,28.56485,77.00925,36,50.0
873da1131ffffff,28.56485,77.00925,37,50.0
873da1131ffffff,28.56485,77.00925,38,50.0
873da1131ffffff,28.56485,77.00925,39,50.0
873da1131ffffff,28.56485,77.00925,40,50.0
873da1131ffffff,28.56485,77.00925,41,50.0
873da1133ffffff,28.54309,77.00615,0,50.0
873da1133ffffff,28.54309,77.00615,1,50.0
873da1133ffffff,28.54309,77.00615,2,50.0
873da1133ffffff,28.54309,77.00615,3,50.0
873da1133ffffff,28.54309,77.00615,4,50.0
873da1133ffffff,28.54309,77.00615,5,50.0
873da1133ffffff,28.54309,77.00615,6,50.0
873da1133ffffff,28.54309,77.00615,7,50.0
873da1133ffffff,28.54309,77.00615,8,50.0
873da1133ffffff,28.54309,77.00615,9,50.0
873da1133ffffff,28.54309,77.00615,10,50.0
873da1133ffffff,28.54309,77.00615,11,50.0
873da1133ffffff,28.54309,77.00615,12,50.0
873da1133ffffff,28.54309,77.00615,13,50.0
873da1133ffffff,28.54309,77.00615,14,50.0
873da1133ffffff,28.54309,77.00615,15,50.0
873da1133ffffff,28.54309,77.00615,16,50.0
873da1133ffffff,28.54309,77.00615,17,50.0
873da1133ffffff,28.54309,77.00615,18,50.0
873da1133ffffff,28.54309,77.00615,19,50.0
873da1133ffffff,28.54309,77.00615,20,50.0
873da1133ffffff,28.54309,77.00615,21,50.0
873da1133ffffff,28.54309,77.00615,22,50.0
873da1133ffffff,28.54309,77.00615,23,50.0
873da1133ffffff,28.54309,77.00615,24,50.0
873da1133ffffff,28.54309,77.00615,25,50.0
873da1133ffffff,28.54309,77.00615,26,50.0
873da1133ffffff,28.54309,77.00615,27,50.0
873da1133ffffff,28.54309,77.00615,28,50.0
873da1133ffffff,28.54309,77.00615,29,50.0
873da1133ffffff,28.54309,77.00615,30,50.0
873da1133ffffff,28.54309,77.00615,31,50.0
873da1133ffffff,28.54309,77.00615,32,50.0
873da1133ffffff,28.54309,77.00615,33,50.0
873da1133ffffff,28.54309,77.00615,34,50.0
873da1133ffffff,28.54309,77.00615,35,50.0
873da1133ffffff,28.54309,77.00615,36,50.0
873da1133ffffff,28.54309,77.00615,37,50.0
873da1133ffffff,28.54309,77.00615,38,50.0
873da1133ffffff,28.54309,77.00615,39,50.0
873da1133ffffff,28.54309,77.00615,40,50.0
873da1133ffffff,28.54309,77.00615,41,50.0
873da1140ffffff,28.62410,77.22191,0,50.0
873da1140ffffff,28.62410,77.22191,1,50.0
873da1140ffffff,28.62410,77.22191,2,50.0
873da1140ffffff,28.62410,77.22191,3,50.0
873da1140ffffff,28.62410,77.22191,4,50.0
873da1140ffffff,28.62410,77.22191,5,50.0
873da1140ffffff,28.62410,77.22191,6,50.0
873da1140ffffff,28.62410,77.22191,7,50.0
873da1140ffffff,28.62410,77.22191,8,50.0
873da1140ffffff,28.62410,77.22191,9,50.0
873da1140ffffff,28.62410,77.22191,10,50.0
873da1140ffffff,28.62410,77.22191,11,50.0
873da1140ffffff,28.62410,77.22191,12,50.0
873da1140ffffff,28.62410,77.22191,13,50.0
873da1140ffffff,28.62410,77.22191,14,50.0
873da1140ffffff,28.62410,77.22191,15,50.0
873da1140ffffff,28.62410,77.22191,16,50.0
873da1140ffffff,28.62410,77.22191,17,50.0
873da1140ffffff,28.62410,77.22191,18,50.0
873da1140ffffff,28.62410,77.22191,19,50.0
873da1140ffffff,28.62410,77.22191,20,50.0
873da1140ffffff,28.62410,77.22191,21,50.0
873da1140ffffff,28.62410,77.22191,22,50.0
873da1140ffffff,28.62410,77.22191,23,50.0
873da1140ffffff,28.62410,77.22191,24,50.0
873da1140ffffff,28.62410,77.22191,25,50.0
873da1140ffffff,28.62410,77.22191,26,50.0
873da1140ffffff,28.62410,77.22191,27,50.0
873da1140ffffff,28.62410,77.22191,28,50.0
873da1140ffffff,28.62410,77.22191,29,50.0
873da1140ffffff,28.62410,77.22191,30,50.0
873da1140ffffff,28.62410,77.22191,31,50.0
873da1140ffffff,28.62410,77.22191,32,50.0
873da1140ffffff,28.62410,77.22191,33,50.0
873da1140ffffff,28.62410,77.22191,34,50.0
873da1140ffffff,28.62410,77.22191,35,50.0
873da1140ffffff,28.62410,77.22191,36,50.0
873da1140ffffff,28.62410,77.22191,37,50.0
873da1140ffffff,28.62410,77.22191,38,50.0
873da1140ffffff,28.62410,77.22191,39,50.0
873da1140ffffff,28.62410,77.22191,40,50.0
873da1140ffffff,28.62410,77.22191,41,50.0
873da1141ffffff,28.63309,77.24591,0,50.0
873da1141ffffff,28.63309,77.24591,1,50.0
873da1141ffffff,28.63309,77.24591,2,50.0
873da1141ffffff,28.63309,77.24591,3,50.0
873da1141ffffff,28.63309,77.24591,4,50.0
873da1141ffffff,28.63309,77.24591,5,50.0
873da1141ffffff,28.63309,77.24591,6,50.0
873da1141ffffff,28.63309,77.24591,7,50.0
873da1141ffffff,28.63309,77.24591,8,50.0
873da1141ffffff,28.63309,77.24591,9,50.0
873da1141ffffff,28.63309,77.24591,10,50.0
873da1141ffffff,28.63309,77.24591,11,50.0
873da1141ffffff,28.63309,77.24591,12,50.0
873da1141ffffff,28.63309,77.24591,13,50.0
873da1141ffffff,28.63309,77.24591,14,50.0
873da1141ffffff,28.63309,77.24591,15,50.0
873da1141ffffff,28.63309,77.24591,16,50.0
873da1141ffffff,28.63309,77.24591,17,50.0
873da1141ffffff,28.63309,77.24591,18,50.0
873da1141ffffff,28.63309,77.24591,19,50.0
873da1141ffffff,28.63309,77.24591,20,50.0
873da1141ffffff,28.63309,77.24591,21,50.0
873da1141ffffff,28.63309,77.24591,22,50.0
873da1141ffffff,28.63309,77.24591,23,50.0
873da1141ffffff,28.63309,77.24591,24,50.0
873da1141ffffff,28.63309,77.24591,25,50.0
873da1141ffffff,28.63309,77.24591,26,50.0
873da1141ffffff,28.63309,77.24591,27,50.0
873da1141ffffff,28.63309,77.24591,28,50.0
873da1141ffffff,28.63309,77.24591,29,50.0
873da1141ffffff,28.63309,77.24591,30,50.0
873da1141ffffff,28.63309,77.24591,31,50.0
873da1141ffffff,28.63309,77.24591,32,50.0
873da1141ffffff,28.63309,77.24591,33,50.0
873da1141ffffff,28.63309,77.24591,34,50.0
873da1141ffffff,28.63309,77.24591,35,50.0
873da1141ffffff,28.63309,77.24591,36,50.0
873da1141ffffff,28.63309,77.24591,37,50.0
873da1141ffffff,28.63309,77.24591,38,50.0
873da1141ffffff,28.63309,77.24591,39,50.0
873da1141ffffff,28.63309,77.24591,40,50.0
873da1141ffffff,28.63309,77.24591,41,50.0
873da1142ffffff,28.60234,77.21873,0,50.0
873da1142ffffff,28.60234,77.21873,1,50.0
873da1142ffffff,28.60234,77.21873,2,50.0
873da1142ffffff,28.60234,77.21873,3,50.0
873da1142ffffff,28.60234,77.21873,4,50.0
873da1142ffffff,28.60234,77.21873,5,50.0
873da1142ffffff,28.60234,77.21873,6,50.0
873da1142ffffff,28.60234,77.21873,7,50.0
873da1142ffffff,28.60234,77.21873,8,50.0
873da1142ffffff,28.60234,77.21873,9,50.0
873da1142ffffff,28.60234,77.21873,10,50.0
873da1142ffffff,28.60234,77.21873,11,50.0
873da1142ffffff,28.60234,77.21873,12,50.0
873da1142ffffff,28.60234,77.21873,13,50.0
873da1142ffffff,28.60234,77.21873,14,50.0
873da1142ffffff,28.60234,77.21873,15,50.0
873da1142ffffff,28.60234,77.21873,16,50.0
873da1142ffffff,28.60234,77.21873,17,50.0
873da1142ffffff,28.60234,77.21873,18,50.0
873da1142ffffff,28.60234,77.21873,19,50.0
873da1142ffffff,28.60234,77.21873,20,50.0
873da1142ffffff,28.60234,77.21873,21,50.0
873da1142ffffff,28.60234,77.21873,22,50.0
873da1142ffffff,28.60234,77.21873,23,50.0
873da1142ffffff,28.60234,77.21873,24,50.0
873da1142ffffff,28.60234,77.21873,25,50.0
873da1142ffffff,28.60234,77.21873,26,50.0
873da1142ffffff,28.60234,77.21873,27,50.0
873da1142ffffff,28.60234,77.21873,28,50.0
873da1142ffffff,28.60234,77.21873,29,50.0
873da1142ffffff,28.60234,77.21873,30,50.0
873da1142ffffff,28.60234,77.21873,31,50.0
873da1142ffffff,28.60234,77.21873,32,50.0
873da1142ffffff,28.60234,77.21873,33,50.0
873da1142ffffff,28.60234,77.21873,34,50.0
873da1142ffffff,28.60234,77.21873,35,50.0
873da1142ffffff,28.60234,77.21873,36,50.0
873da1142ffffff,28.60234,77.21873,37,50.0
873da1142ffffff,28.60234,77.21873,38,50.0
873da1142ffffff,28.60234,77.21873,39,50.0
873da1142ffffff,28.60234,77.21873,40,50.0
873da1142ffffff,28.60234,77.21873,41,50.0
873da1143ffffff,28.61132,77.24272,0,50.0
873da1143ffffff,28.61132,77.24272,1,50.0
873da1143ffffff,28.61132,77.24272,2,50.0
873da1143ffffff,28.61132,77.24272,3,50.0
873da1143ffffff,28.61132,77.24272,4,50.0
873da1143ffffff,28.61132,77.24272,5,50.0
873da1143ffffff,28.61132,77.24272,6,50.0
873da1143ffffff,28.61132,77.24272,7,50.0
873da1143ffffff,28.61132,77.24272,8,50.0
873da1143ffffff,28.61132,77.24272,9,50.0
873da1143ffffff,28.61132,77.24272,10,50.0
873da1143ffffff,28.61132,77.24272,11,50.0
873da1143ffffff,28.61132,77.24272,12,50.0
873da1143ffffff,28.61132,77.24272,13,50.0
873da1143ffffff,28.61132,77.24272,14,50.0
873da1143ffffff,28.61132,77.24272,15,50.0
873da1143ffffff,28.61132,77.24272,16,50.0
873da1143ffffff,28.61132,77.24272,17,50.0
873da1143ffffff,28.61132,77.24272,18,50.0
873da1143ffffff,28.61132,77.24272,19,50.0
873da1143ffffff,28.61132,77.24272,20,50.0
873da1143ffffff,28.61132,77.24272,21,50.0
873da1143ffffff,28.61132,77.24272,22,50.0
873da1143ffffff,28.61132,77.24272,23,50.0
873da1143ffffff,28.61132,77.24272,24,50.0
873da1143ffffff,28.61132,77.24272,25,50.0
873da1143ffffff,28.61132,77.24272,26,50.0
873da1143ffffff,28.61132,77.24272,27,50.0
873da1143ffffff,28.61132,77.24272,28,50.0
873da1143ffffff,28.61132,77.24272,29,50.0
873da1143ffffff,28.61132,77.24272,30,50.0
873da1143ffffff,28.61132,77.24272,31,50.0
873da1143ffffff,28.61132,77.24272,32,50.0
873da1143ffffff,28.61132,77.24272,33,50.0
873da1143ffffff,28.61132,77.24272,34,50.0
873da1143ffffff,28.61132,77.24272,35,50.0
873da1143ffffff,28.61132,77.24272,36,50.0
873da1143ffffff,28.61132,77.24272,37,50.0
873da1143ffffff,28.61132,77.24272,38,50.0
873da1143ffffff,28.61132,77.24272,39,50.0
873da1143ffffff,28.61132,77.24272,40,50.0
873da1143ffffff,28.61132,77.24272,41,50.0
873da1144ffffff,28.63688,77.20108,0,50.0
873da1144ffffff,28.63688,77.20108,1,50.0
873da1144ffffff,28.63688,77.20108,2,50.0
873da1144ffffff,28.63688,77.20108,3,50.0
873da1144ffffff,28.63688,77.20108,4,50.0
873da1144ffffff,28.63688,77.20108,5,50.0
873da1144ffffff,28.63688,77.20108,6,50.0
873da1144ffffff,28.63688,77.20108,7,50.0
873da1144ffffff,28.63688,77.20108,8,50.0
873da1144ffffff,28.63688,77.20108,9,50.0
873da1144ffffff,28.63688,77.20108,10,50.0
873da1144ffffff,28.63688,77.20108,11,50.0
873da1144ffffff,28.63688,77.20108,12,50.0
873da1144ffffff,28.63688,77.20108,13,50.0
873da1144ffffff,28.63688,77.20108,14,50.0
873da1144ffffff,28.63688,77.20108,15,50.0
873da1144ffffff,28.63688,77.20108,16,50.0
873da1144ffffff,28.63688,77.20108,17,50.0
873da1144ffffff,28.63688,77.20108,18,50.0
873da1144ffffff,28.63688,77.20108,19,50.0
873da1144ffffff,28.63688,77.20108,20,50.0
873da1144ffffff,28.63688,77.20108,21,50.0
873da1144ffffff,28.63688,77.20108,22,50.0
873da1144ffffff,28.63688,77.20108,23,50.0
873da1144ffffff,28.63688,77.20108,24,50.0
873da1144ffffff,28.63688,77.20108,25,50.0
873da1144ffffff,28.63688,77.20108,26,50.0
873da1144ffffff,28.63688,77.20108,27,50.0
873da1144ffffff,28.63688,77.20108,28,50.0
873da1144ffffff,28.63688,77.20108,29,50.0
873da1144ffffff,28.63688,77.20108,30,50.0
873da1144ffffff,28.63688,77.20108,31,50.0
873da1144ffffff,28.63688,77.20108,32,50.0
873da1144ffffff,28.63688,77.20108,33,50.0
873da1144ffffff,28.63688,77.20108,34,50.0
873da1144ffffff,28.63688,77.20108,35,50.0
873da1144ffffff,28.63688,77.20108,36,50.0
873da1144ffffff,28.63688,77.20108,37,50.0
873da1144ffffff,28.63688,77.20108,38,50.0
873da1144ffffff,28.63688,77.20108,39,50.0
873da1144ffffff,28.63688,77.20108,40,50.0
873da1144ffffff,28.63688,77.20108,41,50.0
873da1145ffffff,28.64587,77.22509,0,50.0
873da1145ffffff,28.64587,77.22509,1,50.0
873da1145ffffff,28.64587,77.22509,2,50.0
873da1145ffffff,28.64587,77.22509,3,50.0
873da1145ffffff,28.64587,77.22509,4,50.0
873da1145ffffff,28.64587,77.22509,5,50.0
873da1145ffffff,28.64587,77.22509,6,50.0
873da1145ffffff,28.64587,77.22509,7,50.0
873da1145ffffff,28.64587,77.22509,8,50.0
873da1145ffffff,28.64587,77.22509,9,50.0
873da1145ffffff,28.64587,77.22509,10,50.0
873da1145ffffff,28.64587,77.22509,11,50.0
873da1145ffffff,28.64587,77.22509,12,50.0
873da1145ffffff,28.64587,77.22509,13,50.0
873da1145ffffff,28.64587,77.22509,14,50.0
873da1145ffffff,28.64587,77.22509,15,50.0
873da1145ffffff,28.64587,77.22509,16,50.0
873da1145ffffff,28.64587,77.22509,17,50.0
873da1145ffffff,28.64587,77.22509,18,50.0
873da1145ffffff,28.64587,77.22509,19,50.0
873da1145ffffff,28.64587,77.22509,20,50.0
873da1145ffffff,28.64587,77.22509,21,50.0
873da1145ffffff,28.64587,77.22509,22,50.0
873da1145ffffff,28.64587,77.22509,23,50.0
873da1145ffffff,28.64587,77.22509,24,50.0
873da1145ffffff,28.64587,77.22509,25,50.0
873da1145ffffff,28.64587,77.22509,26,50.0
873da1145ffffff,28.64587,77.22509,27,50.0
873da1145ffffff,28.64587,77.22509,28,50.0
873da1145ffffff,28.64587,77.22509,29,50.0
873da1145ffffff,28.64587,77.22509,30,50.0
873da1145ffffff,28.64587,77.22509,31,50.0
873da1145ffffff,28.64587,77.22509,32,50.0
873da1145ffffff,28.64587,77.22509,33,50.0
873da1145ffffff,28.64587,77.22509,34,50.0
873da1145ffffff,28.64587,77.22509,35,50.0
873da1145ffffff,28.64587,77.22509,36,50.0
873da1145ffffff,28.64587,77.22509,37,50.0
873da1145ffffff,28.64587,77.22509,38,50.0
873da1145ffffff,28.64587,77.22509,39,50.0
873da1145ffffff,28.64587,77.22509,40,50.0
873da1145ffffff,28.64587,77.22509,41,50.0
873da1146ffffff,28.61512,77.19791,0,50.0
873da1146ffffff,28.61512,77.19791,1,50.0
873da1146ffffff,28.61512,77.19791,2,50.0
873da1146ffffff,28.61512,77.19791,3,50.0
873da1146ffffff,28.61512,77.19791,4,50.0
873da1146ffffff,28.61512,77.19791,5,50.0
873da1146ffffff,28.61512,77.19791,6,50.0
873da1146ffffff,28.61512,77.19791,7,50.0
873da1146ffffff,28.61512,77.19791,8,50.0
873da1146ffffff,28.61512,77.19791,9,50.0
873da1146ffffff,28.61512,77.19791,10,50.0
873da1146ffffff,28.61512,77.19791,11,50.0
873da1146ffffff,28.61512,77.19791,12,50.0
873da1146ffffff,28.61512,77.19791,13,50.0
873da1146ffffff,28.61512,77.19791,14,50.0
873da1146ffffff,28.61512,77.19791,15,50.0
873da1146ffffff,28.61512,77.19791,16,50.0
873da1146ffffff,28.61512,77.19791,17,50.0
873da1146ffffff,28.61512,77.19791,18,50.0
873da1146ffffff,28.61512,77.19791,19,50.0
873da1146ffffff,28.61512,77.19791,20,50.0
873da1146ffffff,28.61512,77.19791,21,50.0
873da1146ffffff,28.61512,77.19791,22,50.0
873da1146ffffff,28.61512,77.19791,23,50.0
873da1146ffffff,28.61512,77.19791,24,50.0
873da1146ffffff,28.61512,77.19791,25,50.0
873da1146ffffff,28.61512,77.19791,26,50.0
873da1146ffffff,28.61512,77.19791,27,50.0
873da1146ffffff,28.61512,77.19791,28,50.0
873da1146ffffff,28.61512,77.19791,29,50.0
873da1146ffffff,28.61512,77.19791,30,50.0
873da1146ffffff,28.61512,77.19791,31,50.0
873da1146ffffff,28.61512,77.19791,32,50.0
873da1146ffffff,28.61512,77.19791,33,50.0
873da1146ffffff,28.61512,77.19791,34,50.0
873da1146ffffff,28.61512,77.19791,35,50.0
873da1146ffffff,28.61512,77.19791,36,50.0
873da1146ffffff,28.61512,77.19791,37,50.0
873da1146ffffff,28.61512,77.19791,38,50.0
873da1146ffffff,28.61512,77.19791,39,50.0
873da1146ffffff,28.61512,77.19791,40,50.0
873da1146ffffff,28.61512,77.19791,41,50.0
873da1148ffffff,28.62927,77.29072,0,50.0
873da1148ffffff,28.62927,77.29072,1,50.0
873da1148ffffff,28.62927,77.29072,2,50.0
873da1148ffffff,28.62927,77.29072,3,50.0
873da1148ffffff,28.62927,77.29072,4,50.0
873da1148ffffff,28.62927,77.29072,5,50.0
873da1148ffffff,28.62927,77.29072,6,50.0
873da1148ffffff,28.62927,77.29072,7,50.0
873da1148ffffff,28.62927,77.29072,8,50.0
873da1148ffffff,28.62927,77.29072,9,50.0
873da1148ffffff,28.62927,77.29072,10,50.0
873da1148ffffff,28.62927,77.29072,11,50.0
873da1148ffffff,28.62927,77.29072,12,50.0
873da1148ffffff,28.62927,77.29072,13,50.0
873da1148ffffff,28.62927,77.29072,14,50.0
873da1148ffffff,28.62927,77.29072,15,50.0
873da1148ffffff,28.62927,77.29072,16,50.0
873da1148ffffff,28.62927,77.29072,17,50.0
873da1148ffffff,28.62927,77.29072,18,50.0
873da1148ffffff,28.62927,77.29072,19,50.0
873da1148ffffff,28.62927,77.29072,20,50.0
873da1148ffffff,28.62927,77.29072,21,50.0
873da1148ffffff,28.62927,77.29072,22,50.0
873da1148ffffff,28.62927,77.29072,23,50.0
873da1148ffffff,28.62927,77.29072,24,50.0
873da1148ffffff,28.62927,77.29072,25,50.0
873da1148ffffff,28.62927,77.29072,26,50.0
873da1148ffffff,28.62927,77.29072,27,50.0
873da1148ffffff,28.62927,77.29072,28,50.0
873da1148ffffff,28.62927,77.29072,29,50.0
873da1148ffffff,28.62927,77.29072,30,50.0
873da1148ffffff,28.62927,77.29072,31,50.0
873da1148ffffff,28.62927,77.29072,32,50.0
873da1148ffffff,28.62927,77.29072,33,50.0
873da1148ffffff,28.62927,77.29072,34,50.0
873da1148ffffff,28.62927,77.29072,35,50.0
873da1148ffffff,28.62927,77.29072,36,50.0
873da1148ffffff,28.62927,77.29072,37,50.0
873da1148ffffff,28.62927,77.29072,38,50.0
873da1148ffffff,28.62927,77.29072,39,50.0
873da1148ffffff,28.62927,77.29072,40,50.0
873da1148ffffff,28.62927,77.29072,41,50.0
873da1149ffffff,28.63824,77.31473,0,50.0
873da1149ffffff,28.63824,77.31473,1,50.0
873da1149ffffff,28.63824,77.31473,2,50.0
873da1149ffffff,28.63824,77.31473,3,50.0
873da1149ffffff,28.63824,77.31473,4,50.0
873da1149ffffff,28.63824,77.31473,5,50.0
873da1149ffffff,28.63824,77.31473,6,50.0
873da1149ffffff,28.63824,77.31473,7,50.0
873da1149ffffff,28.63824,77.31473,8,50.0
873da1149ffffff,28.63824,77.31473,9,50.0
873da1149ffffff,28.63824,77.31473,10,50.0
873da1149ffffff,28.63824,77.31473,11,50.0
873da1149ffffff,28.63824,77.31473,12,50.0
873da1149ffffff,28.63824,77.31473,13,50.0
873da1149ffffff,28.63824,77.31473,14,50.0
873da1149ffffff,28.63824,77.31473,15,50.0
873da1149ffffff,28.63824,77.31473,16,50.0
873da1149ffffff,28.63824,77.31473,17,50.0
873da1149ffffff,28.63824,77.31473,18,50.0
873da1149ffffff,28.63824,77.31473,19,50.0
873da1149ffffff,28.63824,77.31473,20,50.0
873da1149ffffff,28.63824,77.31473,21,50.0
873da1149ffffff,28.63824,77.31473,22,50.0
873da1149ffffff,28.63824,77.31473,23,50.0
873da1149ffffff,28.63824,77.31473,24,50.0
873da1149ffffff,28.63824,77.31473,25,50.0
873da1149ffffff,28.63824,77.31473,26,50.0
873da1149ffffff,28.63824,77.31473,27,50.0
873da1149ffffff,28.63824,77.31473,28,50.0
873da1149ffffff,28.63824,77.31473,29,50.0
873da1149ffffff,28.63824,77.31473,30,50.0
873da1149ffffff,28.63824,77.31473,31,50.0
873da1149ffffff,28.63824,77.31473,32,50.0
873da1149ffffff,28.63824,77.31473,33,50.0
873da1149ffffff,28.63824,77.31473,34,50.0
873da1149ffffff,28.63824,77.31473,35,50.0
873da1149ffffff,28.63824,77.31473,36,50.0
873da1149ffffff,28.63824,77.31473,37,50.0
873da1149ffffff,28.63824,77.31473,38,50.0
873da1149ffffff,28.63824,77.31473,39,50.0
873da1149ffffff,28.63824,77.31473,40,50.0
873da1149ffffff,28.63824,77.31473,41,50.0
873da114affffff,28.60751,77.28753,0,50.0
873da114affffff,28.60751,77.28753,1,50.0
873da114affffff,28.60751,77.28753,2,50.0
873da114affffff,28.60751,77.28753,3,50.0
873da114affffff,28.60751,77.28753,4,50.0
873da114affffff,28.60751,77.28753,5,50.0
873da114affffff,28.60751,77.28753,6,50.0
873da114affffff,28.60751,77.28753,7,50.0
873da114affffff,28.60751,77.28753,8,50.0
873da114affffff,28.60751,77.28753,9,50.0
873da114affffff,28.60751,77.28753,10,50.0
873da114affffff,28.60751,77.28753,11,50.0
873da114affffff,28.60751,77.28753,12,50.0
873da114affffff,28.60751,77.28753,13,50.0
873da114affffff,28.60751,77.28753,14,50.0
873da114affffff,28.60751,77.28753,15,50.0
873da114affffff,28.60751,77.28753,16,50.0
873da114affffff,28.60751,77.28753,17,50.0
873da114affffff,28.60751,77.28753,18,50.0
873da114affffff,28.60751,77.28753,19,50.0
873da114affffff,28.60751,77.28753,20,50.0
873da114affffff,28.60751,77.28753,21,50.0
873da114affffff,28.60751,77.28753,22,50.0
873da114affffff,28.60751,77.28753,23,50.0
873da114affffff,28.60751,77.28753,24,50.0
873da114affffff,28.60751,77.28753,25,50.0
873da114affffff,28.60751,77.28753,26,50.0
873da114affffff,28.60751,77.28753,27,50.0
873da114affffff,28.60751,77.28753,28,50.0
873da114affffff,28.60751,77.28753,29,50.0
873da114affffff,28.60751,77.28753,30,50.0
873da114affffff,28.60751,77.28753,31,50.0
873da114affffff,28.60751,77.28753,32,50.0
873da114affffff,28.60751,77.28753,33,50.0
873da114affffff,28.60751,77.28753,34,50.0
873da114affffff,28.60751,77.28753,35,50.0
873da114affffff,28.60751,77.28753,36,50.0
873da114affffff,28.60751,77.28753,37,50.0
873da114affffff,28.60751,77.28753,38,50.0
873da114affffff,28.60751,77.28753,39,50.0
873da114affffff,28.60751,77.28753,40,50.0
873da114affffff,28.60751,77.28753,41,50.0
873da114bffffff,28.61648,77.31152,0,50.0
873da114bffffff,28.61648,77.31152,1,50.0
873da114bffffff,28.61648,77.31152,2,50.0
873da114bffffff,28.61648,77.31152,3,50.0
873da114bffffff,28.61648,77.31152,4,50.0
873da114bffffff,28.61648,77.31152,5,50.0
873da114bffffff,28.61648,77.31152,6,50.0
873da114bffffff,28.61648,77.31152,7,50.0
873da114bffffff,28.61648,77.31152,8,50.0
873da114bffffff,28.61648,77.31152,9,50.0
873da114bffffff,28.61648,77.31152,10,50.0
873da114bffffff,28.61648,77.31152,11,50.0
873da114bffffff,28.61648,77.31152,12,50.0
873da114bffffff,28.61648,77.31152,13,50.0
873da114bffffff,28.61648,77.31152,14,50.0
873da114bffffff,28.61648,77.31152,15,50.0
873da114bffffff,28.61648,77.31152,16,50.0
873da114bffffff,28.61648,77.31152,17,50.0
873da114bffffff,28.61648,77.31152,18,50.0
873da114bffffff,28.61648,77.31152,19,50.0
873da114bffffff,28.61648,77.31152,20,50.0
873da114bffffff,28.61648,77.31152,21,50.0
873da114bffffff,28.61648,77.31152,22,50.0
873da114bffffff,28.61648,77.31152,23,50.0
873da114bffffff,28.61648,77.31152,24,50.0
873da114bffffff,28.61648,77.31152,25,50.0
873da114bffffff,28.61648,77.31152,26,50.0
873da114bffffff,28.61648,77.31152,27,50.0
873da114bffffff,28.61648,77.31152,28,50.0
873da114bffffff,28.61648,77.31152,29,50.0
873da114bffffff,28.61648,77.31152,30,50.0
873da114bffffff,28.61648,77.31152,31,50.0
873da114bffffff,28.61648,77.31152,32,50.0
873da114bffffff,28.61648,77.31152,33,50.0
873da114bffffff,28.61648,77.31152,34,50.0
873da114bffffff,28.61648,77.31152,35,50.0
873da114bffffff,28.61648,77.31152,36,50.0
873da114bffffff,28.61648,77.31152,37,50.0
873da114bffffff,28.61648,77.31152,38,50.0
873da114bffffff,28.61648,77.31152,39,50.0
873da114bffffff,28.61648,77.31152,40,50.0
873da114bffffff,28.61648,77.31152,41,50.0
873da114cffffff,28.64206,77.26991,0,50.0
873da114cffffff,28.64206,77.26991,1,50.0
873da114cffffff,28.64206,77.26991,2,50.0
873da114cffffff,28.64206,77.26991,3,50.0
873da114cffffff,28.64206,77.26991,4,50.0
873da114cffffff,28.64206,77.26991,5,50.0
873da114cffffff,28.64206,77.26991,6,50.0
873da114cffffff,28.64206,77.26991,7,50.0
873da114cffffff,28.64206,77.26991,8,50.0
873da114cffffff,28.64206,77.26991,9,50.0
873da114cffffff,28.64206,77.26991,10,50.0
873da114cffffff,28.64206,77.26991,11,50.0
873da114cffffff,28.64206,77.26991,12,50.0
873da114cffffff,28.64206,77.26991,13,50.0
873da114cffffff,28.64206,77.26991,14,50.0
873da114cffffff,28.64206,77.26991,15,50.0
873da114cffffff,28.64206,77.26991,16,50.0
873da114cffffff,28.64206,77.26991,17,50.0
873da114cffffff,28.64206,77.26991,18,50.0
873da114cffffff,28.64206,77.26991,19,50.0
873da114cffffff,28.64206,77.26991,20,50.0
873da114cffffff,28.64206,77.26991,21,50.0
873da114cffffff,28.64206,77.26991,22,50.0
873da114cffffff,28.64206,77.26991,23,50.0
873da114cffffff,28.64206,77.26991,24,50.0
873da114cffffff,28.64206,77.26991,25,50.0
873da114cffffff,28.64206,77.26991,26,50.0
873da114cffffff,28.64206,77.26991,27,50.0
873da114cffffff,28.64206,77.26991,28,50.0
873da114cffffff,28.64206,77.26991,29,50.0
873da114cffffff,28.64206,77.26991,30,50.0
873da114cffffff,28.64206,77.26991,31,50.0
873da114cffffff,28.64206,77.26991,32,50.0
873da114cffffff,28.64206,77.26991,33,50.0
873da114cffffff,28.64206,77.26991,34,50.0
873da114cffffff,28.64206,77.26991,35,50.0
873da114cffffff,28.64206,77.26991,36,50.0
873da114cffffff,28.64206,77.26991,37,50.0
873da114cffffff,28.64206,77.26991,38,50.0
873da114cffffff,28.64206,77.26991,39,50.0
873da114cffffff,28.64206,77.26991,40,50.0
873da114cffffff,28.64206,77.26991,41,50.0
873da114dffffff,28.65104,77.29392,0,50.0
873da114dffffff,28.65104,77.29392,1,50.0
873da114dffffff,28.65104,77.29392,2,50.0
873da114dffffff,28.65104,77.29392,3,50.0
873da114dffffff,28.65104,77.29392,4,50.0
873da114dffffff,28.65104,77.29392,5,50.0
873da114dffffff,28.65104,77.29392,6,50.0
873da114dffffff,28.65104,77.29392,7,50.0
873da114dffffff,28.65104,77.29392,8,50.0
873da114dffffff,28.65104,77.29392,9,50.0
873da114dffffff,28.65104,77.29392,10,50.0
873da114dffffff,28.65104,77.29392,11,50.0
873da114dffffff,28.65104,77.29392,12,50.0
873da114dffffff,28.65104,77.29392,13,50.0
873da114dffffff,28.65104,77.29392,14,50.0
873da114dffffff,28.65104,77.29392,15,50.0
873da114dffffff,28.65104,77.29392,16,50.0
873da114dffffff,28.65104,77.29392,17,50.0
873da114dffffff,28.65104,77.29392,18,50.0
873da114dffffff,28.65104,77.29392,19,50.0
873da114dffffff,28.65104,77.29392,20,50.0
873da114dffffff,28.65104,77.29392,21,50.0
873da114dffffff,28.65104,77.29392,22,50.0
873da114dffffff,28.65104,77.29392,23,50.0
873da114dffffff,28.65104,77.29392,24,50.0
873da114dffffff,28.65104,77.29392,25,50.0
873da114dffffff,28.65104,77.29392,26,50.0
873da114dffffff,28.65104,77.29392,27,50.0
873da114dffffff,28.65104,77.29392,28,50.0
873da114dffffff,28.65104,77.29392,29,50.0
873da114dffffff,28.65104,77.29392,30,50.0
873da114dffffff,28.65104,77.29392,31,50.0
873da114dffffff,28.65104,77.29392,32,50.0
873da114dffffff,28.65104,77.29392,33,50.0
873da114dffffff,28.65104,77.29392,34,50.0
873da114dffffff,28.65104,77.29392,35,50.0
873da114dffffff,28.65104,77.29392,36,50.0
873da114dffffff,28.65104,77.29392,37,50.0
873da114dffffff,28.65104,77.29392,38,50.0
873da114dffffff,28.65104,77.29392,39,50.0
873da114dffffff,28.65104,77.29392,40,50.0
873da114dffffff,28.65104,77.29392,41,50.0
873da114effffff,28.62030,77.26672,0,50.0
873da114effffff,28.62030,77.26672,1,50.0
873da114effffff,28.62030,77.26672,2,50.0
873da114effffff,28.62030,77.26672,3,50.0
873da114effffff,28.62030,77.26672,4,50.0
873da114effffff,28.62030,77.26672,5,50.0
873da114effffff,28.62030,77.26672,6,50.0
873da114effffff,28.62030,77.26672,7,50.0
873da114effffff,28.62030,77.26672,8,50.0
873da114effffff,28.62030,77.26672,9,50.0
873da114effffff,28.62030,77.26672,10,50.0
873da114effffff,28.62030,77.26672,11,50.0
873da114effffff,28.62030,77.26672,12,50.0
873da114effffff,28.62030,77.26672,13,50.0
873da114effffff,28.62030,77.26672,14,50.0
873da114effffff,28.62030,77.26672,15,50.0
873da114effffff,28.62030,77.26672,16,50.0
873da114effffff,28.62030,77.26672,17,50.0
873da114effffff,28.62030,77.26672,18,50.0
873da114effffff,28.62030,77.26672,19,50.0
873da114effffff,28.62030,77.26672,20,50.0
873da114effffff,28.62030,77.26672,21,50.0
873da114effffff,28.62030,77.26672,22,50.0
873da114effffff,28.62030,77.26672,23,50.0
873da114effffff,28.62030,77.26672,24,50.0
873da114effffff,28.62030,77.26672,25,50.0
873da114effffff,28.62030,77.26672,26,50.0
873da114effffff,28.62030,77.26672,27,50.0
873da114effffff,28.62030,77.26672,28,50.0
873da114effffff,28.62030,77.26672,29,50.0
873da114effffff,28.62030,77.26672,30,50.0
873da114effffff,28.62030,77.26672,31,50.0
873da114effffff,28.62030,77.26672,32,50.0
873da114effffff,28.62030,77.26672,33,50.0
873da114effffff,28.62030,77.26672,34,50.0
873da114effffff,28.62030,77.26672,35,50.0
873da114effffff,28.62030,77.26672,36,50.0
873da114effffff,28.62030,77.26672,37,50.0
873da114effffff,28.62030,77.26672,38,50.0
873da114effffff,28.62030,77.26672,39,50.0
873da114effffff,28.62030,77.26672,40,50.0
873da114effffff,28.62030,77.26672,41,50.0
873da1150ffffff,28.57160,77.19158,0,50.0
873da1150ffffff,28.57160,77.19158,1,50.0
873da1150ffffff,28.57160,77.19158,2,50.0
873da1150ffffff,28.57160,77.19158,3,50.0
873da1150ffffff,28.57160,77.19158,4,50.0
873da1150ffffff,28.57160,77.19158,5,50.0
873da1150ffffff,28.57160,77.19158,6,50.0
873da1150ffffff,28.57160,77.19158,7,50.0
873da1150ffffff,28.57160,77.19158,8,50.0
873da1150ffffff,28.57160,77.19158,9,50.0
873da1150ffffff,28.57160,77.19158,10,50.0
873da1150ffffff,28.57160,77.19158,11,50.0
873da1150ffffff,28.57160,77.19158,12,50.0
873da1150ffffff,28.57160,77.19158,13,50.0
873da1150ffffff,28.57160,77.19158,14,50.0
873da1150ffffff,28.57160,77.19158,15,50.0
873da1150ffffff,28.57160,77.19158,16,50.0
873da1150ffffff,28.57160,77.19158,17,50.0
873da1150ffffff,28.57160,77.19158,18,50.0
873da1150ffffff,28.57160,77.19158,19,50.0
873da1150ffffff,28.57160,77.19158,20,50.0
873da1150ffffff,28.57160,77.19158,21,50.0
873da1150ffffff,28.57160,77.19158,22,50.0
873da1150ffffff,28.57160,77.19158,23,50.0
873da1150ffffff,28.57160,77.19158,24,50.0
873da1150ffffff,28.57160,77.19158,25,50.0
873da1150ffffff,28.57160,77.19158,26,50.0
873da1150ffffff,28.57160,77.19158,27,50.0
873da1150ffffff,28.57160,77.19158,28,50.0
873da1150ffffff,28.57160,77.19158,29,50.0
873da1150ffffff,28.57160,77.19158,30,50.0
873da1150ffffff,28.57160,77.19158,31,50.0
873da1150ffffff,28.57160,77.19158,32,50.0
873da1150ffffff,28.57160,77.19158,33,50.0
873da1150ffffff,28.57160,77.19158,34,50.0
873da1150ffffff,28.57160,77.19158,35,50.0
873da1150ffffff,28.57160,77.19158,36,50.0
873da1150ffffff,28.57160,77.19158,37,50.0
873da1150ffffff,28.57160,77.19158,38,50.0
873da1150ffffff,28.57160,77.19158,39,50.0
873da1150ffffff,28.57160,77.19158,40,50.0
873da1150ffffff,28.57160,77.19158,41,50.0
873da1151ffffff,28.58059,77.21556,0,50.0
873da1151ffffff,28.58059,77.21556,1,50.0
873da1151ffffff,28.58059,77.21556,2,50.0
873da1151ffffff,28.58059,77.21556,3,50.0
873da1151ffffff,28.58059,77.21556,4,50.0
873da1151ffffff,28.58059,77.21556,5,50.0
873da1151ffffff,28.58059,77.21556,6,50.0
873da1151ffffff,28.58059,77.21556,7,50.0
873da1151ffffff,28.58059,77.21556,8,50.0
873da1151ffffff,28.58059,77.21556,9,50.0
873da1151ffffff,28.58059,77.21556,10,50.0
873da1151ffffff,28.58059,77.21556,11,50.0
873da1151ffffff,28.58059,77.21556,12,50.0
873da1151ffffff,28.58059,77.21556,13,50.0
873da1151ffffff,28.58059,77.21556,14,50.0
873da1151ffffff,28.58059,77.21556,15,50.0
873da1151ffffff,28.58059,77.21556,16,50.0
873da1151ffffff,28.58059,77.21556,17,50.0
873da1151ffffff,28.58059,77.21556,18,50.0
873da1151ffffff,28.58059,77.21556,19,50.0
873da1151ffffff,28.58059,77.21556,20,50.0
873da1151ffffff,28.58059,77.21556,21,50.0
873da1151ffffff,28.58059,77.21556,22,50.0
873da1151ffffff,28.58059,77.21556,23,50.0
873da1151ffffff,28.58059,77.21556,24,50.0
873da1151ffffff,28.58059,77.21556,25,50.0
873da1151ffffff,28.58059,77.21556,26,50.0
873da1151ffffff,28.58059,77.21556,27,50.0
873da1151ffffff,28.58059,77.21556,28,50.0
873da1151ffffff,28.58059,77.21556,29,50.0
873da1151ffffff,28.58059,77.21556,30,50.0
873da1151ffffff,28.58059,77.21556,31,50.0
873da1151ffffff,28.58059,77.21556,32,50.0
873da1151ffffff,28.58059,77.21556,33,50.0
873da1151ffffff,28.58059,77.21556,34,50.0
873da1151ffffff,28.58059,77.21556,35,50.0
873da1151ffffff,28.58059,77.21556,36,50.0
873da1151ffffff,28.58059,77.21556,37,50.0
873da1151ffffff,28.58059,77.21556,38,50.0
873da1151ffffff,28.58059,77.21556,39,50.0
873da1151ffffff,28.58059,77.21556,40,50.0
873da1151ffffff,28.58059,77.21556,41,50.0
873da1152ffffff,28.54985,77.18842,0,50.0
873da1152ffffff,28.54985,77.18842,1,50.0
873da1152ffffff,28.54985,77.18842,2,50.0
873da1152ffffff,28.54985,77.18842,3,50.0
873da1152ffffff,28.54985,77.18842,4,50.0
873da1152ffffff,28.54985,77.18842,5,50.0
873da1152ffffff,28.54985,77.18842,6,50.0
873da1152ffffff,28.54985,77.18842,7,50.0
873da1152ffffff,28.54985,77.18842,8,50.0
873da1152ffffff,28.54985,77.18842,9,50.0
873da1152ffffff,28.54985,77.18842,10,50.0
873da1152ffffff,28.54985,77.18842,11,50.0
873da1152ffffff,28.54985,77.18842,12,50.0
873da1152ffffff,28.54985,77.18842,13,50.0
873da1152ffffff,28.54985,77.18842,14,50.0
873da1152ffffff,28.54985,77.18842,15,50.0
873da1152ffffff,28.54985,77.18842,16,50.0
873da1152ffffff,28.54985,77.18842,17,50.0
873da1152ffffff,28.54985,77.18842,18,50.0
873da1152ffffff,28.54985,77.18842,19,50.0
873da1152ffffff,28.54985,77.18842,20,50.0
873da1152ffffff,28.54985,77.18842,21,50.0
873da1152ffffff,28.54985,77.18842,22,50.0
873da1152ffffff,28.54985,77.18842,23,50.0
873da1152ffffff,28.54985,77.18842,24,50.0
873da1152ffffff,28.54985,77.18842,25,50.0
873da1152ffffff,28.54985,77.18842,26,50.0
873da1152ffffff,28.54985,77.18842,27,50.0
873da1152ffffff,28.54985,77.18842,28,50.0
873da1152ffffff,28.54985,77.18842,29,50.0
873da1152ffffff,28.54985,77.18842,30,50.0
873da1152ffffff,28.54985,77.18842,31,50.0
873da1152ffffff,28.54985,77.18842,32,50.0
873da1152ffffff,28.54985,77.18842,33,50.0
873da1152ffffff,28.54985,77.18842,34,50.0
873da1152ffffff,28.54985,77.18842,35,50.0
873da1152ffffff,28.54985,77.18842,36,50.0
873da1152ffffff,28.54985,77.18842,37,50.0
873da1152ffffff,28.54985,77.18842,38,50.0
873da1152ffffff,28.54985,77.18842,39,50.0
873da1152ffffff,28.54985,77.18842,40,50.0
873da1152ffffff,28.54985,77.18842,41,50.0
873da1153ffffff,28.55883,77.21239,0,50.0
873da1153ffffff,28.55883,77.21239,1,50.0
873da1153ffffff,28.55883,77.21239,2,50.0
873da1153ffffff,28.55883,77.21239,3,50.0
873da1153ffffff,28.55883,77.21239,4,50.0
873da1153ffffff,28.55883,77.21239,5,50.0
873da1153ffffff,28.55883,77.21239,6,50.0
873da1153ffffff,28.55883,77.21239,7,50.0
873da1153ffffff,28.55883,77.21239,8,50.0
873da1153ffffff,28.55883,77.21239,9,50.0
873da1153ffffff,28.55883,77.21239,10,50.0
873da1153ffffff,28.55883,77.21239,11,50.0
873da1153ffffff,28.55883,77.21239,12,50.0
873da1153ffffff,28.55883,77.21239,13,50.0
873da1153ffffff,28.55883,77.21239,14,50.0
873da1153ffffff,28.55883,77.21239,15,50.0
873da1153ffffff,28.55883,77.21239,16,50.0
873da1153ffffff,28.55883,77.21239,17,50.0
873da1153ffffff,28.55883,77.21239,18,50.0
873da1153ffffff,28.55883,77.21239,19,50.0
873da1153ffffff,28.55883,77.21239,20,50.0
873da1153ffffff,28.55883,77.21239,21,50.0
873da1153ffffff,28.55883,77.21239,22,50.0
873da1153ffffff,28.55883,77.21239,23,50.0
873da1153ffffff,28.55883,77.21239,24,50.0
873da1153ffffff,28.55883,77.21239,25,50.0
873da1153ffffff,28.55883,77.21239,26,50.0
873da1153ffffff,28.55883,77.21239,27,50.0
873da1153ffffff,28.55883,77.21239,28,50.0
873da1153ffffff,28.55883,77.21239,29,50.0
873da1153ffffff,28.55883,77.21239,30,50.0
873da1153ffffff,28.55883,77.21239,31,50.0
873da1153ffffff,28.55883,77.21239,32,50.0
873da1153ffffff,28.55883,77.21239,33,50.0
873da1153ffffff,28.55883,77.21239,34,50.0
873da1153ffffff,28.55883,77.21239,35,50.0
873da1153ffffff,28.55883,77.21239,36,50.0
873da1153ffffff,28.55883,77.21239,37,50.0
873da1153ffffff,28.55883,77.21239,38,50.0
873da1153ffffff,28.55883,77.21239,39,50.0
873da1153ffffff,28.55883,77.21239,40,50.0
873da1153ffffff,28.55883,77.21239,41,50.0
873da1154ffffff,28.58437,77.17077,0,50.0
873da1154ffffff,28.58437,77.17077,1,50.0
873da1154ffffff,28.58437,77.17077,2,50.0
873da1154ffffff,28.58437,77.17077,3,50.0
873da1154ffffff,28.58437,77.17077,4,50.0
873da1154ffffff,28.58437,77.17077,5,50.0
873da1154ffffff,28.58437,77.17077,6,50.0
873da1154ffffff,28.58437,77.17077,7,50.0
873da1154ffffff,28.58437,77.17077,8,50.0
873da1154ffffff,28.58437,77.17077,9,50.0
873da1154ffffff,28.58437,77.17077,10,50.0
873da1154ffffff,28.58437,77.17077,11,50.0
873da1154ffffff,28.58437,77.17077,12,50.0
873da1154ffffff,28.58437,77.17077,13,50.0
873da1154ffffff,28.58437,77.17077,14,50.0
873da1154ffffff,28.58437,77.17077,15,50.0
873da1154ffffff,28.58437,77.17077,16,50.0
873da1154ffffff,28.58437,77.17077,17,50.0
873da1154ffffff,28.58437,77.17077,18,50.0
873da1154ffffff,28.58437,77.17077,19,50.0
873da1154ffffff,28.58437,77.17077,20,50.0
873da1154ffffff,28.58437,77.17077,21,50.0
873da1154ffffff,28.58437,77.17077,22,50.0
873da1154ffffff,28.58437,77.17077,23,50.0
873da1154ffffff,28.58437,77.17077,24,50.0
873da1154ffffff,28.58437,77.17077,25,50.0
873da1154ffffff,28.58437,77.17077,26,50.0
873da1154ffffff,28.58437,77.17077,27,50.0
873da1154ffffff,28.58437,77.17077,28,50.0
873da1154ffffff,28.58437,77.17077,29,50.0
873da1154ffffff,28.58437,77.17077,30,50.0
873da1154ffffff,28.58437,77.17077,31,50.0
873da1154ffffff,28.58437,77.17077,32,50.0
873da1154ffffff,28.58437,77.17077,33,50.0
873da1154ffffff,28.58437,77.17077,34,50.0
873da1154ffffff,28.58437,77.17077,35,50.0
873da1154ffffff,28.58437,77.17077,36,50.0
873da1154ffffff,28.58437,77.17077,37,50.0
873da1154ffffff,28.58437,77.17077,38,50.0
873da1154ffffff,28.58437,77.17077,39,50.0
873da1154ffffff,28.58437,77.17077,40,50.0
873da1154ffffff,28.58437,77.17077,41,50.0
873da1155ffffff,28.59336,77.19475,0,50.0
873da1155ffffff,28.59336,77.19475,1,50.0
873da1155ffffff,28.59336,77.19475,2,50.0
873da1155ffffff,28.59336,77.19475,3,50.0
873da1155ffffff,28.59336,77.19475,4,50.0
873da1155ffffff,28.59336,77.19475,5,50.0
873da1155ffffff,28.59336,77.19475,6,50.0
873da1155ffffff,28.59336,77.19475,7,50.0
873da1155ffffff,28.59336,77.19475,8,50.0
873da1155ffffff,28.59336,77.19475,9,50.0
873da1155ffffff,28.59336,77.19475,10,50.0
873da1155ffffff,28.59336,77.19475,11,50.0
873da1155ffffff,28.59336,77.19475,12,50.0
873da1155ffffff,28.59336,77.19475,13,50.0
873da1155ffffff,28.59336,77.19475,14,50.0
873da1155ffffff,28.59336,77.19475,15,50.0
873da1155ffffff,28.59336,77.19475,16,50.0
873da1155ffffff,28.59336,77.19475,17,50.0
873da1155ffffff,28.59336,77.19475,18,50.0
873da1155ffffff,28.59336,77.19475,19,50.0
873da1155ffffff,28.59336,77.19475,20,50.0
873da1155ffffff,28.59336,77.19475,21,50.0
873da1155ffffff,28.59336,77.19475,22,50.0
873da1155ffffff,28.59336,77.19475,23,50.0
873da1155ffffff,28.59336,77.19475,24,50.0
873da1155ffffff,28.59336,77.19475,25,50.0
873da1155ffffff,28.59336,77.19475,26,50.0
873da1155ffffff,28.59336,77.19475,27,50.0
873da1155ffffff,28.59336,77.19475,28,50.0
873da1155ffffff,28.59336,77.19475,29,50.0
873da1155ffffff,28.59336,77.19475,30,50.0
873da1155ffffff,28.59336,77.19475,31,50.0
873da1155ffffff,28.59336,77.19475,32,50.0
873da1155ffffff,28.59336,77.19475,33,50.0
873da1155ffffff,28.59336,77.19475,34,50.0
873da1155ffffff,28.59336,77.19475,35,50.0
873da1155ffffff,28.59336,77.19475,36,50.0
873da1155ffffff,28.59336,77.19475,37,50.0
873da1155ffffff,28.59336,77.19475,38,50.0
873da1155ffffff,28.59336,77.19475,39,50.0
873da1155ffffff,28.59336,77.19475,40,50.0
873da1155ffffff,28.59336,77.19475,41,50.0
873da1156ffffff,28.56261,77.16761,0,50.0
873da1156ffffff,28.56261,77.16761,1,50.0
873da1156ffffff,28.56261,77.16761,2,50.0
873da1156ffffff,28.56261,77.16761,3,50.0
873da1156ffffff,28.56261,77.16761,4,50.0
873da1156ffffff,28.56261,77.16761,5,50.0
873da1156ffffff,28.56261,77.16761,6,50.0
873da1156ffffff,28.56261,77.16761,7,50.0
873da1156ffffff,28.56261,77.16761,8,50.0
873da1156ffffff,28.56261,77.16761,9,50.0
873da1156ffffff,28.56261,77.16761,10,50.0
873da1156ffffff,28.56261,77.16761,11,50.0
873da1156ffffff,28.56261,77.16761,12,50.0
873da1156ffffff,28.56261,77.16761,13,50.0
873da1156ffffff,28.56261,77.16761,14,50.0
873da1156ffffff,28.56261,77.16761,15,50.0
873da1156ffffff,28.56261,77.16761,16,50.0
873da1156ffffff,28.56261,77.16761,17,50.0
873da1156ffffff,28.56261,77.16761,18,50.0
873da1156ffffff,28.56261,77.16761,19,50.0
873da1156ffffff,28.56261,77.16761,20,50.0
873da1156ffffff,28.56261,77.16761,21,50.0
873da1156ffffff,28.56261,77.16761,22,50.0
873da1156ffffff,28.56261,77.16761,23,50.0
873da1156ffffff,28.56261,77.16761,24,50.0
873da1156ffffff,28.56261,77.16761,25,50.0
873da1156ffffff,28.56261,77.16761,26,50.0
873da1156ffffff,28.56261,77.16761,27,50.0
873da1156ffffff,28.56261,77.16761,28,50.0
873da1156ffffff,28.56261,77.16761,29,50.0
873da1156ffffff,28.56261,77.16761,30,50.0
873da1156ffffff,28.56261,77.16761,31,50.0
873da1156ffffff,28.56261,77.16761,32,50.0
873da1156ffffff,28.56261,77.16761,33,50.0
873da1156ffffff,28.56261,77.16761,34,50.0
873da1156ffffff,28.56261,77.16761,35,50.0
873da1156ffffff,28.56261,77.16761,36,50.0
873da1156ffffff,28.56261,77.16761,37,50.0
873da1156ffffff,28.56261,77.16761,38,50.0
873da1156ffffff,28.56261,77.16761,39,50.0
873da1156ffffff,28.56261,77.16761,40,50.0
873da1156ffffff,28.56261,77.16761,41,50.0
873da1158ffffff,28.57679,77.26034,0,50.0
873da1158ffffff,28.57679,77.26034,1,50.0
873da1158ffffff,28.57679,77.26034,2,50.0
873da1158ffffff,28.57679,77.26034,3,50.0
873da1158ffffff,28.57679,77.26034,4,50.0
873da1158ffffff,28.57679,77.26034,5,50.0
873da1158ffffff,28.57679,77.26034,6,50.0
873da1158ffffff,28.57679,77.26034,7,50.0
873da1158ffffff,28.57679,77.26034,8,50.0
873da1158ffffff,28.57679,77.26034,9,50.0
873da1158ffffff,28.57679,77.26034,10,50.0
873da1158ffffff,28.57679,77.26034,11,50.0
873da1158ffffff,28.57679,77.26034,12,50.0
873da1158ffffff,28.57679,77.26034,13,50.0
873da1158ffffff,28.57679,77.26034,14,50.0
873da1158ffffff,28.57679,77.26034,15,50.0
873da1158ffffff,28.57679,77.26034,16,50.0
873da1158ffffff,28.57679,77.26034,17,50.0
873da1158ffffff,28.57679,77.26034,18,50.0
873da1158ffffff,28.57679,77.26034,19,50.0
873da1158ffffff,28.57679,77.26034,20,50.0
873da1158ffffff,28.57679,77.26034,21,50.0
873da1158ffffff,28.57679,77.26034,22,50.0
873da1158ffffff,28.57679,77.26034,23,50.0
873da1158ffffff,28.57679,77.26034,24,50.0
873da1158ffffff,28.57679,77.26034,25,50.0
873da1158ffffff,28.57679,77.26034,26,50.0
873da1158ffffff,28.57679,77.26034,27,50.0
873da1158ffffff,28.57679,77.26034,28,50.0
873da1158ffffff,28.57679,77.26034,29,50.0
873da1158ffffff,28.57679,77.26034,30,50.0
873da1158ffffff,28.57679,77.26034,31,50.0
873da1158ffffff,28.57679,77.26034,32,50.0
873da1158ffffff,28.57679,77.26034,33,50.0
873da1158ffffff,28.57679,77.26034,34,50.0
873da1158ffffff,28.57679,77.26034,35,50.0
873da1158ffffff,28.57679,77.26034,36,50.0
873da1158ffffff,28.57679,77.26034,37,50.0
873da1158ffffff,28.57679,77.26034,38,50.0
873da1158ffffff,28.57679,77.26034,39,50.0
873da1158ffffff,28.57679,77.26034,40,50.0
873da1158ffffff,28.57679,77.26034,41,50.0
873da1159ffffff,28.58576,77.28433,0,50.0
873da1159ffffff,28.58576,77.28433,1,50.0
873da1159ffffff,28.58576,77.28433,2,50.0
873da1159ffffff,28.58576,77.28433,3,50.0
873da1159ffffff,28.58576,77.28433,4,50.0
873da1159ffffff,28.58576,77.28433,5,50.0
873da1159ffffff,28.58576,77.28433,6,50.0
873da1159ffffff,28.58576,77.28433,7,50.0
873da1159ffffff,28.58576,77.28433,8,50.0
873da1159ffffff,28.58576,77.28433,9,50.0
873da1159ffffff,28.58576,77.28433,10,50.0
873da1159ffffff,28.58576,77.28433,11,50.0
873da1159ffffff,28.58576,77.28433,12,50.0
873da1159ffffff,28.58576,77.28433,13,50.0
873da1159ffffff,28.58576,77.28433,14,50.0
873da1159ffffff,28.58576,77.28433,15,50.0
873da1159ffffff,28.58576,77.28433,16,50.0
873da1159ffffff,28.58576,77.28433,17,50.0
873da1159ffffff,28.58576,77.28433,18,50.0
873da1159ffffff,28.58576,77.28433,19,50.0
873da1159ffffff,28.58576,77.28433,20,50.0
873da1159ffffff,28.58576,77.28433,21,50.0
873da1159ffffff,28.58576,77.28433,22,50.0
873da1159ffffff,28.58576,77.28433,23,50.0
873da1159ffffff,28.58576,77.28433,24,50.0
873da1159ffffff,28.58576,77.28433,25,50.0
873da1159ffffff,28.58576,77.28433,26,50.0
873da1159ffffff,28.58576,77.28433,27,50.0
873da1159ffffff,28.58576,77.28433,28,50.0
873da1159ffffff,28.58576,77.28433,29,50.0
873da1159ffffff,28.58576,77.28433,30,50.0
873da1159ffffff,28.58576,77.28433,31,50.0
873da1159ffffff,28.58576,77.28433,32,50.0
873da1159ffffff,28.58576,77.28433,33,50.0
873da1159ffffff,28.58576,77.28433,34,50.0
873da1159ffffff,28.58576,77.28433,35,50.0
873da1159ffffff,28.58576,77.28433,36,50.0
873da1159ffffff,28.58576,77.28433,37,50.0
873da1159ffffff,28.58576,77.28433,38,50.0
873da1159ffffff,28.58576,77.28433,39,50.0
873da1159ffffff,28.58576,77.28433,40,50.0
873da1159ffffff,28.58576,77.28433,41,50.0
873da115affffff,28.55504,77.25716,0,50.0
873da115affffff,28.55504,77.25716,1,50.0
873da115affffff,28.55504,77.25716,2,50.0
873da115affffff,28.55504,77.25716,3,50.0
873da115affffff,28.55504,77.25716,4,50.0
873da115affffff,28.55504,77.25716,5,50.0
873da115affffff,28.55504,77.25716,6,50.0
873da115affffff,28.55504,77.25716,7,50.0
873da115affffff,28.55504,77.25716,8,50.0
873da115affffff,28.55504,77.25716,9,50.0
873da115affffff,28.55504,77.25716,10,50.0
873da115affffff,28.55504,77.25716,11,50.0
873da115affffff,28.55504,77.25716,12,50.0
873da115affffff,28.55504,77.25716,13,50.0
873da115affffff,28.55504,77.25716,14,50.0
873da115affffff,28.55504,77.25716,15,50.0
873da115affffff,28.55504,77.25716,16,50.0
873da115affffff,28.55504,77.25716,17,50.0
873da115affffff,28.55504,77.25716,18,50.0
873da115affffff,28.55504,77.25716,19,50.0
873da115affffff,28.55504,77.25716,20,50.0
873da115affffff,28.55504,77.25716,21,50.0
873da115affffff,28.55504,77.25716,22,50.0
873da115affffff,28.55504,77.25716,23,50.0
873da115affffff,28.55504,77.25716,24,50.0
873da115affffff,28.55504,77.25716,25,50.0
873da115affffff,28.55504,77.25716,26,50.0
873da115affffff,28.55504,77.25716,27,50.0
873da115affffff,28.55504,77.25716,28,50.0
873da115affffff,28.55504,77.25716,29,50.0
873da115affffff,28.55504,77.25716,30,50.0
873da115affffff,28.55504,77.25716,31,50.0
873da115affffff,28.55504,77.25716,32,50.0
873da115affffff,28.55504,77.25716,33,50.0
873da115affffff,28.55504,77.25716,34,50.0
873da115affffff,28.55504,77.25716,35,50.0
873da115affffff,28.55504,77.25716,36,50.0
873da115affffff,28.55504,77.25716,37,50.0
873da115affffff,28.55504,77.25716,38,50.0
873da115affffff,28.55504,77.25716,39,50.0
873da115affffff,28.55504,77.25716,40,50.0
873da115affffff,28.55504,77.25716,41,50.0
873da115bffffff,28.56401,77.28114,0,50.0
873da115bffffff,28.56401,77.28114,1,50.0
873da115bffffff,28.56401,77.28114,2,50.0
873da115bffffff,28.56401,77.28114,3,50.0
873da115bffffff,28.56401,77.28114,4,50.0
873da115bffffff,28.56401,77.28114,5,50.0
873da115bffffff,28.56401,77.28114,6,50.0
873da115bffffff,28.56401,77.28114,7,50.0
873da115bffffff,28.56401,77.28114,8,50.0
873da115bffffff,28.56401,77.28114,9,50.0
873da115bffffff,28.56401,77.28114,10,50.0
873da115bffffff,28.56401,77.28114,11,50.0
873da115bffffff,28.56401,77.28114,12,50.0
873da115bffffff,28.56401,77.28114,13,50.0
873da115bffffff,28.56401,77.28114,14,50.0
873da115bffffff,28.56401,77.28114,15,50.0
873da115bffffff,28.56401,77.28114,16,50.0
873da115bffffff,28.56401,77.28114,17,50.0
873da115bffffff,28.56401,77.28114,18,50.0
873da115bffffff,28.56401,77.28114,19,50.0
873da115bffffff,28.56401,77.28114,20,50.0
873da115bffffff,28.56401,77.28114,21,50.0
873da115bffffff,28.56401,77.28114,22,50.0
873da115bffffff,28.56401,77.28114,23,50.0
873da115bffffff,28.56401,77.28114,24,50.0
873da115bffffff,28.56401,77.28114,25,50.0
873da115bffffff,28.56401,77.28114,26,50.0
873da115bffffff,28.56401,77.28114,27,50.0
873da115bffffff,28.56401,77.28114,28,50.0
873da115bffffff,28.56401,77.28114,29,50.0
873da115bffffff,28.56401,77.28114,30,50.0
873da115bffffff,28.56401,77.28114,31,50.0
873da115bffffff,28.56401,77.28114,32,50.0
873da115bffffff,28.56401,77.28114,33,50.0
873da115bffffff,28.56401,77.28114,34,50.0
873da115bffffff,28.56401,77.28114,35,50.0
873da115bffffff,28.56401,77.28114,36,50.0
873da115bffffff,28.56401,77.28114,37,50.0
873da115bffffff,28.56401,77.28114,38,50.0
873da115bffffff,28.56401,77.28114,39,50.0
873da115bffffff,28.56401,77.28114,40,50.0
873da115bffffff,28.56401,77.28114,41,50.0
873da115cffffff,28.58957,77.23954,0,50.0
873da115cffffff,28.58957,77.23954,1,50.0
873da115cffffff,28.58957,77.23954,2,50.0
873da115cffffff,28.58957,77.23954,3,50.0
873da115cffffff,28.58957,77.23954,4,50.0
873da115cffffff,28.58957,77.23954,5,50.0
873da115cffffff,28.58957,77.23954,6,50.0
873da115cffffff,28.58957,77.23954,7,50.0
873da115cffffff,28.58957,77.23954,8,50.0
873da115cffffff,28.58957,77.23954,9,50.0
873da115cffffff,28.58957,77.23954,10,50.0
873da115cffffff,28.58957,77.23954,11,50.0
873da115cffffff,28.58957,77.23954,12,50.0
873da115cffffff,28.58957,77.23954,13,50.0
873da115cffffff,28.58957,77.23954,14,50.0
873da115cffffff,28.58957,77.23954,15,50.0
873da115cffffff,28.58957,77.23954,16,50.0
873da115cffffff,28.58957,77.23954,17,50.0
873da115cffffff,28.58957,77.23954,18,50.0
873da115cffffff,28.58957,77.23954,19,50.0
873da115cffffff,28.58957,77.23954,20,50.0
873da115cffffff,28.58957,77.23954,21,50.0
873da115cffffff,28.58957,77.23954,22,50.0
873da115cffffff,28.58957,77.23954,23,50.0
873da115cffffff,28.58957,77.23954,24,50.0
873da115cffffff,28.58957,77.23954,25,50.0
873da115cffffff,28.58957,77.23954,26,50.0
873da115cffffff,28.58957,77.23954,27,50.0
873da115cffffff,28.58957,77.23954,28,50.0
873da115cffffff,28.58957,77.23954,29,50.0
873da115cffffff,28.58957,77.23954,30,50.0
873da115cffffff,28.58957,77.23954,31,50.0
873da115cffffff,28.58957,77.23954,32,50.0
873da115cffffff,28.58957,77.23954,33,50.0
873da115cffffff,28.58957,77.23954,34,50.0
873da115cffffff,28.58957,77.23954,35,50.0
873da115cffffff,28.58957,77.23954,36,50.0
873da115cffffff,28.58957,77.23954,37,50.0
873da115cffffff,28.58957,77.23954,38,50.0
873da115cffffff,28.58957,77.23954,39,50.0
873da115cffffff,28.58957,77.23954,40,50.0
873da115cffffff,28.58957,77.23954,41,50.0
873da115dffffff,28.59854,77.26353,0,50.0
873da115dffffff,28.59854,77.26353,1,50.0
873da115dffffff,28.59854,77.26353,2,50.0
873da115dffffff,28.59854,77.26353,3,50.0
873da115dffffff,28.59854,77.26353,4,50.0
873da115dffffff,28.59854,77.26353,5,50.0
873da115dffffff,28.59854,77.26353,6,50.0
873da115dffffff,28.59854,77.26353,7,50.0
873da115dffffff,28.59854,77.26353,8,50.0
873da115dffffff,28.59854,77.26353,9,50.0
873da115dffffff,28.59854,77.26353,10,50.0
873da115dffffff,28.59854,77.26353,11,50.0
873da115dffffff,28.59854,77.26353,12,50.0
873da115dffffff,28.59854,77.26353,13,50.0
873da115dffffff,28.59854,77.26353,14,50.0
873da115dffffff,28.59854,77.26353,15,50.0
873da115dffffff,28.59854,77.26353,16,50.0
873da115dffffff,28.59854,77.26353,17,50.0
873da115dffffff,28.59854,77.26353,18,50.0
873da115dffffff,28.59854,77.26353,19,50.0
873da115dffffff,28.59854,77.26353,20,50.0
873da115dffffff,28.59854,77.26353,21,50.0
873da115dffffff,28.59854,77.26353,22,50.0
873da115dffffff,28.59854,77.26353,23,50.0
873da115dffffff,28.59854,77.26353,24,50.0
873da115dffffff,28.59854,77.26353,25,50.0
873da115dffffff,28.59854,77.26353,26,50.0
873da115dffffff,28.59854,77.26353,27,50.0
873da115dffffff,28.59854,77.26353,28,50.0
873da115dffffff,28.59854,77.26353,29,50.0
873da115dffffff,28.59854,77.26353,30,50.0
873da115dffffff,28.59854,77.26353,31,50.0
873da115dffffff,28.59854,77.26353,32,50.0
873da115dffffff,28.59854,77.26353,33,50.0
873da115dffffff,28.59854,77.26353,34,50.0
873da115dffffff,28.59854,77.26353,35,50.0
873da115dffffff,28.59854,77.26353,36,50.0
873da115dffffff,28.59854,77.26353,37,50.0
873da115dffffff,28.59854,77.26353,38,50.0
873da115dffffff,28.59854,77.26353,39,50.0
873da115dffffff,28.59854,77.26353,40,50.0
873da115dffffff,28.59854,77.26353,41,50.0
873da115effffff,28.56781,77.23636,0,50.0
873da115effffff,28.56781,77.23636,1,50.0
873da115effffff,28.56781,77.23636,2,50.0
873da115effffff,28.56781,77.23636,3,50.0
873da115effffff,28.56781,77.23636,4,50.0
873da115effffff,28.56781,77.23636,5,50.0
873da115effffff,28.56781,77.23636,6,50.0
873da115effffff,28.56781,77.23636,7,50.0
873da115effffff,28.56781,77.23636,8,50.0
873da115effffff,28.56781,77.23636,9,50.0
873da115effffff,28.56781,77.23636,10,50.0
873da115effffff,28.56781,77.23636,11,50.0
873da115effffff,28.56781,77.23636,12,50.0
873da115effffff,28.56781,77.23636,13,50.0
873da115effffff,28.56781,77.23636,14,50.0
873da115effffff,28.56781,77.23636,15,50.0
873da115effffff,28.56781,77.23636,16,50.0
873da115effffff,28.56781,77.23636,17,50.0
873da115effffff,28.56781,77.23636,18,50.0
873da115effffff,28.56781,77.23636,19,50.0
873da115effffff,28.56781,77.23636,20,50.0
873da115effffff,28.56781,77.23636,21,50.0
873da115effffff,28.56781,77.23636,22,50.0
873da115effffff,28.56781,77.23636,23,50.0
873da115effffff,28.56781,77.23636,24,50.0
873da115effffff,28.56781,77.23636,25,50.0
873da115effffff,28.56781,77.23636,26,50.0
873da115effffff,28.56781,77.23636,27,50.0
873da115effffff,28.56781,77.23636,28,50.0
873da115effffff,28.56781,77.23636,29,50.0
873da115effffff,28.56781,77.23636,30,50.0
873da115effffff,28.56781,77.23636,31,50.0
873da115effffff,28.56781,77.23636,32,50.0
873da115effffff,28.56781,77.23636,33,50.0
873da115effffff,28.56781,77.23636,34,50.0
873da115effffff,28.56781,77.23636,35,50.0
873da115effffff,28.56781,77.23636,36,50.0
873da115effffff,28.56781,77.23636,37,50.0
873da115effffff,28.56781,77.23636,38,50.0
873da115effffff,28.56781,77.23636,39,50.0
873da115effffff,28.56781,77.23636,40,50.0
873da115effffff,28.56781,77.23636,41,50.0
873da1160ffffff,28.67144,77.18342,0,50.0
873da1160ffffff,28.67144,77.18342,1,50.0
873da1160ffffff,28.67144,77.18342,2,50.0
873da1160ffffff,28.67144,77.18342,3,50.0
873da1160ffffff,28.67144,77.18342,4,50.0
873da1160ffffff,28.67144,77.18342,5,50.0
873da1160ffffff,28.67144,77.18342,6,50.0
873da1160ffffff,28.67144,77.18342,7,50.0
873da1160ffffff,28.67144,77.18342,8,50.0
873da1160ffffff,28.67144,77.18342,9,50.0
873da1160ffffff,28.67144,77.18342,10,50.0
873da1160ffffff,28.67144,77.18342,11,50.0
873da1160ffffff,28.67144,77.18342,12,50.0
873da1160ffffff,28.67144,77.18342,13,50.0
873da1160ffffff,28.67144,77.18342,14,50.0
873da1160ffffff,28.67144,77.18342,15,50.0
873da1160ffffff,28.67144,77.18342,16,50.0
873da1160ffffff,28.67144,77.18342,17,50.0
873da1160ffffff,28.67144,77.18342,18,50.0
873da1160ffffff,28.67144,77.18342,19,50.0
873da1160ffffff,28.67144,77.18342,20,50.0
873da1160ffffff,28.67144,77.18342,21,50.0
873da1160ffffff,28.67144,77.18342,22,50.0
873da1160ffffff,28.67144,77.18342,23,50.0
873da1160ffffff,28.67144,77.18342,24,50.0
873da1160ffffff,28.67144,77.18342,25,50.0
873da1160ffffff,28.67144,77.18342,26,50.0
873da1160ffffff,28.67144,77.18342,27,50.0
873da1160ffffff,28.67144,77.18342,28,50.0
873da1160ffffff,28.67144,77.18342,29,50.0
873da1160ffffff,28.67144,77.18342,30,50.0
873da1160ffffff,28.67144,77.18342,31,50.0
873da1160ffffff,28.67144,77.18342,32,50.0
873da1160ffffff,28.67144,77.18342,33,50.0
873da1160ffffff,28.67144,77.18342,34,50.0
873da1160ffffff,28.67144,77.18342,35,50.0
873da1160ffffff,28.67144,77.18342,36,50.0
873da1160ffffff,28.67144,77.18342,37,50.0
873da1160ffffff,28.67144,77.18342,38,50.0
873da1160ffffff,28.67144,77.18342,39,50.0
873da1160ffffff,28.67144,77.18342,40,50.0
873da1160ffffff,28.67144,77.18342,41,50.0
873da1161ffffff,28.68043,77.20743,0,50.0
873da1161ffffff,28.68043,77.20743,1,50.0
873da1161ffffff,28.68043,77.20743,2,50.0
873da1161ffffff,28.68043,77.20743,3,50.0
873da1161ffffff,28.68043,77.20743,4,50.0
873da1161ffffff,28.68043,77.20743,5,50.0
873da1161ffffff,28.68043,77.20743,6,50.0
873da1161ffffff,28.68043,77.20743,7,50.0
873da1161ffffff,28.68043,77.20743,8,50.0
873da1161ffffff,28.68043,77.20743,9,50.0
873da1161ffffff,28.68043,77.20743,10,50.0
873da1161ffffff,28.68043,77.20743,11,50.0
873da1161ffffff,28.68043,77.20743,12,50.0
873da1161ffffff,28.68043,77.20743,13,50.0
873da1161ffffff,28.68043,77.20743,14,50.0
873da1161ffffff,28.68043,77.20743,15,50.0
873da1161ffffff,28.68043,77.20743,16,50.0
873da1161ffffff,28.68043,77.20743,17,50.0
873da1161ffffff,28.68043,77.20743,18,50.0
873da1161ffffff,28.68043,77.20743,19,50.0
873da1161ffffff,28.68043,77.20743,20,50.0
873da1161ffffff,28.68043,77.20743,21,50.0
873da1161ffffff,28.68043,77.20743,22,50.0
873da1161ffffff,28.68043,77.20743,23,50.0
873da1161ffffff,28.68043,77.20743,24,50.0
873da1161ffffff,28.68043,77.20743,25,50.0
873da1161ffffff,28.68043,77.20743,26,50.0
873da1161ffffff,28.68043,77.20743,27,50.0
873da1161ffffff,28.68043,77.20743,28,50.0
873da1161ffffff,28.68043,77.20743,29,50.0
873da1161ffffff,28.68043,77.20743,30,50.0
873da1161ffffff,28.68043,77.20743,31,50.0
873da1161ffffff,28.68043,77.20743,32,50.0
873da1161ffffff,28.68043,77.20743,33,50.0
873da1161ffffff,28.68043,77.20743,34,50.0
873da1161ffffff,28.68043,77.20743,35,50.0
873da1161ffffff,28.68043,77.20743,36,50.0
873da1161ffffff,28.68043,77.20743,37,50.0
873da1161ffffff,28.68043,77.20743,38,50.0
873da1161ffffff,28.68043,77.20743,39,50.0
873da1161ffffff,28.68043,77.20743,40,50.0
873da1161ffffff,28.68043,77.20743,41,50.0
873da1162ffffff,28.64966,77.18025,0,50.0
873da1162ffffff,28.64966,77.18025,1,50.0
873da1162ffffff,28.64966,77.18025,2,50.0
873da1162ffffff,28.64966,77.18025,3,50.0
873da1162ffffff,28.64966,77.18025,4,50.0
873da1162ffffff,28.64966,77.18025,5,50.0
873da1162ffffff,28.64966,77.18025,6,50.0
873da1162ffffff,28.64966,77.18025,7,50.0
873da1162ffffff,28.64966,77.18025,8,50.0
873da1162ffffff,28.64966,77.18025,9,50.0
873da1162ffffff,28.64966,77.18025,10,50.0
873da1162ffffff,28.64966,77.18025,11,50.0
873da1162ffffff,28.64966,77.18025,12,50.0
873da1162ffffff,28.64966,77.18025,13,50.0
873da1162ffffff,28.64966,77.18025,14,50.0
873da1162ffffff,28.64966,77.18025,15,50.0
873da1162ffffff,28.64966,77.18025,16,50.0
873da1162ffffff,28.64966,77.18025,17,50.0
873da1162ffffff,28.64966,77.18025,18,50.0
873da1162ffffff,28.64966,77.18025,19,50.0
873da1162ffffff,28.64966,77.18025,20,50.0
873da1162ffffff,28.64966,77.18025,21,50.0
873da1162ffffff,28.64966,77.18025,22,50.0
873da1162ffffff,28.64966,77.18025,23,50.0
873da1162ffffff,28.64966,77.18025,24,50.0
873da1162ffffff,28.64966,77.18025,25,50.0
873da1162ffffff,28.64966,77.18025,26,50.0
873da1162ffffff,28.64966,77.18025,27,50.0
873da1162ffffff,28.64966,77.18025,28,50.0
873da1162ffffff,28.64966,77.18025,29,50.0
873da1162ffffff,28.64966,77.18025,30,50.0
873da1162ffffff,28.64966,77.18025,31,50.0
873da1162ffffff,28.64966,77.18025,32,50.0
873da1162ffffff,28.64966,77.18025,33,50.0
873da1162ffffff,28.64966,77.18025,34,50.0
873da1162ffffff,28.64966,77.18025,35,50.0
873da1162ffffff,28.64966,77.18025,36,50.0
873da1162ffffff,28.64966,77.18025,37,50.0
873da1162ffffff,28.64966,77.18025,38,50.0
873da1162ffffff,28.64966,77.18025,39,50.0
873da1162ffffff,28.64966,77.18025,40,50.0
873da1162ffffff,28.64966,77.18025,41,50.0
873da1163ffffff,28.65865,77.20426,0,50.0
873da1163ffffff,28.65865,77.20426,1,50.0
873da1163ffffff,28.65865,77.20426,2,50.0
873da1163ffffff,28.65865,77.20426,3,50.0
873da1163ffffff,28.65865,77.20426,4,50.0
873da1163ffffff,28.65865,77.20426,5,50.0
873da1163ffffff,28.65865,77.20426,6,50.0
873da1163ffffff,28.65865,77.20426,7,50.0
873da1163ffffff,28.65865,77.20426,8,50.0
873da1163ffffff,28.65865,77.20426,9,50.0
873da1163ffffff,28.65865,77.20426,10,50.0
873da1163ffffff,28.65865,77.20426,11,50.0
873da1163ffffff,28.65865,77.20426,12,50.0
873da1163ffffff,28.65865,77.20426,13,50.0
873da1163ffffff,28.65865,77.20426,14,50.0
873da1163ffffff,28.65865,77.20426,15,50.0
873da1163ffffff,28.65865,77.20426,16,50.0
873da1163ffffff,28.65865,77.20426,17,50.0
873da1163ffffff,28.65865,77.20426,18,50.0
873da1163ffffff,28.65865,77.20426,19,50.0
873da1163ffffff,28.65865,77.20426,20,50.0
873da1163ffffff,28.65865,77.20426,21,50.0
873da1163ffffff,28.65865,77.20426,22,50.0
873da1163ffffff,28.65865,77.20426,23,50.0
873da1163ffffff,28.65865,77.20426,24,50.0
873da1163ffffff,28.65865,77.20426,25,50.0
873da1163ffffff,28.65865,77.20426,26,50.0
873da1163ffffff,28.65865,77.20426,27,50.0
873da1163ffffff,28.65865,77.20426,28,50.0
873da1163ffffff,28.65865,77.20426,29,50.0
873da1163ffffff,28.65865,77.20426,30,50.0
873da1163ffffff,28.65865,77.20426,31,50.0
873da1163ffffff,28.65865,77.20426,32,50.0
873da1163ffffff,28.65865,77.20426,33,50.0
873da1163ffffff,28.65865,77.20426,34,50.0
873da1163ffffff,28.65865,77.20426,35,50.0
873da1163ffffff,28.65865,77.20426,36,50.0
873da1163ffffff,28.65865,77.20426,37,50.0
873da1163ffffff,28.65865,77.20426,38,50.0
873da1163ffffff,28.65865,77.20426,39,50.0
873da1163ffffff,28.65865,77.20426,40,50.0
873da1163ffffff,28.65865,77.20426,41,50.0
873da1164ffffff,28.68422,77.16257,0,50.0
873da1164ffffff,28.68422,77.16257,1,50.0
873da1164ffffff,28.68422,77.16257,2,50.0
873da1164ffffff,28.68422,77.16257,3,50.0
873da1164ffffff,28.68422,77.16257,4,50.0
873da1164ffffff,28.68422,77.16257,5,50.0
873da1164ffffff,28.68422,77.16257,6,50.0
873da1164ffffff,28.68422,77.16257,7,50.0
873da1164ffffff,28.68422,77.16257,8,50.0
873da1164ffffff,28.68422,77.16257,9,50.0
873da1164ffffff,28.68422,77.16257,10,50.0
873da1164ffffff,28.68422,77.16257,11,50.0
873da1164ffffff,28.68422,77.16257,12,50.0
873da1164ffffff,28.68422,77.16257,13,50.0
873da1164ffffff,28.68422,77.16257,14,50.0
873da1164ffffff,28.68422,77.16257,15,50.0
873da1164ffffff,28.68422,77.16257,16,50.0
873da1164ffffff,28.68422,77.16257,17,50.0
873da1164ffffff,28.68422,77.16257,18,50.0
873da1164ffffff,28.68422,77.16257,19,50.0
873da1164ffffff,28.68422,77.16257,20,50.0
873da1164ffffff,28.68422,77.16257,21,50.0
873da1164ffffff,28.68422,77.16257,22,50.0
873da1164ffffff,28.68422,77.16257,23,50.0
873da1164ffffff,28.68422,77.16257,24,50.0
873da1164ffffff,28.68422,77.16257,25,50.0
873da1164ffffff,28.68422,77.16257,26,50.0
873da1164ffffff,28.68422,77.16257,27,50.0
873da1164ffffff,28.68422,77.16257,28,50.0
873da1164ffffff,28.68422,77.16257,29,50.0
873da1164ffffff,28.68422,77.16257,30,50.0
873da1164ffffff,28.68422,77.16257,31,50.0
873da1164ffffff,28.68422,77.16257,32,50.0
873da1164ffffff,28.68422,77.16257,33,50.0
873da1164ffffff,28.68422,77.16257,34,50.0
873da1164ffffff,28.68422,77.16257,35,50.0
873da1164ffffff,28.68422,77.16257,36,50.0
873da1164ffffff,28.68422,77.16257,37,50.0
873da1164ffffff,28.68422,77.16257,38,50.0
873da1164ffffff,28.68422,77.16257,39,50.0
873da1164ffffff,28.68422,77.16257,40,50.0
873da1164ffffff,28.68422,77.16257,41,50.0
873da1165ffffff,28.69322,77.18658,0,50.0
873da1165ffffff,28.69322,77.18658,1,50.0
873da1165ffffff,28.69322,77.18658,2,50.0
873da1165ffffff,28.69322,77.18658,3,50.0
873da1165ffffff,28.69322,77.18658,4,50.0
873da1165ffffff,28.69322,77.18658,5,50.0
873da1165ffffff,28.69322,77.18658,6,50.0
873da1165ffffff,28.69322,77.18658,7,50.0
873da1165ffffff,28.69322,77.18658,8,50.0
873da1165ffffff,28.69322,77.18658,9,50.0
873da1165ffffff,28.69322,77.18658,10,50.0
873da1165ffffff,28.69322,77.18658,11,50.0
873da1165ffffff,28.69322,77.18658,12,50.0
873da1165ffffff,28.69322,77.18658,13,50.0
873da1165ffffff,28.69322,77.18658,14,50.0
873da1165ffffff,28.69322,77.18658,15,50.0
873da1165ffffff,28.69322,77.18658,16,50.0
873da1165ffffff,28.69322,77.18658,17,50.0
873da1165ffffff,28.69322,77.18658,18,50.0
873da1165ffffff,28.69322,77.18658,19,50.0
873da1165ffffff,28.69322,77.18658,20,50.0
873da1165ffffff,28.69322,77.18658,21,50.0
873da1165ffffff,28.69322,77.18658,22,50.0
873da1165ffffff,28.69322,77.18658,23,50.0
873da1165ffffff,28.69322,77.18658,24,50.0
873da1165ffffff,28.69322,77.18658,25,50.0
873da1165ffffff,28.69322,77.18658,26,50.0
873da1165ffffff,28.69322,77.18658,27,50.0
873da1165ffffff,28.69322,77.18658,28,50.0
873da1165ffffff,28.69322,77.18658,29,50.0
873da1165ffffff,28.69322,77.18658,30,50.0
873da1165ffffff,28.69322,77.18658,31,50.0
873da1165ffffff,28.69322,77.18658,32,50.0
873da1165ffffff,28.69322,77.18658,33,50.0
873da1165ffffff,28.69322,77.18658,34,50.0
873da1165ffffff,28.69322,77.18658,35,50.0
873da1165ffffff,28.69322,77.18658,36,50.0
873da1165ffffff,28.69322,77.18658,37,50.0
873da1165ffffff,28.69322,77.18658,38,50.0
873da1165ffffff,28.69322,77.18658,39,50.0
873da1165ffffff,28.69322,77.18658,40,50.0
873da1165ffffff,28.69322,77.18658,41,50.0
873da1166ffffff,28.66244,77.15941,0,50.0
873da1166ffffff,28.66244,77.15941,1,50.0
873da1166ffffff,28.66244,77.15941,2,50.0
873da1166ffffff,28.66244,77.15941,3,50.0
873da1166ffffff,28.66244,77.15941,4,50.0
873da1166ffffff,28.66244,77.15941,5,50.0
873da1166ffffff,28.66244,77.15941,6,50.0
873da1166ffffff,28.66244,77.15941,7,50.0
873da1166ffffff,28.66244,77.15941,8,50.0
873da1166ffffff,28.66244,77.15941,9,50.0
873da1166ffffff,28.66244,77.15941,10,50.0
873da1166ffffff,28.66244,77.15941,11,50.0
873da1166ffffff,28.66244,77.15941,12,50.0
873da1166ffffff,28.66244,77.15941,13,50.0
873da1166ffffff,28.66244,77.15941,14,50.0
873da1166ffffff,28.66244,77.15941,15,50.0
873da1166ffffff,28.66244,77.15941,16,50.0
873da1166ffffff,28.66244,77.15941,17,50.0
873da1166ffffff,28.66244,77.15941,18,50.0
873da1166ffffff,28.66244,77.15941,19,50.0
873da1166ffffff,28.66244,77.15941,20,50.0
873da1166ffffff,28.66244,77.15941,21,50.0
873da1166ffffff,28.66244,77.15941,22,50.0
873da1166ffffff,28.66244,77.15941,23,50.0
873da1166ffffff,28.66244,77.15941,24,50.0
873da1166ffffff,28.66244,77.15941,25,50.0
873da1166ffffff,28.66244,77.15941,26,50.0
873da1166ffffff,28.66244,77.15941,27,50.0
873da1166ffffff,28.66244,77.15941,28,50.0
873da1166ffffff,28.66244,77.15941,29,50.0
873da1166ffffff,28.66244,77.15941,30,50.0
873da1166ffffff,28.66244,77.15941,31,50.0
873da1166ffffff,28.66244,77.15941,32,50.0
873da1166ffffff,28.66244,77.15941,33,50.0
873da1166ffffff,28.66244,77.15941,34,50.0
873da1166ffffff,28.66244,77.15941,35,50.0
873da1166ffffff,28.66244,77.15941,36,50.0
873da1166ffffff,28.66244,77.15941,37,50.0
873da1166ffffff,28.66244,77.15941,38,50.0
873da1166ffffff,28.66244,77.15941,39,50.0
873da1166ffffff,28.66244,77.15941,40,50.0
873da1166ffffff,28.66244,77.15941,41,50.0
873da1168ffffff,28.67663,77.25228,0,50.0
873da1168ffffff,28.67663,77.25228,1,50.0
873da1168ffffff,28.67663,77.25228,2,50.0
873da1168ffffff,28.67663,77.25228,3,50.0
873da1168ffffff,28.67663,77.25228,4,50.0
873da1168ffffff,28.67663,77.25228,5,50.0
873da1168ffffff,28.67663,77.25228,6,50.0
873da1168ffffff,28.67663,77.25228,7,50.0
873da1168ffffff,28.67663,77.25228,8,50.0
873da1168ffffff,28.67663,77.25228,9,50.0
873da1168ffffff,28.67663,77.25228,10,50.0
873da1168ffffff,28.67663,77.25228,11,50.0
873da1168ffffff,28.67663,77.25228,12,50.0
873da1168ffffff,28.67663,77.25228,13,50.0
873da1168ffffff,28.67663,77.25228,14,50.0
873da1168ffffff,28.67663,77.25228,15,50.0
873da1168ffffff,28.67663,77.25228,16,50.0
873da1168ffffff,28.67663,77.25228,17,50.0
873da1168ffffff,28.67663,77.25228,18,50.0
873da1168ffffff,28.67663,77.25228,19,50.0
873da1168ffffff,28.67663,77.25228,20,50.0
873da1168ffffff,28.67663,77.25228,21,50.0
873da1168ffffff,28.67663,77.25228,22,50.0
873da1168ffffff,28.67663,77.25228,23,50.0
873da1168ffffff,28.67663,77.25228,24,50.0
873da1168ffffff,28.67663,77.25228,25,50.0
873da1168ffffff,28.67663,77.25228,26,50.0
873da1168ffffff,28.67663,77.25228,27,50.0
873da1168ffffff,28.67663,77.25228,28,50.0
873da1168ffffff,28.67663,77.25228,29,50.0
873da1168ffffff,28.67663,77.25228,30,50.0
873da1168ffffff,28.67663,77.25228,31,50.0
873da1168ffffff,28.67663,77.25228,32,50.0
873da1168ffffff,28.67663,77.25228,33,50.0
873da1168ffffff,28.67663,77.25228,34,50.0
873da1168ffffff,28.67663,77.25228,35,50.0
873da1168ffffff,28.67663,77.25228,36,50.0
873da1168ffffff,28.67663,77.25228,37,50.0
873da1168ffffff,28.67663,77.25228,38,50.0
873da1168ffffff,28.67663,77.25228,39,50.0
873da1168ffffff,28.67663,77.25228,40,50.0
873da1168ffffff,28.67663,77.25228,41,50.0
873da1169ffffff,28.68561,77.27630,0,50.0
873da1169ffffff,28.68561,77.27630,1,50.0
873da1169ffffff,28.68561,77.27630,2,50.0
873da1169ffffff,28.68561,77.27630,3,50.0
873da1169ffffff,28.68561,77.27630,4,50.0
873da1169ffffff,28.68561,77.27630,5,50.0
873da1169ffffff,28.68561,77.27630,6,50.0
873da1169ffffff,28.68561,77.27630,7,50.0
873da1169ffffff,28.68561,77.27630,8,50.0
873da1169ffffff,28.68561,77.27630,9,50.0
873da1169ffffff,28.68561,77.27630,10,50.0
873da1169ffffff,28.68561,77.27630,11,50.0
873da1169ffffff,28.68561,77.27630,12,50.0
873da1169ffffff,28.68561,77.27630,13,50.0
873da1169ffffff,28.68561,77.27630,14,50.0
873da1169ffffff,28.68561,77.27630,15,50.0
873da1169ffffff,28.68561,77.27630,16,50.0
873da1169ffffff,28.68561,77.27630,17,50.0
873da1169ffffff,28.68561,77.27630,18,50.0
873da1169ffffff,28.68561,77.27630,19,50.0
873da1169ffffff,28.68561,77.27630,20,50.0
873da1169ffffff,28.68561,77.27630,21,50.0
873da1169ffffff,28.68561,77.27630,22,50.0
873da1169ffffff,28.68561,77.27630,23,50.0
873da1169ffffff,28.68561,77.27630,24,50.0
873da1169ffffff,28.68561,77.27630,25,50.0
873da1169ffffff,28.68561,77.27630,26,50.0
873da1169ffffff,28.68561,77.27630,27,50.0
873da1169ffffff,28.68561,77.27630,28,50.0
873da1169ffffff,28.68561,77.27630,29,50.0
873da1169ffffff,28.68561,77.27630,30,50.0
873da1169ffffff,28.68561,77.27630,31,50.0
873da1169ffffff,28.68561,77.27630,32,50.0
873da1169ffffff,28.68561,77.27630,33,50.0
873da1169ffffff,28.68561,77.27630,34,50.0
873da1169ffffff,28.68561,77.27630,35,50.0
873da1169ffffff,28.68561,77.27630,36,50.0
873da1169ffffff,28.68561,77.27630,37,50.0
873da1169ffffff,28.68561,77.27630,38,50.0
873da1169ffffff,28.68561,77.27630,39,50.0
873da1169ffffff,28.68561,77.27630,40,50.0
873da1169ffffff,28.68561,77.27630,41,50.0
873da116affffff,28.65485,77.24909,0,50.0
873da116affffff,28.65485,77.24909,1,50.0
873da116affffff,28.65485,77.24909,2,50.0
873da116affffff,28.65485,77.24909,3,50.0
873da116affffff,28.65485,77.24909,4,50.0
873da116affffff,28.65485,77.24909,5,50.0
873da116affffff,28.65485,77.24909,6,50.0
873da116affffff,28.65485,77.24909,7,50.0
873da116affffff,28.65485,77.24909,8,50.0
873da116affffff,28.65485,77.24909,9,50.0
873da116affffff,28.65485,77.24909,10,50.0
873da116affffff,28.65485,77.24909,11,50.0
873da116affffff,28.65485,77.24909,12,50.0
873da116affffff,28.65485,77.24909,13,50.0
873da116affffff,28.65485,77.24909,14,50.0
873da116affffff,28.65485,77.24909,15,50.0
873da116affffff,28.65485,77.24909,16,50.0
873da116affffff,28.65485,77.24909,17,50.0
873da116affffff,28.65485,77.24909,18,50.0
873da116affffff,28.65485,77.24909,19,50.0
873da116affffff,28.65485,77.24909,20,50.0
873da116affffff,28.65485,77.24909,21,50.0
873da116affffff,28.65485,77.24909,22,50.0
873da116affffff,28.65485,77.24909,23,50.0
873da116affffff,28.65485,77.24909,24,50.0
873da116affffff,28.65485,77.24909,25,50.0
873da116affffff,28.65485,77.24909,26,50.0
873da116affffff,28.65485,77.24909,27,50.0
873da116affffff,28.65485,77.24909,28,50.0
873da116affffff,28.65485,77.24909,29,50.0
873da116affffff,28.65485,77.24909,30,50.0
873da116affffff,28.65485,77.24909,31,50.0
873da116affffff,28.65485,77.24909,32,50.0
873da116affffff,28.65485,77.24909,33,50.0
873da116affffff,28.65485,77.24909,34,50.0
873da116affffff,28.65485,77.24909,35,50.0
873da116affffff,28.65485,77.24909,36,50.0
873da116affffff,28.65485,77.24909,37,50.0
873da116affffff,28.65485,77.24909,38,50.0
873da116affffff,28.65485,77.24909,39,50.0
873da116affffff,28.65485,77.24909,40,50.0
873da116affffff,28.65485,77.24909,41,50.0
873da116bffffff,28.66383,77.27311,0,50.0
873da116bffffff,28.66383,77.27311,1,50.0
873da116bffffff,28.66383,77.27311,2,50.0
873da116bffffff,28.66383,77.27311,3,50.0
873da116bffffff,28.66383,77.27311,4,50.0
873da116bffffff,28.66383,77.27311,5,50.0
873da116bffffff,28.66383,77.27311,6,50.0
873da116bffffff,28.66383,77.27311,7,50.0
873da116bffffff,28.66383,77.27311,8,50.0
873da116bffffff,28.66383,77.27311,9,50.0
873da116bffffff,28.66383,77.27311,10,50.0
873da116bffffff,28.66383,77.27311,11,50.0
873da116bffffff,28.66383,77.27311,12,50.0
873da116bffffff,28.66383,77.27311,13,50.0
873da116bffffff,28.66383,77.27311,14,50.0
873da116bffffff,28.66383,77.27311,15,50.0
873da116bffffff,28.66383,77.27311,16,50.0
873da116bffffff,28.66383,77.27311,17,50.0
873da116bffffff,28.66383,77.27311,18,50.0
873da116bffffff,28.66383,77.27311,19,50.0
873da116bffffff,28.66383,77.27311,20,50.0
873da116bffffff,28.66383,77.27311,21,50.0
873da116bffffff,28.66383,77.27311,22,50.0
873da116bffffff,28.66383,77.27311,23,50.0
873da116bffffff,28.66383,77.27311,24,50.0
873da116bffffff,28.66383,77.27311,25,50.0
873da116bffffff,28.66383,77.27311,26,50.0
873da116bffffff,28.66383,77.27311,27,50.0
873da116bffffff,28.66383,77.27311,28,50.0
873da116bffffff,28.66383,77.27311,29,50.0
873da116bffffff,28.66383,77.27311,30,50.0
873da116bffffff,28.66383,77.27311,31,50.0
873da116bffffff,28.66383,77.27311,32,50.0
873da116bffffff,28.66383,77.27311,33,50.0
873da116bffffff,28.66383,77.27311,34,50.0
873da116bffffff,28.66383,77.27311,35,50.0
873da116bffffff,28.66383,77.27311,36,50.0
873da116bffffff,28.66383,77.27311,37,50.0
873da116bffffff,28.66383,77.27311,38,50.0
873da116bffffff,28.66383,77.27311,39,50.0
873da116bffffff,28.66383,77.27311,40,50.0
873da116bffffff,28.66383,77.27311,41,50.0
873da116cffffff,28.68942,77.23145,0,50.0
873da116cffffff,28.68942,77.23145,1,50.0
873da116cffffff,28.68942,77.23145,2,50.0
873da116cffffff,28.68942,77.23145,3,50.0
873da116cffffff,28.68942,77.23145,4,50.0
873da116cffffff,28.68942,77.23145,5,50.0
873da116cffffff,28.68942,77.23145,6,50.0
873da116cffffff,28.68942,77.23145,7,50.0
873da116cffffff,28.68942,77.23145,8,50.0
873da116cffffff,28.68942,77.23145,9,50.0
873da116cffffff,28.68942,77.23145,10,50.0
873da116cffffff,28.68942,77.23145,11,50.0
873da116cffffff,28.68942,77.23145,12,50.0
873da116cffffff,28.68942,77.23145,13,50.0
873da116cffffff,28.68942,77.23145,14,50.0
873da116cffffff,28.68942,77.23145,15,50.0
873da116cffffff,28.68942,77.23145,16,50.0
873da116cffffff,28.68942,77.23145,17,50.0
873da116cffffff,28.68942,77.23145,18,50.0
873da116cffffff,28.68942,77.23145,19,50.0
873da116cffffff,28.68942,77.23145,20,50.0
873da116cffffff,28.68942,77.23145,21,50.0
873da116cffffff,28.68942,77.23145,22,50.0
873da116cffffff,28.68942,77.23145,23,50.0
873da116cffffff,28.68942,77.23145,24,50.0
873da116cffffff,28.68942,77.23145,25,50.0
873da116cffffff,28.68942,77.23145,26,50.0
873da116cffffff,28.68942,77.23145,27,50.0
873da116cffffff,28.68942,77.23145,28,50.0
873da116cffffff,28.68942,77.23145,29,50.0
873da116cffffff,28.68942,77.23145,30,50.0
873da116cffffff,28.68942,77.23145,31,50.0
873da116cffffff,28.68942,77.23145,32,50.0
873da116cffffff,28.68942,77.23145,33,50.0
873da116cffffff,28.68942,77.23145,34,50.0
873da116cffffff,28.68942,77.23145,35,50.0
873da116cffffff,28.68942,77.23145,36,50.0
873da116cffffff,28.68942,77.23145,37,50.0
873da116cffffff,28.68942,77.23145,38,50.0
873da116cffffff,28.68942,77.23145,39,50.0
873da116cffffff,28.68942,77.23145,40,50.0
873da116cffffff,28.68942,77.23145,41,50.0
873da116dffffff,28.69840,77.25547,0,50.0
873da116dffffff,28.69840,77.25547,1,50.0
873da116dffffff,28.69840,77.25547,2,50.0
873da116dffffff,28.69840,77.25547,3,50.0
873da116dffffff,28.69840,77.25547,4,50.0
873da116dffffff,28.69840,77.25547,5,50.0
873da116dffffff,28.69840,77.25547,6,50.0
873da116dffffff,28.69840,77.25547,7,50.0
873da116dffffff,28.69840,77.25547,8,50.0
873da116dffffff,28.69840,77.25547,9,50.0
873da116dffffff,28.69840,77.25547,10,50.0
873da116dffffff,28.69840,77.25547,11,50.0
873da116dffffff,28.69840,77.25547,12,50.0
873da116dffffff,28.69840,77.25547,13,50.0
873da116dffffff,28.69840,77.25547,14,50.0
873da116dffffff,28.69840,77.25547,15,50.0
873da116dffffff,28.69840,77.25547,16,50.0
873da116dffffff,28.69840,77.25547,17,50.0
873da116dffffff,28.69840,77.25547,18,50.0
873da116dffffff,28.69840,77.25547,19,50.0
873da116dffffff,28.69840,77.25547,20,50.0
873da116dffffff,28.69840,77.25547,21,50.0
873da116dffffff,28.69840,77.25547,22,50.0
873da116dffffff,28.69840,77.25547,23,50.0
873da116dffffff,28.69840,77.25547,24,50.0
873da116dffffff,28.69840,77.25547,25,50.0
873da116dffffff,28.69840,77.25547,26,50.0
873da116dffffff,28.69840,77.25547,27,50.0
873da116dffffff,28.69840,77.25547,28,50.0
873da116dffffff,28.69840,77.25547,29,50.0
873da116dffffff,28.69840,77.25547,30,50.0
873da116dffffff,28.69840,77.25547,31,50.0
873da116dffffff,28.69840,77.25547,32,50.0
873da116dffffff,28.69840,77.25547,33,50.0
873da116dffffff,28.69840,77.25547,34,50.0
873da116dffffff,28.69840,77.25547,35,50.0
873da116dffffff,28.69840,77.25547,36,50.0
873da116dffffff,28.69840,77.25547,37,50.0
873da116dffffff,28.69840,77.25547,38,50.0
873da116dffffff,28.69840,77.25547,39,50.0
873da116dffffff,28.69840,77.25547,40,50.0
873da116dffffff,28.69840,77.25547,41,50.0
873da116effffff,28.66764,77.22827,0,50.0
873da116effffff,28.66764,77.22827,1,50.0
873da116effffff,28.66764,77.22827,2,50.0
873da116effffff,28.66764,77.22827,3,50.0
873da116effffff,28.66764,77.22827,4,50.0
873da116effffff,28.66764,77.22827,5,50.0
873da116effffff,28.66764,77.22827,6,50.0
873da116effffff,28.66764,77.22827,7,50.0
873da116effffff,28.66764,77.22827,8,50.0
873da116effffff,28.66764,77.22827,9,50.0
873da116effffff,28.66764,77.22827,10,50.0
873da116effffff,28.66764,77.22827,11,50.0
873da116effffff,28.66764,77.22827,12,50.0
873da116effffff,28.66764,77.22827,13,50.0
873da116effffff,28.66764,77.22827,14,50.0
873da116effffff,28.66764,77.22827,15,50.0
873da116effffff,28.66764,77.22827,16,50.0
873da116effffff,28.66764,77.22827,17,50.0
873da116effffff,28.66764,77.22827,18,50.0
873da116effffff,28.66764,77.22827,19,50.0
873da116effffff,28.66764,77.22827,20,50.0
873da116effffff,28.66764,77.22827,21,50.0
873da116effffff,28.66764,77.22827,22,50.0
873da116effffff,28.66764,77.22827,23,50.0
873da116effffff,28.66764,77.22827,24,50.0
873da116effffff,28.66764,77.22827,25,50.0
873da116effffff,28.66764,77.22827,26,50.0
873da116effffff,28.66764,77.22827,27,50.0
873da116effffff,28.66764,77.22827,28,50.0
873da116effffff,28.66764,77.22827,29,50.0
873da116effffff,28.66764,77.22827,30,50.0
873da116effffff,28.66764,77.22827,31,50.0
873da116effffff,28.66764,77.22827,32,50.0
873da116effffff,28.66764,77.22827,33,50.0
873da116effffff,28.66764,77.22827,34,50.0
873da116effffff,28.66764,77.22827,35,50.0
873da116effffff,28.66764,77.22827,36,50.0
873da116effffff,28.66764,77.22827,37,50.0
873da116effffff,28.66764,77.22827,38,50.0
873da116effffff,28.66764,77.22827,39,50.0
873da116effffff,28.66764,77.22827,40,50.0
873da116effffff,28.66764,77.22827,41,50.0
873da1170ffffff,28.61890,77.15310,0,50.0
873da1170ffffff,28.61890,77.15310,1,50.0
873da1170ffffff,28.61890,77.15310,2,50.0
873da1170ffffff,28.61890,77.15310,3,50.0
873da1170ffffff,28.61890,77.15310,4,50.0
873da1170ffffff,28.61890,77.15310,5,50.0
873da1170ffffff,28.61890,77.15310,6,50.0
873da1170ffffff,28.61890,77.15310,7,50.0
873da1170ffffff,28.61890,77.15310,8,50.0
873da1170ffffff,28.61890,77.15310,9,50.0
873da1170ffffff,28.61890,77.15310,10,50.0
873da1170ffffff,28.61890,77.15310,11,50.0
873da1170ffffff,28.61890,77.15310,12,50.0
873da1170ffffff,28.61890,77.15310,13,50.0
873da1170ffffff,28.61890,77.15310,14,50.0
873da1170ffffff,28.61890,77.15310,15,50.0
873da1170ffffff,28.61890,77.15310,16,50.0
873da1170ffffff,28.61890,77.15310,17,50.0
873da1170ffffff,28.61890,77.15310,18,50.0
873da1170ffffff,28.61890,77.15310,19,50.0
873da1170ffffff,28.61890,77.15310,20,50.0
873da1170ffffff,28.61890,77.15310,21,50.0
873da1170ffffff,28.61890,77.15310,22,50.0
873da1170ffffff,28.61890,77.15310,23,50.0
873da1170ffffff,28.61890,77.15310,24,50.0
873da1170ffffff,28.61890,77.15310,25,50.0
873da1170ffffff,28.61890,77.15310,26,50.0
873da1170ffffff,28.61890,77.15310,27,50.0
873da1170ffffff,28.61890,77.15310,28,50.0
873da1170ffffff,28.61890,77.15310,29,50.0
873da1170ffffff,28.61890,77.15310,30,50.0
873da1170ffffff,28.61890,77.15310,31,50.0
873da1170ffffff,28.61890,77.15310,32,50.0
873da1170ffffff,28.61890,77.15310,33,50.0
873da1170ffffff,28.61890,77.15310,34,50.0
873da1170ffffff,28.61890,77.15310,35,50.0
873da1170ffffff,28.61890,77.15310,36,50.0
873da1170ffffff,28.61890,77.15310,37,50.0
873da1170ffffff,28.61890,77.15310,38,50.0
873da1170ffffff,28.61890,77.15310,39,50.0
873da1170ffffff,28.61890,77.15310,40,50.0
873da1170ffffff,28.61890,77.15310,41,50.0
873da1171ffffff,28.62789,77.17709,0,50.0
873da1171ffffff,28.62789,77.17709,1,50.0
873da1171ffffff,28.62789,77.17709,2,50.0
873da1171ffffff,28.62789,77.17709,3,50.0
873da1171ffffff,28.62789,77.17709,4,50.0
873da1171ffffff,28.62789,77.17709,5,50.0
873da1171ffffff,28.62789,77.17709,6,50.0
873da1171ffffff,28.62789,77.17709,7,50.0
873da1171ffffff,28.62789,77.17709,8,50.0
873da1171ffffff,28.62789,77.17709,9,50.0
873da1171ffffff,28.62789,77.17709,10,50.0
873da1171ffffff,28.62789,77.17709,11,50.0
873da1171ffffff,28.62789,77.17709,12,50.0
873da1171ffffff,28.62789,77.17709,13,50.0
873da1171ffffff,28.62789,77.17709,14,50.0
873da1171ffffff,28.62789,77.17709,15,50.0
873da1171ffffff,28.62789,77.17709,16,50.0
873da1171ffffff,28.62789,77.17709,17,50.0
873da1171ffffff,28.62789,77.17709,18,50.0
873da1171ffffff,28.62789,77.17709,19,50.0
873da1171ffffff,28.62789,77.17709,20,50.0
873da1171ffffff,28.62789,77.17709,21,50.0
873da1171ffffff,28.62789,77.17709,22,50.0
873da1171ffffff,28.62789,77.17709,23,50.0
873da1171ffffff,28.62789,77.17709,24,50.0
873da1171ffffff,28.62789,77.17709,25,50.0
873da1171ffffff,28.62789,77.17709,26,50.0
873da1171ffffff,28.62789,77.17709,27,50.0
873da1171ffffff,28.62789,77.17709,28,50.0
873da1171ffffff,28.62789,77.17709,29,50.0
873da1171ffffff,28.62789,77.17709,30,50.0
873da1171ffffff,28.62789,77.17709,31,50.0
873da1171ffffff,28.62789,77.17709,32,50.0
873da1171ffffff,28.62789,77.17709,33,50.0
873da1171ffffff,28.62789,77.17709,34,50.0
873da1171ffffff,28.62789,77.17709,35,50.0
873da1171ffffff,28.62789,77.17709,36,50.0
873da1171ffffff,28.62789,77.17709,37,50.0
873da1171ffffff,28.62789,77.17709,38,50.0
873da1171ffffff,28.62789,77.17709,39,50.0
873da1171ffffff,28.62789,77.17709,40,50.0
873da1171ffffff,28.62789,77.17709,41,50.0
873da1172ffffff,28.59713,77.14994,0,50.0
873da1172ffffff,28.59713,77.14994,1,50.0
873da1172ffffff,28.59713,77.14994,2,50.0
873da1172ffffff,28.59713,77.14994,3,50.0
873da1172ffffff,28.59713,77.14994,4,50.0
873da1172ffffff,28.59713,77.14994,5,50.0
873da1172ffffff,28.59713,77.14994,6,50.0
873da1172ffffff,28.59713,77.14994,7,50.0
873da1172ffffff,28.59713,77.14994,8,50.0
873da1172ffffff,28.59713,77.14994,9,50.0
873da1172ffffff,28.59713,77.14994,10,50.0
873da1172ffffff,28.59713,77.14994,11,50.0
873da1172ffffff,28.59713,77.14994,12,50.0
873da1172ffffff,28.59713,77.14994,13,50.0
873da1172ffffff,28.59713,77.14994,14,50.0
873da1172ffffff,28.59713,77.14994,15,50.0
873da1172ffffff,28.59713,77.14994,16,50.0
873da1172ffffff,28.59713,77.14994,17,50.0
873da1172ffffff,28.59713,77.14994,18,50.0
873da1172ffffff,28.59713,77.14994,19,50.0
873da1172ffffff,28.59713,77.14994,20,50.0
873da1172ffffff,28.59713,77.14994,21,50.0
873da1172ffffff,28.59713,77.14994,22,50.0
873da1172ffffff,28.59713,77.14994,23,50.0
873da1172ffffff,28.59713,77.14994,24,50.0
873da1172ffffff,28.59713,77.14994,25,50.0
873da1172ffffff,28.59713,77.14994,26,50.0
873da1172ffffff,28.59713,77.14994,27,50.0
873da1172ffffff,28.59713,77.14994,28,50.0
873da1172ffffff,28.59713,77.14994,29,50.0
873da1172ffffff,28.59713,77.14994,30,50.0
873da1172ffffff,28.59713,77.14994,31,50.0
873da1172ffffff,28.59713,77.14994,32,50.0
873da1172ffffff,28.59713,77.14994,33,50.0
873da1172ffffff,28.59713,77.14994,34,50.0
873da1172ffffff,28.59713,77.14994,35,50.0
873da1172ffffff,28.59713,77.14994,36,50.0
873da1172ffffff,28.59713,77.14994,37,50.0
873da1172ffffff,28.59713,77.14994,38,50.0
873da1172ffffff,28.59713,77.14994,39,50.0
873da1172ffffff,28.59713,77.14994,40,50.0
873da1172ffffff,28.59713,77.14994,41,50.0
873da1173ffffff,28.60613,77.17393,0,50.0
873da1173ffffff,28.60613,77.17393,1,50.0
873da1173ffffff,28.60613,77.17393,2,50.0
873da1173ffffff,28.60613,77.17393,3,50.0
873da1173ffffff,28.60613,77.17393,4,50.0
873da1173ffffff,28.60613,77.17393,5,50.0
873da1173ffffff,28.60613,77.17393,6,50.0
873da1173ffffff,28.60613,77.17393,7,50.0
873da1173ffffff,28.60613,77.17393,8,50.0
873da1173ffffff,28.60613,77.17393,9,50.0
873da1173ffffff,28.60613,77.17393,10,50.0
873da1173ffffff,28.60613,77.17393,11,50.0
873da1173ffffff,28.60613,77.17393,12,50.0
873da1173ffffff,28.60613,77.17393,13,50.0
873da1173ffffff,28.60613,77.17393,14,50.0
873da1173ffffff,28.60613,77.17393,15,50.0
873da1173ffffff,28.60613,77.17393,16,50.0
873da1173ffffff,28.60613,77.17393,17,50.0
873da1173ffffff,28.60613,77.17393,18,50.0
873da1173ffffff,28.60613,77.17393,19,50.0
873da1173ffffff,28.60613,77.17393,20,50.0
873da1173ffffff,28.60613,77.17393,21,50.0
873da1173ffffff,28.60613,77.17393,22,50.0
873da1173ffffff,28.60613,77.17393,23,50.0
873da1173ffffff,28.60613,77.17393,24,50.0
873da1173ffffff,28.60613,77.17393,25,50.0
873da1173ffffff,28.60613,77.17393,26,50.0
873da1173ffffff,28.60613,77.17393,27,50.0
873da1173ffffff,28.60613,77.17393,28,50.0
873da1173ffffff,28.60613,77.17393,29,50.0
873da1173ffffff,28.60613,77.17393,30,50.0
873da1173ffffff,28.60613,77.17393,31,50.0
873da1173ffffff,28.60613,77.17393,32,50.0
873da1173ffffff,28.60613,77.17393,33,50.0
873da1173ffffff,28.60613,77.17393,34,50.0
873da1173ffffff,28.60613,77.17393,35,50.0
873da1173ffffff,28.60613,77.17393,36,50.0
873da1173ffffff,28.60613,77.17393,37,50.0
873da1173ffffff,28.60613,77.17393,38,50.0
873da1173ffffff,28.60613,77.17393,39,50.0
873da1173ffffff,28.60613,77.17393,40,50.0
873da1173ffffff,28.60613,77.17393,41,50.0
873da1174ffffff,28.63167,77.13226,0,50.0
873da1174ffffff,28.63167,77.13226,1,50.0
873da1174ffffff,28.63167,77.13226,2,50.0
873da1174ffffff,28.63167,77.13226,3,50.0
873da1174ffffff,28.63167,77.13226,4,50.0
873da1174ffffff,28.63167,77.13226,5,50.0
873da1174ffffff,28.63167,77.13226,6,50.0
873da1174ffffff,28.63167,77.13226,7,50.0
873da1174ffffff,28.63167,77.13226,8,50.0
873da1174ffffff,28.63167,77.13226,9,50.0
873da1174ffffff,28.63167,77.13226,10,50.0
873da1174ffffff,28.63167,77.13226,11,50.0
873da1174ffffff,28.63167,77.13226,12,50.0
873da1174ffffff,28.63167,77.13226,13,50.0
873da1174ffffff,28.63167,77.13226,14,50.0
873da1174ffffff,28.63167,77.13226,15,50.0
873da1174ffffff,28.63167,77.13226,16,50.0
873da1174ffffff,28.63167,77.13226,17,50.0
873da1174ffffff,28.63167,77.13226,18,50.0
873da1174ffffff,28.63167,77.13226,19,50.0
873da1174ffffff,28.63167,77.13226,20,50.0
873da1174ffffff,28.63167,77.13226,21,50.0
873da1174ffffff,28.63167,77.13226,22,50.0
873da1174ffffff,28.63167,77.13226,23,50.0
873da1174ffffff,28.63167,77.13226,24,50.0
873da1174ffffff,28.63167,77.13226,25,50.0
873da1174ffffff,28.63167,77.13226,26,50.0
873da1174ffffff,28.63167,77.13226,27,50.0
873da1174ffffff,28.63167,77.13226,28,50.0
873da1174ffffff,28.63167,77.13226,29,50.0
873da1174ffffff,28.63167,77.13226,30,50.0
873da1174ffffff,28.63167,77.13226,31,50.0
873da1174ffffff,28.63167,77.13226,32,50.0
873da1174ffffff,28.63167,77.13226,33,50.0
873da1174ffffff,28.63167,77.13226,34,50.0
873da1174ffffff,28.63167,77.13226,35,50.0
873da1174ffffff,28.63167,77.13226,36,50.0
873da1174ffffff,28.63167,77.13226,37,50.0
873da1174ffffff,28.63167,77.13226,38,50.0
873da1174ffffff,28.63167,77.13226,39,50.0
873da1174ffffff,28.63167,77.13226,40,50.0
873da1174ffffff,28.63167,77.13226,41,50.0
873da1175ffffff,28.64067,77.15625,0,50.0
873da1175ffffff,28.64067,77.15625,1,50.0
873da1175ffffff,28.64067,77.15625,2,50.0
873da1175ffffff,28.64067,77.15625,3,50.0
873da1175ffffff,28.64067,77.15625,4,50.0
873da1175ffffff,28.64067,77.15625,5,50.0
873da1175ffffff,28.64067,77.15625,6,50.0
873da1175ffffff,28.64067,77.15625,7,50.0
873da1175ffffff,28.64067,77.15625,8,50.0
873da1175ffffff,28.64067,77.15625,9,50.0
873da1175ffffff,28.64067,77.15625,10,50.0
873da1175ffffff,28.64067,77.15625,11,50.0
873da1175ffffff,28.64067,77.15625,12,50.0
873da1175ffffff,28.64067,77.15625,13,50.0
873da1175ffffff,28.64067,77.15625,14,50.0
873da1175ffffff,28.64067,77.15625,15,50.0
873da1175ffffff,28.64067,77.15625,16,50.0
873da1175ffffff,28.64067,77.15625,17,50.0
873da1175ffffff,28.64067,77.15625,18,50.0
873da1175ffffff,28.64067,77.15625,19,50.0
873da1175ffffff,28.64067,77.15625,20,50.0
873da1175ffffff,28.64067,77.15625,21,50.0
873da1175ffffff,28.64067,77.15625,22,50.0
873da1175ffffff,28.64067,77.15625,23,50.0
873da1175ffffff,28.64067,77.15625,24,50.0
873da1175ffffff,28.64067,77.15625,25,50.0
873da1175ffffff,28.64067,77.15625,26,50.0
873da1175ffffff,28.64067,77.15625,27,50.0
873da1175ffffff,28.64067,77.15625,28,50.0
873da1175ffffff,28.64067,77.15625,29,50.0
873da1175ffffff,28.64067,77.15625,30,50.0
873da1175ffffff,28.64067,77.15625,31,50.0
873da1175ffffff,28.64067,77.15625,32,50.0
873da1175ffffff,28.64067,77.15625,33,50.0
873da1175ffffff,28.64067,77.15625,34,50.0
873da1175ffffff,28.64067,77.15625,35,50.0
873da1175ffffff,28.64067,77.15625,36,50.0
873da1175ffffff,28.64067,77.15625,37,50.0
873da1175ffffff,28.64067,77.15625,38,50.0
873da1175ffffff,28.64067,77.15625,39,50.0
873da1175ffffff,28.64067,77.15625,40,50.0
873da1175ffffff,28.64067,77.15625,41,50.0
873da1176ffffff,28.60990,77.12911,0,50.0
873da1176ffffff,28.60990,77.12911,1,50.0
873da1176ffffff,28.60990,77.12911,2,50.0
873da1176ffffff,28.60990,77.12911,3,50.0
873da1176ffffff,28.60990,77.12911,4,50.0
873da1176ffffff,28.60990,77.12911,5,50.0
873da1176ffffff,28.60990,77.12911,6,50.0
873da1176ffffff,28.60990,77.12911,7,50.0
873da1176ffffff,28.60990,77.12911,8,50.0
873da1176ffffff,28.60990,77.12911,9,50.0
873da1176ffffff,28.60990,77.12911,10,50.0
873da1176ffffff,28.60990,77.12911,11,50.0
873da1176ffffff,28.60990,77.12911,12,50.0
873da1176ffffff,28.60990,77.12911,13,50.0
873da1176ffffff,28.60990,77.12911,14,50.0
873da1176ffffff,28.60990,77.12911,15,50.0
873da1176ffffff,28.60990,77.12911,16,50.0
873da1176ffffff,28.60990,77.12911,17,50.0
873da1176ffffff,28.60990,77.12911,18,50.0
873da1176ffffff,28.60990,77.12911,19,50.0
873da1176ffffff,28.60990,77.12911,20,50.0
873da1176ffffff,28.60990,77.12911,21,50.0
873da1176ffffff,28.60990,77.12911,22,50.0
873da1176ffffff,28.60990,77.12911,23,50.0
873da1176ffffff,28.60990,77.12911,24,50.0
873da1176ffffff,28.60990,77.12911,25,50.0
873da1176ffffff,28.60990,77.12911,26,50.0
873da1176ffffff,28.60990,77.12911,27,50.0
873da1176ffffff,28.60990,77.12911,28,50.0
873da1176ffffff,28.60990,77.12911,29,50.0
873da1176ffffff,28.60990,77.12911,30,50.0
873da1176ffffff,28.60990,77.12911,31,50.0
873da1176ffffff,28.60990,77.12911,32,50.0
873da1176ffffff,28.60990,77.12911,33,50.0
873da1176ffffff,28.60990,77.12911,34,50.0
873da1176ffffff,28.60990,77.12911,35,50.0
873da1176ffffff,28.60990,77.12911,36,50.0
873da1176ffffff,28.60990,77.12911,37,50.0
873da1176ffffff,28.60990,77.12911,38,50.0
873da1176ffffff,28.60990,77.12911,39,50.0
873da1176ffffff,28.60990,77.12911,40,50.0
873da1176ffffff,28.60990,77.12911,41,50.0
873da11a1ffffff,28.46513,77.01767,0,50.0
873da11a1ffffff,28.46513,77.01767,1,50.0
873da11a1ffffff,28.46513,77.01767,2,50.0
873da11a1ffffff,28.46513,77.01767,3,50.0
873da11a1ffffff,28.46513,77.01767,4,50.0
873da11a1ffffff,28.46513,77.01767,5,50.0
873da11a1ffffff,28.46513,77.01767,6,50.0
873da11a1ffffff,28.46513,77.01767,7,50.0
873da11a1ffffff,28.46513,77.01767,8,50.0
873da11a1ffffff,28.46513,77.01767,9,50.0
873da11a1ffffff,28.46513,77.01767,10,50.0
873da11a1ffffff,28.46513,77.01767,11,50.0
873da11a1ffffff,28.46513,77.01767,12,50.0
873da11a1ffffff,28.46513,77.01767,13,50.0
873da11a1ffffff,28.46513,77.01767,14,50.0
873da11a1ffffff,28.46513,77.01767,15,50.0
873da11a1ffffff,28.46513,77.01767,16,50.0
873da11a1ffffff,28.46513,77.01767,17,50.0
873da11a1ffffff,28.46513,77.01767,18,50.0
873da11a1ffffff,28.46513,77.01767,19,50.0
873da11a1ffffff,28.46513,77.01767,20,50.0
873da11a1ffffff,28.46513,77.01767,21,50.0
873da11a1ffffff,28.46513,77.01767,22,50.0
873da11a1ffffff,28.46513,77.01767,23,50.0
873da11a1ffffff,28.46513,77.01767,24,50.0
873da11a1ffffff,28.46513,77.01767,25,50.0
873da11a1ffffff,28.46513,77.01767,26,50.0
873da11a1ffffff,28.46513,77.01767,27,50.0
873da11a1ffffff,28.46513,77.01767,28,50.0
873da11a1ffffff,28.46513,77.01767,29,50.0
873da11a1ffffff,28.46513,77.01767,30,50.0
873da11a1ffffff,28.46513,77.01767,31,50.0
873da11a1ffffff,28.46513,77.01767,32,50.0
873da11a1ffffff,28.46513,77.01767,33,50.0
873da11a1ffffff,28.46513,77.01767,34,50.0
873da11a1ffffff,28.46513,77.01767,35,50.0
873da11a1ffffff,28.46513,77.01767,36,50.0
873da11a1ffffff,28.46513,77.01767,37,50.0
873da11a1ffffff,28.46513,77.01767,38,50.0
873da11a1ffffff,28.46513,77.01767,39,50.0
873da11a1ffffff,28.46513,77.01767,40,50.0
873da11a1ffffff,28.46513,77.01767,41,50.0
873da11a8ffffff,28.46140,77.06241,0,50.0
873da11a8ffffff,28.46140,77.06241,1,50.0
873da11a8ffffff,28.46140,77.06241,2,50.0
873da11a8ffffff,28.46140,77.06241,3,50.0
873da11a8ffffff,28.46140,77.06241,4,50.0
873da11a8ffffff,28.46140,77.06241,5,50.0
873da11a8ffffff,28.46140,77.06241,6,50.0
873da11a8ffffff,28.46140,77.06241,7,50.0
873da11a8ffffff,28.46140,77.06241,8,50.0
873da11a8ffffff,28.46140,77.06241,9,50.0
873da11a8ffffff,28.46140,77.06241,10,50.0
873da11a8ffffff,28.46140,77.06241,11,50.0
873da11a8ffffff,28.46140,77.06241,12,50.0
873da11a8ffffff,28.46140,77.06241,13,50.0
873da11a8ffffff,28.46140,77.06241,14,50.0
873da11a8ffffff,28.46140,77.06241,15,50.0
873da11a8ffffff,28.46140,77.06241,16,50.0
873da11a8ffffff,28.46140,77.06241,17,50.0
873da11a8ffffff,28.46140,77.06241,18,50.0
873da11a8ffffff,28.46140,77.06241,19,50.0
873da11a8ffffff,28.46140,77.06241,20,50.0
873da11a8ffffff,28.46140,77.06241,21,50.0
873da11a8ffffff,28.46140,77.06241,22,50.0
873da11a8ffffff,28.46140,77.06241,23,50.0
873da11a8ffffff,28.46140,77.06241,24,50.0
873da11a8ffffff,28.46140,77.06241,25,50.0
873da11a8ffffff,28.46140,77.06241,26,50.0
873da11a8ffffff,28.46140,77.06241,27,50.0
873da11a8ffffff,28.46140,77.06241,28,50.0
873da11a8ffffff,28.46140,77.06241,29,50.0
873da11a8ffffff,28.46140,77.06241,30,50.0
873da11a8ffffff,28.46140,77.06241,31,50.0
873da11a8ffffff,28.46140,77.06241,32,50.0
873da11a8ffffff,28.46140,77.06241,33,50.0
873da11a8ffffff,28.46140,77.06241,34,50.0
873da11a8ffffff,28.46140,77.06241,35,50.0
873da11a8ffffff,28.46140,77.06241,36,50.0
873da11a8ffffff,28.46140,77.06241,37,50.0
873da11a8ffffff,28.46140,77.06241,38,50.0
873da11a8ffffff,28.46140,77.06241,39,50.0
873da11a8ffffff,28.46140,77.06241,40,50.0
873da11a8ffffff,28.46140,77.06241,41,50.0
873da11a9ffffff,28.47040,77.08634,0,50.0
873da11a9ffffff,28.47040,77.08634,1,50.0
873da11a9ffffff,28.47040,77.08634,2,50.0
873da11a9ffffff,28.47040,77.08634,3,50.0
873da11a9ffffff,28.47040,77.08634,4,50.0
873da11a9ffffff,28.47040,77.08634,5,50.0
873da11a9ffffff,28.47040,77.08634,6,50.0
873da11a9ffffff,28.47040,77.08634,7,50.0
873da11a9ffffff,28.47040,77.08634,8,50.0
873da11a9ffffff,28.47040,77.08634,9,50.0
873da11a9ffffff,28.47040,77.08634,10,50.0
873da11a9ffffff,28.47040,77.08634,11,50.0
873da11a9ffffff,28.47040,77.08634,12,50.0
873da11a9ffffff,28.47040,77.08634,13,50.0
873da11a9ffffff,28.47040,77.08634,14,50.0
873da11a9ffffff,28.47040,77.08634,15,50.0
873da11a9ffffff,28.47040,77.08634,16,50.0
873da11a9ffffff,28.47040,77.08634,17,50.0
873da11a9ffffff,28.47040,77.08634,18,50.0
873da11a9ffffff,28.47040,77.08634,19,50.0
873da11a9ffffff,28.47040,77.08634,20,50.0
873da11a9ffffff,28.47040,77.08634,21,50.0
873da11a9ffffff,28.47040,77.08634,22,50.0
873da11a9ffffff,28.47040,77.08634,23,50.0
873da11a9ffffff,28.47040,77.08634,24,50.0
873da11a9ffffff,28.47040,77.08634,25,50.0
873da11a9ffffff,28.47040,77.08634,26,50.0
873da11a9ffffff,28.47040,77.08634,27,50.0
873da11a9ffffff,28.47040,77.08634,28,50.0
873da11a9ffffff,28.47040,77.08634,29,50.0
873da11a9ffffff,28.47040,77.08634,30,50.0
873da11a9ffffff,28.47040,77.08634,31,50.0
873da11a9ffffff,28.47040,77.08634,32,50.0
873da11a9ffffff,28.47040,77.08634,33,50.0
873da11a9ffffff,28.47040,77.08634,34,50.0
873da11a9ffffff,28.47040,77.08634,35,50.0
873da11a9ffffff,28.47040,77.08634,36,50.0
873da11a9ffffff,28.47040,77.08634,37,50.0
873da11a9ffffff,28.47040,77.08634,38,50.0
873da11a9ffffff,28.47040,77.08634,39,50.0
873da11a9ffffff,28.47040,77.08634,40,50.0
873da11a9ffffff,28.47040,77.08634,41,50.0
873da11acffffff,28.47413,77.04160,0,50.0
873da11acffffff,28.47413,77.04160,1,50.0
873da11acffffff,28.47413,77.04160,2,50.0
873da11acffffff,28.47413,77.04160,3,50.0
873da11acffffff,28.47413,77.04160,4,50.0
873da11acffffff,28.47413,77.04160,5,50.0
873da11acffffff,28.47413,77.04160,6,50.0
873da11acffffff,28.47413,77.04160,7,50.0
873da11acffffff,28.47413,77.04160,8,50.0
873da11acffffff,28.47413,77.04160,9,50.0
873da11acffffff,28.47413,77.04160,10,50.0
873da11acffffff,28.47413,77.04160,11,50.0
873da11acffffff,28.47413,77.04160,12,50.0
873da11acffffff,28.47413,77.04160,13,50.0
873da11acffffff,28.47413,77.04160,14,50.0
873da11acffffff,28.47413,77.04160,15,50.0
873da11acffffff,28.47413,77.04160,16,50.0
873da11acffffff,28.47413,77.04160,17,50.0
873da11acffffff,28.47413,77.04160,18,50.0
873da11acffffff,28.47413,77.04160,19,50.0
873da11acffffff,28.47413,77.04160,20,50.0
873da11acffffff,28.47413,77.04160,21,50.0
873da11acffffff,28.47413,77.04160,22,50.0
873da11acffffff,28.47413,77.04160,23,50.0
873da11acffffff,28.47413,77.04160,24,50.0
873da11acffffff,28.47413,77.04160,25,50.0
873da11acffffff,28.47413,77.04160,26,50.0
873da11acffffff,28.47413,77.04160,27,50.0
873da11acffffff,28.47413,77.04160,28,50.0
873da11acffffff,28.47413,77.04160,29,50.0
873da11acffffff,28.47413,77.04160,30,50.0
873da11acffffff,28.47413,77.04160,31,50.0
873da11acffffff,28.47413,77.04160,32,50.0
873da11acffffff,28.47413,77.04160,33,50.0
873da11acffffff,28.47413,77.04160,34,50.0
873da11acffffff,28.47413,77.04160,35,50.0
873da11acffffff,28.47413,77.04160,36,50.0
873da11acffffff,28.47413,77.04160,37,50.0
873da11acffffff,28.47413,77.04160,38,50.0
873da11acffffff,28.47413,77.04160,39,50.0
873da11acffffff,28.47413,77.04160,40,50.0
873da11acffffff,28.47413,77.04160,41,50.0
873da11adffffff,28.48314,77.06553,0,50.0
873da11adffffff,28.48314,77.06553,1,50.0
873da11adffffff,28.48314,77.06553,2,50.0
873da11adffffff,28.48314,77.06553,3,50.0
873da11adffffff,28.48314,77.06553,4,50.0
873da11adffffff,28.48314,77.06553,5,50.0
873da11adffffff,28.48314,77.06553,6,50.0
873da11adffffff,28.48314,77.06553,7,50.0
873da11adffffff,28.48314,77.06553,8,50.0
873da11adffffff,28.48314,77.06553,9,50.0
873da11adffffff,28.48314,77.06553,10,50.0
873da11adffffff,28.48314,77.06553,11,50.0
873da11adffffff,28.48314,77.06553,12,50.0
873da11adffffff,28.48314,77.06553,13,50.0
873da11adffffff,28.48314,77.06553,14,50.0
873da11adffffff,28.48314,77.06553,15,50.0
873da11adffffff,28.48314,77.06553,16,50.0
873da11adffffff,28.48314,77.06553,17,50.0
873da11adffffff,28.48314,77.06553,18,50.0
873da11adffffff,28.48314,77.06553,19,50.0
873da11adffffff,28.48314,77.06553,20,50.0
873da11adffffff,28.48314,77.06553,21,50.0
873da11adffffff,28.48314,77.06553,22,50.0
873da11adffffff,28.48314,77.06553,23,50.0
873da11adffffff,28.48314,77.06553,24,50.0
873da11adffffff,28.48314,77.06553,25,50.0
873da11adffffff,28.48314,77.06553,26,50.0
873da11adffffff,28.48314,77.06553,27,50.0
873da11adffffff,28.48314,77.06553,28,50.0
873da11adffffff,28.48314,77.06553,29,50.0
873da11adffffff,28.48314,77.06553,30,50.0
873da11adffffff,28.48314,77.06553,31,50.0
873da11adffffff,28.48314,77.06553,32,50.0
873da11adffffff,28.48314,77.06553,33,50.0
873da11adffffff,28.48314,77.06553,34,50.0
873da11adffffff,28.48314,77.06553,35,50.0
873da11adffffff,28.48314,77.06553,36,50.0
873da11adffffff,28.48314,77.06553,37,50.0
873da11adffffff,28.48314,77.06553,38,50.0
873da11adffffff,28.48314,77.06553,39,50.0
873da11adffffff,28.48314,77.06553,40,50.0
873da11adffffff,28.48314,77.06553,41,50.0
873da11aeffffff,28.45240,77.03849,0,50.0
873da11aeffffff,28.45240,77.03849,1,50.0
873da11aeffffff,28.45240,77.03849,2,50.0
873da11aeffffff,28.45240,77.03849,3,50.0
873da11aeffffff,28.45240,77.03849,4,50.0
873da11aeffffff,28.45240,77.03849,5,50.0
873da11aeffffff,28.45240,77.03849,6,50.0
873da11aeffffff,28.45240,77.03849,7,50.0
873da11aeffffff,28.45240,77.03849,8,50.0
873da11aeffffff,28.45240,77.03849,9,50.0
873da11aeffffff,28.45240,77.03849,10,50.0
873da11aeffffff,28.45240,77.03849,11,50.0
873da11aeffffff,28.45240,77.03849,12,50.0
873da11aeffffff,28.45240,77.03849,13,50.0
873da11aeffffff,28.45240,77.03849,14,50.0
873da11aeffffff,28.45240,77.03849,15,50.0
873da11aeffffff,28.45240,77.03849,16,50.0
873da11aeffffff,28.45240,77.03849,17,50.0
873da11aeffffff,28.45240,77.03849,18,50.0
873da11aeffffff,28.45240,77.03849,19,50.0
873da11aeffffff,28.45240,77.03849,20,50.0
873da11aeffffff,28.45240,77.03849,21,50.0
873da11aeffffff,28.45240,77.03849,22,50.0
873da11aeffffff,28.45240,77.03849,23,50.0
873da11aeffffff,28.45240,77.03849,24,50.0
873da11aeffffff,28.45240,77.03849,25,50.0
873da11aeffffff,28.45240,77.03849,26,50.0
873da11aeffffff,28.45240,77.03849,27,50.0
873da11aeffffff,28.45240,77.03849,28,50.0
873da11aeffffff,28.45240,77.03849,29,50.0
873da11aeffffff,28.45240,77.03849,30,50.0
873da11aeffffff,28.45240,77.03849,31,50.0
873da11aeffffff,28.45240,77.03849,32,50.0
873da11aeffffff,28.45240,77.03849,33,50.0
873da11aeffffff,28.45240,77.03849,34,50.0
873da11aeffffff,28.45240,77.03849,35,50.0
873da11aeffffff,28.45240,77.03849,36,50.0
873da11aeffffff,28.45240,77.03849,37,50.0
873da11aeffffff,28.45240,77.03849,38,50.0
873da11aeffffff,28.45240,77.03849,39,50.0
873da11aeffffff,28.45240,77.03849,40,50.0
873da11aeffffff,28.45240,77.03849,41,50.0
873da180bffffff,28.79548,77.01949,0,50.0
873da180bffffff,28.79548,77.01949,1,50.0
873da180bffffff,28.79548,77.01949,2,50.0
873da180bffffff,28.79548,77.01949,3,50.0
873da180bffffff,28.79548,77.01949,4,50.0
873da180bffffff,28.79548,77.01949,5,50.0
873da180bffffff,28.79548,77.01949,6,50.0
873da180bffffff,28.79548,77.01949,7,50.0
873da180bffffff,28.79548,77.01949,8,50.0
873da180bffffff,28.79548,77.01949,9,50.0
873da180bffffff,28.79548,77.01949,10,50.0
873da180bffffff,28.79548,77.01949,11,50.0
873da180bffffff,28.79548,77.01949,12,50.0
873da180bffffff,28.79548,77.01949,13,50.0
873da180bffffff,28.79548,77.01949,14,50.0
873da180bffffff,28.79548,77.01949,15,50.0
873da180bffffff,28.79548,77.01949,16,50.0
873da180bffffff,28.79548,77.01949,17,50.0
873da180bffffff,28.79548,77.01949,18,50.0
873da180bffffff,28.79548,77.01949,19,50.0
873da180bffffff,28.79548,77.01949,20,50.0
873da180bffffff,28.79548,77.01949,21,50.0
873da180bffffff,28.79548,77.01949,22,50.0
873da180bffffff,28.79548,77.01949,23,50.0
873da180bffffff,28.79548,77.01949,24,50.0
873da180bffffff,28.79548,77.01949,25,50.0
873da180bffffff,28.79548,77.01949,26,50.0
873da180bffffff,28.79548,77.01949,27,50.0
873da180bffffff,28.79548,77.01949,28,50.0
873da180bffffff,28.79548,77.01949,29,50.0
873da180bffffff,28.79548,77.01949,30,50.0
873da180bffffff,28.79548,77.01949,31,50.0
873da180bffffff,28.79548,77.01949,32,50.0
873da180bffffff,28.79548,77.01949,33,50.0
873da180bffffff,28.79548,77.01949,34,50.0
873da180bffffff,28.79548,77.01949,35,50.0
873da180bffffff,28.79548,77.01949,36,50.0
873da180bffffff,28.79548,77.01949,37,50.0
873da180bffffff,28.79548,77.01949,38,50.0
873da180bffffff,28.79548,77.01949,39,50.0
873da180bffffff,28.79548,77.01949,40,50.0
873da180bffffff,28.79548,77.01949,41,50.0
873da1852ffffff,28.79173,77.06445,0,50.0
873da1852ffffff,28.79173,77.06445,1,50.0
873da1852ffffff,28.79173,77.06445,2,50.0
873da1852ffffff,28.79173,77.06445,3,50.0
873da1852ffffff,28.79173,77.06445,4,50.0
873da1852ffffff,28.79173,77.06445,5,50.0
873da1852ffffff,28.79173,77.06445,6,50.0
873da1852ffffff,28.79173,77.06445,7,50.0
873da1852ffffff,28.79173,77.06445,8,50.0
873da1852ffffff,28.79173,77.06445,9,50.0
873da1852ffffff,28.79173,77.06445,10,50.0
873da1852ffffff,28.79173,77.06445,11,50.0
873da1852ffffff,28.79173,77.06445,12,50.0
873da1852ffffff,28.79173,77.06445,13,50.0
873da1852ffffff,28.79173,77.06445,14,50.0
873da1852ffffff,28.79173,77.06445,15,50.0
873da1852ffffff,28.79173,77.06445,16,50.0
873da1852ffffff,28.79173,77.06445,17,50.0
873da1852ffffff,28.79173,77.06445,18,50.0
873da1852ffffff,28.79173,77.06445,19,50.0
873da1852ffffff,28.79173,77.06445,20,50.0
873da1852ffffff,28.79173,77.06445,21,50.0
873da1852ffffff,28.79173,77.06445,22,50.0
873da1852ffffff,28.79173,77.06445,23,50.0
873da1852ffffff,28.79173,77.06445,24,50.0
873da1852ffffff,28.79173,77.06445,25,50.0
873da1852ffffff,28.79173,77.06445,26,50.0
873da1852ffffff,28.79173,77.06445,27,50.0
873da1852ffffff,28.79173,77.06445,28,50.0
873da1852ffffff,28.79173,77.06445,29,50.0
873da1852ffffff,28.79173,77.06445,30,50.0
873da1852ffffff,28.79173,77.06445,31,50.0
873da1852ffffff,28.79173,77.06445,32,50.0
873da1852ffffff,28.79173,77.06445,33,50.0
873da1852ffffff,28.79173,77.06445,34,50.0
873da1852ffffff,28.79173,77.06445,35,50.0
873da1852ffffff,28.79173,77.06445,36,50.0
873da1852ffffff,28.79173,77.06445,37,50.0
873da1852ffffff,28.79173,77.06445,38,50.0
873da1852ffffff,28.79173,77.06445,39,50.0
873da1852ffffff,28.79173,77.06445,40,50.0
873da1852ffffff,28.79173,77.06445,41,50.0
873da185affffff,28.79698,77.13345,0,50.0
873da185affffff,28.79698,77.13345,1,50.0
873da185affffff,28.79698,77.13345,2,50.0
873da185affffff,28.79698,77.13345,3,50.0
873da185affffff,28.79698,77.13345,4,50.0
873da185affffff,28.79698,77.13345,5,50.0
873da185affffff,28.79698,77.13345,6,50.0
873da185affffff,28.79698,77.13345,7,50.0
873da185affffff,28.79698,77.13345,8,50.0
873da185affffff,28.79698,77.13345,9,50.0
873da185affffff,28.79698,77.13345,10,50.0
873da185affffff,28.79698,77.13345,11,50.0
873da185affffff,28.79698,77.13345,12,50.0
873da185affffff,28.79698,77.13345,13,50.0
873da185affffff,28.79698,77.13345,14,50.0
873da185affffff,28.79698,77.13345,15,50.0
873da185affffff,28.79698,77.13345,16,50.0
873da185affffff,28.79698,77.13345,17,50.0
873da185affffff,28.79698,77.13345,18,50.0
873da185affffff,28.79698,77.13345,19,50.0
873da185affffff,28.79698,77.13345,20,50.0
873da185affffff,28.79698,77.13345,21,50.0
873da185affffff,28.79698,77.13345,22,50.0
873da185affffff,28.79698,77.13345,23,50.0
873da185affffff,28.79698,77.13345,24,50.0
873da185affffff,28.79698,77.13345,25,50.0
873da185affffff,28.79698,77.13345,26,50.0
873da185affffff,28.79698,77.13345,27,50.0
873da185affffff,28.79698,77.13345,28,50.0
873da185affffff,28.79698,77.13345,29,50.0
873da185affffff,28.79698,77.13345,30,50.0
873da185affffff,28.79698,77.13345,31,50.0
873da185affffff,28.79698,77.13345,32,50.0
873da185affffff,28.79698,77.13345,33,50.0
873da185affffff,28.79698,77.13345,34,50.0
873da185affffff,28.79698,77.13345,35,50.0
873da185affffff,28.79698,77.13345,36,50.0
873da185affffff,28.79698,77.13345,37,50.0
873da185affffff,28.79698,77.13345,38,50.0
873da185affffff,28.79698,77.13345,39,50.0
873da185affffff,28.79698,77.13345,40,50.0
873da185affffff,28.79698,77.13345,41,50.0
873da1889ffffff,28.66469,77.00081,0,50.0
873da1889ffffff,28.66469,77.00081,1,50.0
873da1889ffffff,28.66469,77.00081,2,50.0
873da1889ffffff,28.66469,77.00081,3,50.0
873da1889ffffff,28.66469,77.00081,4,50.0
873da1889ffffff,28.66469,77.00081,5,50.0
873da1889ffffff,28.66469,77.00081,6,50.0
873da1889ffffff,28.66469,77.00081,7,50.0
873da1889ffffff,28.66469,77.00081,8,50.0
873da1889ffffff,28.66469,77.00081,9,50.0
873da1889ffffff,28.66469,77.00081,10,50.0
873da1889ffffff,28.66469,77.00081,11,50.0
873da1889ffffff,28.66469,77.00081,12,50.0
873da1889ffffff,28.66469,77.00081,13,50.0
873da1889ffffff,28.66469,77.00081,14,50.0
873da1889ffffff,28.66469,77.00081,15,50.0
873da1889ffffff,28.66469,77.00081,16,50.0
873da1889ffffff,28.66469,77.00081,17,50.0
873da1889ffffff,28.66469,77.00081,18,50.0
873da1889ffffff,28.66469,77.00081,19,50.0
873da1889ffffff,28.66469,77.00081,20,50.0
873da1889ffffff,28.66469,77.00081,21,50.0
873da1889ffffff,28.66469,77.00081,22,50.0
873da1889ffffff,28.66469,77.00081,23,50.0
873da1889ffffff,28.66469,77.00081,24,50.0
873da1889ffffff,28.66469,77.00081,25,50.0
873da1889ffffff,28.66469,77.00081,26,50.0
873da1889ffffff,28.66469,77.00081,27,50.0
873da1889ffffff,28.66469,77.00081,28,50.0
873da1889ffffff,28.66469,77.00081,29,50.0
873da1889ffffff,28.66469,77.00081,30,50.0
873da1889ffffff,28.66469,77.00081,31,50.0
873da1889ffffff,28.66469,77.00081,32,50.0
873da1889ffffff,28.66469,77.00081,33,50.0
873da1889ffffff,28.66469,77.00081,34,50.0
873da1889ffffff,28.66469,77.00081,35,50.0
873da1889ffffff,28.66469,77.00081,36,50.0
873da1889ffffff,28.66469,77.00081,37,50.0
873da1889ffffff,28.66469,77.00081,38,50.0
873da1889ffffff,28.66469,77.00081,39,50.0
873da1889ffffff,28.66469,77.00081,40,50.0
873da1889ffffff,28.66469,77.00081,41,50.0
873da18c0ffffff,28.71354,77.07595,0,50.0
873da18c0ffffff,28.71354,77.07595,1,50.0
873da18c0ffffff,28.71354,77.07595,2,50.0
873da18c0ffffff,28.71354,77.07595,3,50.0
873da18c0ffffff,28.71354,77.07595,4,50.0
873da18c0ffffff,28.71354,77.07595,5,50.0
873da18c0ffffff,28.71354,77.07595,6,50.0
873da18c0ffffff,28.71354,77.07595,7,50.0
873da18c0ffffff,28.71354,77.07595,8,50.0
873da18c0ffffff,28.71354,77.07595,9,50.0
873da18c0ffffff,28.71354,77.07595,10,50.0
873da18c0ffffff,28.71354,77.07595,11,50.0
873da18c0ffffff,28.71354,77.07595,12,50.0
873da18c0ffffff,28.71354,77.07595,13,50.0
873da18c0ffffff,28.71354,77.07595,14,50.0
873da18c0ffffff,28.71354,77.07595,15,50.0
873da18c0ffffff,28.71354,77.07595,16,50.0
873da18c0ffffff,28.71354,77.07595,17,50.0
873da18c0ffffff,28.71354,77.07595,18,50.0
873da18c0ffffff,28.71354,77.07595,19,50.0
873da18c0ffffff,28.71354,77.07595,20,50.0
873da18c0ffffff,28.71354,77.07595,21,50.0
873da18c0ffffff,28.71354,77.07595,22,50.0
873da18c0ffffff,28.71354,77.07595,23,50.0
873da18c0ffffff,28.71354,77.07595,24,50.0
873da18c0ffffff,28.71354,77.07595,25,50.0
873da18c0ffffff,28.71354,77.07595,26,50.0
873da18c0ffffff,28.71354,77.07595,27,50.0
873da18c0ffffff,28.71354,77.07595,28,50.0
873da18c0ffffff,28.71354,77.07595,29,50.0
873da18c0ffffff,28.71354,77.07595,30,50.0
873da18c0ffffff,28.71354,77.07595,31,50.0
873da18c0ffffff,28.71354,77.07595,32,50.0
873da18c0ffffff,28.71354,77.07595,33,50.0
873da18c0ffffff,28.71354,77.07595,34,50.0
873da18c0ffffff,28.71354,77.07595,35,50.0
873da18c0ffffff,28.71354,77.07595,36,50.0
873da18c0ffffff,28.71354,77.07595,37,50.0
873da18c0ffffff,28.71354,77.07595,38,50.0
873da18c0ffffff,28.71354,77.07595,39,50.0
873da18c0ffffff,28.71354,77.07595,40,50.0
873da18c0ffffff,28.71354,77.07595,41,50.0
873da18c1ffffff,28.72256,77.09997,0,50.0
873da18c1ffffff,28.72256,77.09997,1,50.0
873da18c1ffffff,28.72256,77.09997,2,50.0
873da18c1ffffff,28.72256,77.09997,3,50.0
873da18c1ffffff,28.72256,77.09997,4,50.0
873da18c1ffffff,28.72256,77.09997,5,50.0
873da18c1ffffff,28.72256,77.09997,6,50.0
873da18c1ffffff,28.72256,77.09997,7,50.0
873da18c1ffffff,28.72256,77.09997,8,50.0
873da18c1ffffff,28.72256,77.09997,9,50.0
873da18c1ffffff,28.72256,77.09997,10,50.0
873da18c1ffffff,28.72256,77.09997,11,50.0
873da18c1ffffff,28.72256,77.09997,12,50.0
873da18c1ffffff,28.72256,77.09997,13,50.0
873da18c1ffffff,28.72256,77.09997,14,50.0
873da18c1ffffff,28.72256,77.09997,15,50.0
873da18c1ffffff,28.72256,77.09997,16,50.0
873da18c1ffffff,28.72256,77.09997,17,50.0
873da18c1ffffff,28.72256,77.09997,18,50.0
873da18c1ffffff,28.72256,77.09997,19,50.0
873da18c1ffffff,28.72256,77.09997,20,50.0
873da18c1ffffff,28.72256,77.09997,21,50.0
873da18c1ffffff,28.72256,77.09997,22,50.0
873da18c1ffffff,28.72256,77.09997,23,50.0
873da18c1ffffff,28.72256,77.09997,24,50.0
873da18c1ffffff,28.72256,77.09997,25,50.0
873da18c1ffffff,28.72256,77.09997,26,50.0
873da18c1ffffff,28.72256,77.09997,27,50.0
873da18c1ffffff,28.72256,77.09997,28,50.0
873da18c1ffffff,28.72256,77.09997,29,50.0
873da18c1ffffff,28.72256,77.09997,30,50.0
873da18c1ffffff,28.72256,77.09997,31,50.0
873da18c1ffffff,28.72256,77.09997,32,50.0
873da18c1ffffff,28.72256,77.09997,33,50.0
873da18c1ffffff,28.72256,77.09997,34,50.0
873da18c1ffffff,28.72256,77.09997,35,50.0
873da18c1ffffff,28.72256,77.09997,36,50.0
873da18c1ffffff,28.72256,77.09997,37,50.0
873da18c1ffffff,28.72256,77.09997,38,50.0
873da18c1ffffff,28.72256,77.09997,39,50.0
873da18c1ffffff,28.72256,77.09997,40,50.0
873da18c1ffffff,28.72256,77.09997,41,50.0
873da18c2ffffff,28.69175,77.07281,0,50.0
873da18c2ffffff,28.69175,77.07281,1,50.0
873da18c2ffffff,28.69175,77.07281,2,50.0
873da18c2ffffff,28.69175,77.07281,3,50.0
873da18c2ffffff,28.69175,77.07281,4,50.0
873da18c2ffffff,28.69175,77.07281,5,50.0
873da18c2ffffff,28.69175,77.07281,6,50.0
873da18c2ffffff,28.69175,77.07281,7,50.0
873da18c2ffffff,28.69175,77.07281,8,50.0
873da18c2ffffff,28.69175,77.07281,9,50.0
873da18c2ffffff,28.69175,77.07281,10,50.0
873da18c2ffffff,28.69175,77.07281,11,50.0
873da18c2ffffff,28.69175,77.07281,12,50.0
873da18c2ffffff,28.69175,77.07281,13,50.0
873da18c2ffffff,28.69175,77.07281,14,50.0
873da18c2ffffff,28.69175,77.07281,15,50.0
873da18c2ffffff,28.69175,77.07281,16,50.0
873da18c2ffffff,28.69175,77.07281,17,50.0
873da18c2ffffff,28.69175,77.07281,18,50.0
873da18c2ffffff,28.69175,77.07281,19,50.0
873da18c2ffffff,28.69175,77.07281,20,50.0
873da18c2ffffff,28.69175,77.07281,21,50.0
873da18c2ffffff,28.69175,77.07281,22,50.0
873da18c2ffffff,28.69175,77.07281,23,50.0
873da18c2ffffff,28.69175,77.07281,24,50.0
873da18c2ffffff,28.69175,77.07281,25,50.0
873da18c2ffffff,28.69175,77.07281,26,50.0
873da18c2ffffff,28.69175,77.07281,27,50.0
873da18c2ffffff,28.69175,77.07281,28,50.0
873da18c2ffffff,28.69175,77.07281,29,50.0
873da18c2ffffff,28.69175,77.07281,30,50.0
873da18c2ffffff,28.69175,77.07281,31,50.0
873da18c2ffffff,28.69175,77.07281,32,50.0
873da18c2ffffff,28.69175,77.07281,33,50.0
873da18c2ffffff,28.69175,77.07281,34,50.0
873da18c2ffffff,28.69175,77.07281,35,50.0
873da18c2ffffff,28.69175,77.07281,36,50.0
873da18c2ffffff,28.69175,77.07281,37,50.0
873da18c2ffffff,28.69175,77.07281,38,50.0
873da18c2ffffff,28.69175,77.07281,39,50.0
873da18c2ffffff,28.69175,77.07281,40,50.0
873da18c2ffffff,28.69175,77.07281,41,50.0
873da18c3ffffff,28.70077,77.09683,0,50.0
873da18c3ffffff,28.70077,77.09683,1,50.0
873da18c3ffffff,28.70077,77.09683,2,50.0
873da18c3ffffff,28.70077,77.09683,3,50.0
873da18c3ffffff,28.70077,77.09683,4,50.0
873da18c3ffffff,28.70077,77.09683,5,50.0
873da18c3ffffff,28.70077,77.09683,6,50.0
873da18c3ffffff,28.70077,77.09683,7,50.0
873da18c3ffffff,28.70077,77.09683,8,50.0
873da18c3ffffff,28.70077,77.09683,9,50.0
873da18c3ffffff,28.70077,77.09683,10,50.0
873da18c3ffffff,28.70077,77.09683,11,50.0
873da18c3ffffff,28.70077,77.09683,12,50.0
873da18c3ffffff,28.70077,77.09683,13,50.0
873da18c3ffffff,28.70077,77.09683,14,50.0
873da18c3ffffff,28.70077,77.09683,15,50.0
873da18c3ffffff,28.70077,77.09683,16,50.0
873da18c3ffffff,28.70077,77.09683,17,50.0
873da18c3ffffff,28.70077,77.09683,18,50.0
873da18c3ffffff,28.70077,77.09683,19,50.0
873da18c3ffffff,28.70077,77.09683,20,50.0
873da18c3ffffff,28.70077,77.09683,21,50.0
873da18c3ffffff,28.70077,77.09683,22,50.0
873da18c3ffffff,28.70077,77.09683,23,50.0
873da18c3ffffff,28.70077,77.09683,24,50.0
873da18c3ffffff,28.70077,77.09683,25,50.0
873da18c3ffffff,28.70077,77.09683,26,50.0
873da18c3ffffff,28.70077,77.09683,27,50.0
873da18c3ffffff,28.70077,77.09683,28,50.0
873da18c3ffffff,28.70077,77.09683,29,50.0
873da18c3ffffff,28.70077,77.09683,30,50.0
873da18c3ffffff,28.70077,77.09683,31,50.0
873da18c3ffffff,28.70077,77.09683,32,50.0
873da18c3ffffff,28.70077,77.09683,33,50.0
873da18c3ffffff,28.70077,77.09683,34,50.0
873da18c3ffffff,28.70077,77.09683,35,50.0
873da18c3ffffff,28.70077,77.09683,36,50.0
873da18c3ffffff,28.70077,77.09683,37,50.0
873da18c3ffffff,28.70077,77.09683,38,50.0
873da18c3ffffff,28.70077,77.09683,39,50.0
873da18c3ffffff,28.70077,77.09683,40,50.0
873da18c3ffffff,28.70077,77.09683,41,50.0
873da18c4ffffff,28.72632,77.05506,0,50.0
873da18c4ffffff,28.72632,77.05506,1,50.0
873da18c4ffffff,28.72632,77.05506,2,50.0
873da18c4ffffff,28.72632,77.05506,3,50.0
873da18c4ffffff,28.72632,77.05506,4,50.0
873da18c4ffffff,28.72632,77.05506,5,50.0
873da18c4ffffff,28.72632,77.05506,6,50.0
873da18c4ffffff,28.72632,77.05506,7,50.0
873da18c4ffffff,28.72632,77.05506,8,50.0
873da18c4ffffff,28.72632,77.05506,9,50.0
873da18c4ffffff,28.72632,77.05506,10,50.0
873da18c4ffffff,28.72632,77.05506,11,50.0
873da18c4ffffff,28.72632,77.05506,12,50.0
873da18c4ffffff,28.72632,77.05506,13,50.0
873da18c4ffffff,28.72632,77.05506,14,50.0
873da18c4ffffff,28.72632,77.05506,15,50.0
873da18c4ffffff,28.72632,77.05506,16,50.0
873da18c4ffffff,28.72632,77.05506,17,50.0
873da18c4ffffff,28.72632,77.05506,18,50.0
873da18c4ffffff,28.72632,77.05506,19,50.0
873da18c4ffffff,28.72632,77.05506,20,50.0
873da18c4ffffff,28.72632,77.05506,21,50.0
873da18c4ffffff,28.72632,77.05506,22,50.0
873da18c4ffffff,28.72632,77.05506,23,50.0
873da18c4ffffff,28.72632,77.05506,24,50.0
873da18c4ffffff,28.72632,77.05506,25,50.0
873da18c4ffffff,28.72632,77.05506,26,50.0
873da18c4ffffff,28.72632,77.05506,27,50.0
873da18c4ffffff,28.72632,77.05506,28,50.0
873da18c4ffffff,28.72632,77.05506,29,50.0
873da18c4ffffff,28.72632,77.05506,30,50.0
873da18c4ffffff,28.72632,77.05506,31,50.0
873da18c4ffffff,28.72632,77.05506,32,50.0
873da18c4ffffff,28.72632,77.05506,33,50.0
873da18c4ffffff,28.72632,77.05506,34,50.0
873da18c4ffffff,28.72632,77.05506,35,50.0
873da18c4ffffff,28.72632,77.05506,36,50.0
873da18c4ffffff,28.72632,77.05506,37,50.0
873da18c4ffffff,28.72632,77.05506,38,50.0
873da18c4ffffff,28.72632,77.05506,39,50.0
873da18c4ffffff,28.72632,77.05506,40,50.0
873da18c4ffffff,28.72632,77.05506,41,50.0
873da18c5ffffff,28.73534,77.07908,0,50.0
873da18c5ffffff,28.73534,77.07908,1,50.0
873da18c5ffffff,28.73534,77.07908,2,50.0
873da18c5ffffff,28.73534,77.07908,3,50.0
873da18c5ffffff,28.73534,77.07908,4,50.0
873da18c5ffffff,28.73534,77.07908,5,50.0
873da18c5ffffff,28.73534,77.07908,6,50.0
873da18c5ffffff,28.73534,77.07908,7,50.0
873da18c5ffffff,28.73534,77.07908,8,50.0
873da18c5ffffff,28.73534,77.07908,9,50.0
873da18c5ffffff,28.73534,77.07908,10,50.0
873da18c5ffffff,28.73534,77.07908,11,50.0
873da18c5ffffff,28.73534,77.07908,12,50.0
873da18c5ffffff,28.73534,77.07908,13,50.0
873da18c5ffffff,28.73534,77.07908,14,50.0
873da18c5ffffff,28.73534,77.07908,15,50.0
873da18c5ffffff,28.73534,77.07908,16,50.0
873da18c5ffffff,28.73534,77.07908,17,50.0
873da18c5ffffff,28.73534,77.07908,18,50.0
873da18c5ffffff,28.73534,77.07908,19,50.0
873da18c5ffffff,28.73534,77.07908,20,50.0
873da18c5ffffff,28.73534,77.07908,21,50.0
873da18c5ffffff,28.73534,77.07908,22,50.0
873da18c5ffffff,28.73534,77.07908,23,50.0
873da18c5ffffff,28.73534,77.07908,24,50.0
873da18c5ffffff,28.73534,77.07908,25,50.0
873da18c5ffffff,28.73534,77.07908,26,50.0
873da18c5ffffff,28.73534,77.07908,27,50.0
873da18c5ffffff,28.73534,77.07908,28,50.0
873da18c5ffffff,28.73534,77.07908,29,50.0
873da18c5ffffff,28.73534,77.07908,30,50.0
873da18c5ffffff,28.73534,77.07908,31,50.0
873da18c5ffffff,28.73534,77.07908,32,50.0
873da18c5ffffff,28.73534,77.07908,33,50.0
873da18c5ffffff,28.73534,77.07908,34,50.0
873da18c5ffffff,28.73534,77.07908,35,50.0
873da18c5ffffff,28.73534,77.07908,36,50.0
873da18c5ffffff,28.73534,77.07908,37,50.0
873da18c5ffffff,28.73534,77.07908,38,50.0
873da18c5ffffff,28.73534,77.07908,39,50.0
873da18c5ffffff,28.73534,77.07908,40,50.0
873da18c5ffffff,28.73534,77.07908,41,50.0
873da18c6ffffff,28.70452,77.05193,0,50.0
873da18c6ffffff,28.70452,77.05193,1,50.0
873da18c6ffffff,28.70452,77.05193,2,50.0
873da18c6ffffff,28.70452,77.05193,3,50.0
873da18c6ffffff,28.70452,77.05193,4,50.0
873da18c6ffffff,28.70452,77.05193,5,50.0
873da18c6ffffff,28.70452,77.05193,6,50.0
873da18c6ffffff,28.70452,77.05193,7,50.0
873da18c6ffffff,28.70452,77.05193,8,50.0
873da18c6ffffff,28.70452,77.05193,9,50.0
873da18c6ffffff,28.70452,77.05193,10,50.0
873da18c6ffffff,28.70452,77.05193,11,50.0
873da18c6ffffff,28.70452,77.05193,12,50.0
873da18c6ffffff,28.70452,77.05193,13,50.0
873da18c6ffffff,28.70452,77.05193,14,50.0
873da18c6ffffff,28.70452,77.05193,15,50.0
873da18c6ffffff,28.70452,77.05193,16,50.0
873da18c6ffffff,28.70452,77.05193,17,50.0
873da18c6ffffff,28.70452,77.05193,18,50.0
873da18c6ffffff,28.70452,77.05193,19,50.0
873da18c6ffffff,28.70452,77.05193,20,50.0
873da18c6ffffff,28.70452,77.05193,21,50.0
873da18c6ffffff,28.70452,77.05193,22,50.0
873da18c6ffffff,28.70452,77.05193,23,50.0
873da18c6ffffff,28.70452,77.05193,24,50.0
873da18c6ffffff,28.70452,77.05193,25,50.0
873da18c6ffffff,28.70452,77.05193,26,50.0
873da18c6ffffff,28.70452,77.05193,27,50.0
873da18c6ffffff,28.70452,77.05193,28,50.0
873da18c6ffffff,28.70452,77.05193,29,50.0
873da18c6ffffff,28.70452,77.05193,30,50.0
873da18c6ffffff,28.70452,77.05193,31,50.0
873da18c6ffffff,28.70452,77.05193,32,50.0
873da18c6ffffff,28.70452,77.05193,33,50.0
873da18c6ffffff,28.70452,77.05193,34,50.0
873da18c6ffffff,28.70452,77.05193,35,50.0
873da18c6ffffff,28.70452,77.05193,36,50.0
873da18c6ffffff,28.70452,77.05193,37,50.0
873da18c6ffffff,28.70452,77.05193,38,50.0
873da18c6ffffff,28.70452,77.05193,39,50.0
873da18c6ffffff,28.70452,77.05193,40,50.0
873da18c6ffffff,28.70452,77.05193,41,50.0
873da18c8ffffff,28.71879,77.14486,0,50.0
873da18c8ffffff,28.71879,77.14486,1,50.0
873da18c8ffffff,28.71879,77.14486,2,50.0
873da18c8ffffff,28.71879,77.14486,3,50.0
873da18c8ffffff,28.71879,77.14486,4,50.0
873da18c8ffffff,28.71879,77.14486,5,50.0
873da18c8ffffff,28.71879,77.14486,6,50.0
873da18c8ffffff,28.71879,77.14486,7,50.0
873da18c8ffffff,28.71879,77.14486,8,50.0
873da18c8ffffff,28.71879,77.14486,9,50.0
873da18c8ffffff,28.71879,77.14486,10,50.0
873da18c8ffffff,28.71879,77.14486,11,50.0
873da18c8ffffff,28.71879,77.14486,12,50.0
873da18c8ffffff,28.71879,77.14486,13,50.0
873da18c8ffffff,28.71879,77.14486,14,50.0
873da18c8ffffff,28.71879,77.14486,15,50.0
873da18c8ffffff,28.71879,77.14486,16,50.0
873da18c8ffffff,28.71879,77.14486,17,50.0
873da18c8ffffff,28.71879,77.14486,18,50.0
873da18c8ffffff,28.71879,77.14486,19,50.0
873da18c8ffffff,28.71879,77.14486,20,50.0
873da18c8ffffff,28.71879,77.14486,21,50.0
873da18c8ffffff,28.71879,77.14486,22,50.0
873da18c8ffffff,28.71879,77.14486,23,50.0
873da18c8ffffff,28.71879,77.14486,24,50.0
873da18c8ffffff,28.71879,77.14486,25,50.0
873da18c8ffffff,28.71879,77.14486,26,50.0
873da18c8ffffff,28.71879,77.14486,27,50.0
873da18c8ffffff,28.71879,77.14486,28,50.0
873da18c8ffffff,28.71879,77.14486,29,50.0
873da18c8ffffff,28.71879,77.14486,30,50.0
873da18c8ffffff,28.71879,77.14486,31,50.0
873da18c8ffffff,28.71879,77.14486,32,50.0
873da18c8ffffff,28.71879,77.14486,33,50.0
873da18c8ffffff,28.71879,77.14486,34,50.0
873da18c8ffffff,28.71879,77.14486,35,50.0
873da18c8ffffff,28.71879,77.14486,36,50.0
873da18c8ffffff,28.71879,77.14486,37,50.0
873da18c8ffffff,28.71879,77.14486,38,50.0
873da18c8ffffff,28.71879,77.14486,39,50.0
873da18c8ffffff,28.71879,77.14486,40,50.0
873da18c8ffffff,28.71879,77.14486,41,50.0
873da18c9ffffff,28.72779,77.16889,0,50.0
873da18c9ffffff,28.72779,77.16889,1,50.0
873da18c9ffffff,28.72779,77.16889,2,50.0
873da18c9ffffff,28.72779,77.16889,3,50.0
873da18c9ffffff,28.72779,77.16889,4,50.0
873da18c9ffffff,28.72779,77.16889,5,50.0
873da18c9ffffff,28.72779,77.16889,6,50.0
873da18c9ffffff,28.72779,77.16889,7,50.0
873da18c9ffffff,28.72779,77.16889,8,50.0
873da18c9ffffff,28.72779,77.16889,9,50.0
873da18c9ffffff,28.72779,77.16889,10,50.0
873da18c9ffffff,28.72779,77.16889,11,50.0
873da18c9ffffff,28.72779,77.16889,12,50.0
873da18c9ffffff,28.72779,77.16889,13,50.0
873da18c9ffffff,28.72779,77.16889,14,50.0
873da18c9ffffff,28.72779,77.16889,15,50.0
873da18c9ffffff,28.72779,77.16889,16,50.0
873da18c9ffffff,28.72779,77.16889,17,50.0
873da18c9ffffff,28.72779,77.16889,18,50.0
873da18c9ffffff,28.72779,77.16889,19,50.0
873da18c9ffffff,28.72779,77.16889,20,50.0
873da18c9ffffff,28.72779,77.16889,21,50.0
873da18c9ffffff,28.72779,77.16889,22,50.0
873da18c9ffffff,28.72779,77.16889,23,50.0
873da18c9ffffff,28.72779,77.16889,24,50.0
873da18c9ffffff,28.72779,77.16889,25,50.0
873da18c9ffffff,28.72779,77.16889,26,50.0
873da18c9ffffff,28.72779,77.16889,27,50.0
873da18c9ffffff,28.72779,77.16889,28,50.0
873da18c9ffffff,28.72779,77.16889,29,50.0
873da18c9ffffff,28.72779,77.16889,30,50.0
873da18c9ffffff,28.72779,77.16889,31,50.0
873da18c9ffffff,28.72779,77.16889,32,50.0
873da18c9ffffff,28.72779,77.16889,33,50.0
873da18c9ffffff,28.72779,77.16889,34,50.0
873da18c9ffffff,28.72779,77.16889,35,50.0
873da18c9ffffff,28.72779,77.16889,36,50.0
873da18c9ffffff,28.72779,77.16889,37,50.0
873da18c9ffffff,28.72779,77.16889,38,50.0
873da18c9ffffff,28.72779,77.16889,39,50.0
873da18c9ffffff,28.72779,77.16889,40,50.0
873da18c9ffffff,28.72779,77.16889,41,50.0
873da18caffffff,28.69700,77.14171,0,50.0
873da18caffffff,28.69700,77.14171,1,50.0
873da18caffffff,28.69700,77.14171,2,50.0
873da18caffffff,28.69700,77.14171,3,50.0
873da18caffffff,28.69700,77.14171,4,50.0
873da18caffffff,28.69700,77.14171,5,50.0
873da18caffffff,28.69700,77.14171,6,50.0
873da18caffffff,28.69700,77.14171,7,50.0
873da18caffffff,28.69700,77.14171,8,50.0
873da18caffffff,28.69700,77.14171,9,50.0
873da18caffffff,28.69700,77.14171,10,50.0
873da18caffffff,28.69700,77.14171,11,50.0
873da18caffffff,28.69700,77.14171,12,50.0
873da18caffffff,28.69700,77.14171,13,50.0
873da18caffffff,28.69700,77.14171,14,50.0
873da18caffffff,28.69700,77.14171,15,50.0
873da18caffffff,28.69700,77.14171,16,50.0
873da18caffffff,28.69700,77.14171,17,50.0
873da18caffffff,28.69700,77.14171,18,50.0
873da18caffffff,28.69700,77.14171,19,50.0
873da18caffffff,28.69700,77.14171,20,50.0
873da18caffffff,28.69700,77.14171,21,50.0
873da18caffffff,28.69700,77.14171,22,50.0
873da18caffffff,28.69700,77.14171,23,50.0
873da18caffffff,28.69700,77.14171,24,50.0
873da18caffffff,28.69700,77.14171,25,50.0
873da18caffffff,28.69700,77.14171,26,50.0
873da18caffffff,28.69700,77.14171,27,50.0
873da18caffffff,28.69700,77.14171,28,50.0
873da18caffffff,28.69700,77.14171,29,50.0
873da18caffffff,28.69700,77.14171,30,50.0
873da18caffffff,28.69700,77.14171,31,50.0
873da18caffffff,28.69700,77.14171,32,50.0
873da18caffffff,28.69700,77.14171,33,50.0
873da18caffffff,28.69700,77.14171,34,50.0
873da18caffffff,28.69700,77.14171,35,50.0
873da18caffffff,28.69700,77.14171,36,50.0
873da18caffffff,28.69700,77.14171,37,50.0
873da18caffffff,28.69700,77.14171,38,50.0
873da18caffffff,28.69700,77.14171,39,50.0
873da18caffffff,28.69700,77.14171,40,50.0
873da18caffffff,28.69700,77.14171,41,50.0
873da18cbffffff,28.70600,77.16573,0,50.0
873da18cbffffff,28.70600,77.16573,1,50.0
873da18cbffffff,28.70600,77.16573,2,50.0
873da18cbffffff,28.70600,77.16573,3,50.0
873da18cbffffff,28.70600,77.16573,4,50.0
873da18cbffffff,28.70600,77.16573,5,50.0
873da18cbffffff,28.70600,77.16573,6,50.0
873da18cbffffff,28.70600,77.16573,7,50.0
873da18cbffffff,28.70600,77.16573,8,50.0
873da18cbffffff,28.70600,77.16573,9,50.0
873da18cbffffff,28.70600,77.16573,10,50.0
873da18cbffffff,28.70600,77.16573,11,50.0
873da18cbffffff,28.70600,77.16573,12,50.0
873da18cbffffff,28.70600,77.16573,13,50.0
873da18cbffffff,28.70600,77.16573,14,50.0
873da18cbffffff,28.70600,77.16573,15,50.0
873da18cbffffff,28.70600,77.16573,16,50.0
873da18cbffffff,28.70600,77.16573,17,50.0
873da18cbffffff,28.70600,77.16573,18,50.0
873da18cbffffff,28.70600,77.16573,19,50.0
873da18cbffffff,28.70600,77.16573,20,50.0
873da18cbffffff,28.70600,77.16573,21,50.0
873da18cbffffff,28.70600,77.16573,22,50.0
873da18cbffffff,28.70600,77.16573,23,50.0
873da18cbffffff,28.70600,77.16573,24,50.0
873da18cbffffff,28.70600,77.16573,25,50.0
873da18cbffffff,28.70600,77.16573,26,50.0
873da18cbffffff,28.70600,77.16573,27,50.0
873da18cbffffff,28.70600,77.16573,28,50.0
873da18cbffffff,28.70600,77.16573,29,50.0
873da18cbffffff,28.70600,77.16573,30,50.0
873da18cbffffff,28.70600,77.16573,31,50.0
873da18cbffffff,28.70600,77.16573,32,50.0
873da18cbffffff,28.70600,77.16573,33,50.0
873da18cbffffff,28.70600,77.16573,34,50.0
873da18cbffffff,28.70600,77.16573,35,50.0
873da18cbffffff,28.70600,77.16573,36,50.0
873da18cbffffff,28.70600,77.16573,37,50.0
873da18cbffffff,28.70600,77.16573,38,50.0
873da18cbffffff,28.70600,77.16573,39,50.0
873da18cbffffff,28.70600,77.16573,40,50.0
873da18cbffffff,28.70600,77.16573,41,50.0
873da18ccffffff,28.73157,77.12399,0,50.0
873da18ccffffff,28.73157,77.12399,1,50.0
873da18ccffffff,28.73157,77.12399,2,50.0
873da18ccffffff,28.73157,77.12399,3,50.0
873da18ccffffff,28.73157,77.12399,4,50.0
873da18ccffffff,28.73157,77.12399,5,50.0
873da18ccffffff,28.73157,77.12399,6,50.0
873da18ccffffff,28.73157,77.12399,7,50.0
873da18ccffffff,28.73157,77.12399,8,50.0
873da18ccffffff,28.73157,77.12399,9,50.0
873da18ccffffff,28.73157,77.12399,10,50.0
873da18ccffffff,28.73157,77.12399,11,50.0
873da18ccffffff,28.73157,77.12399,12,50.0
873da18ccffffff,28.73157,77.12399,13,50.0
873da18ccffffff,28.73157,77.12399,14,50.0
873da18ccffffff,28.73157,77.12399,15,50.0
873da18ccffffff,28.73157,77.12399,16,50.0
873da18ccffffff,28.73157,77.12399,17,50.0
873da18ccffffff,28.73157,77.12399,18,50.0
873da18ccffffff,28.73157,77.12399,19,50.0
873da18ccffffff,28.73157,77.12399,20,50.0
873da18ccffffff,28.73157,77.12399,21,50.0
873da18ccffffff,28.73157,77.12399,22,50.0
873da18ccffffff,28.73157,77.12399,23,50.0
873da18ccffffff,28.73157,77.12399,24,50.0
873da18ccffffff,28.73157,77.12399,25,50.0
873da18ccffffff,28.73157,77.12399,26,50.0
873da18ccffffff,28.73157,77.12399,27,50.0
873da18ccffffff,28.73157,77.12399,28,50.0
873da18ccffffff,28.73157,77.12399,29,50.0
873da18ccffffff,28.73157,77.12399,30,50.0
873da18ccffffff,28.73157,77.12399,31,50.0
873da18ccffffff,28.73157,77.12399,32,50.0
873da18ccffffff,28.73157,77.12399,33,50.0
873da18ccffffff,28.73157,77.12399,34,50.0
873da18ccffffff,28.73157,77.12399,35,50.0
873da18ccffffff,28.73157,77.12399,36,50.0
873da18ccffffff,28.73157,77.12399,37,50.0
873da18ccffffff,28.73157,77.12399,38,50.0
873da18ccffffff,28.73157,77.12399,39,50.0
873da18ccffffff,28.73157,77.12399,40,50.0
873da18ccffffff,28.73157,77.12399,41,50.0
873da18cdffffff,28.74058,77.14802,0,50.0
873da18cdffffff,28.74058,77.14802,1,50.0
873da18cdffffff,28.74058,77.14802,2,50.0
873da18cdffffff,28.74058,77.14802,3,50.0
873da18cdffffff,28.74058,77.14802,4,50.0
873da18cdffffff,28.74058,77.14802,5,50.0
873da18cdffffff,28.74058,77.14802,6,50.0
873da18cdffffff,28.74058,77.14802,7,50.0
873da18cdffffff,28.74058,77.14802,8,50.0
873da18cdffffff,28.74058,77.14802,9,50.0
873da18cdffffff,28.74058,77.14802,10,50.0
873da18cdffffff,28.74058,77.14802,11,50.0
873da18cdffffff,28.74058,77.14802,12,50.0
873da18cdffffff,28.74058,77.14802,13,50.0
873da18cdffffff,28.74058,77.14802,14,50.0
873da18cdffffff,28.74058,77.14802,15,50.0
873da18cdffffff,28.74058,77.14802,16,50.0
873da18cdffffff,28.74058,77.14802,17,50.0
873da18cdffffff,28.74058,77.14802,18,50.0
873da18cdffffff,28.74058,77.14802,19,50.0
873da18cdffffff,28.74058,77.14802,20,50.0
873da18cdffffff,28.74058,77.14802,21,50.0
873da18cdffffff,28.74058,77.14802,22,50.0
873da18cdffffff,28.74058,77.14802,23,50.0
873da18cdffffff,28.74058,77.14802,24,50.0
873da18cdffffff,28.74058,77.14802,25,50.0
873da18cdffffff,28.74058,77.14802,26,50.0
873da18cdffffff,28.74058,77.14802,27,50.0
873da18cdffffff,28.74058,77.14802,28,50.0
873da18cdffffff,28.74058,77.14802,29,50.0
873da18cdffffff,28.74058,77.14802,30,50.0
873da18cdffffff,28.74058,77.14802,31,50.0
873da18cdffffff,28.74058,77.14802,32,50.0
873da18cdffffff,28.74058,77.14802,33,50.0
873da18cdffffff,28.74058,77.14802,34,50.0
873da18cdffffff,28.74058,77.14802,35,50.0
873da18cdffffff,28.74058,77.14802,36,50.0
873da18cdffffff,28.74058,77.14802,37,50.0
873da18cdffffff,28.74058,77.14802,38,50.0
873da18cdffffff,28.74058,77.14802,39,50.0
873da18cdffffff,28.74058,77.14802,40,50.0
873da18cdffffff,28.74058,77.14802,41,50.0
873da18ceffffff,28.70978,77.12084,0,50.0
873da18ceffffff,28.70978,77.12084,1,50.0
873da18ceffffff,28.70978,77.12084,2,50.0
873da18ceffffff,28.70978,77.12084,3,50.0
873da18ceffffff,28.70978,77.12084,4,50.0
873da18ceffffff,28.70978,77.12084,5,50.0
873da18ceffffff,28.70978,77.12084,6,50.0
873da18ceffffff,28.70978,77.12084,7,50.0
873da18ceffffff,28.70978,77.12084,8,50.0
873da18ceffffff,28.70978,77.12084,9,50.0
873da18ceffffff,28.70978,77.12084,10,50.0
873da18ceffffff,28.70978,77.12084,11,50.0
873da18ceffffff,28.70978,77.12084,12,50.0
873da18ceffffff,28.70978,77.12084,13,50.0
873da18ceffffff,28.70978,77.12084,14,50.0
873da18ceffffff,28.70978,77.12084,15,50.0
873da18ceffffff,28.70978,77.12084,16,50.0
873da18ceffffff,28.70978,77.12084,17,50.0
873da18ceffffff,28.70978,77.12084,18,50.0
873da18ceffffff,28.70978,77.12084,19,50.0
873da18ceffffff,28.70978,77.12084,20,50.0
873da18ceffffff,28.70978,77.12084,21,50.0
873da18ceffffff,28.70978,77.12084,22,50.0
873da18ceffffff,28.70978,77.12084,23,50.0
873da18ceffffff,28.70978,77.12084,24,50.0
873da18ceffffff,28.70978,77.12084,25,50.0
873da18ceffffff,28.70978,77.12084,26,50.0
873da18ceffffff,28.70978,77.12084,27,50.0
873da18ceffffff,28.70978,77.12084,28,50.0
873da18ceffffff,28.70978,77.12084,29,50.0
873da18ceffffff,28.70978,77.12084,30,50.0
873da18ceffffff,28.70978,77.12084,31,50.0
873da18ceffffff,28.70978,77.12084,32,50.0
873da18ceffffff,28.70978,77.12084,33,50.0
873da18ceffffff,28.70978,77.12084,34,50.0
873da18ceffffff,28.70978,77.12084,35,50.0
873da18ceffffff,28.70978,77.12084,36,50.0
873da18ceffffff,28.70978,77.12084,37,50.0
873da18ceffffff,28.70978,77.12084,38,50.0
873da18ceffffff,28.70978,77.12084,39,50.0
873da18ceffffff,28.70978,77.12084,40,50.0
873da18ceffffff,28.70978,77.12084,41,50.0
873da18d0ffffff,28.66095,77.04569,0,50.0
873da18d0ffffff,28.66095,77.04569,1,50.0
873da18d0ffffff,28.66095,77.04569,2,50.0
873da18d0ffffff,28.66095,77.04569,3,50.0
873da18d0ffffff,28.66095,77.04569,4,50.0
873da18d0ffffff,28.66095,77.04569,5,50.0
873da18d0ffffff,28.66095,77.04569,6,50.0
873da18d0ffffff,28.66095,77.04569,7,50.0
873da18d0ffffff,28.66095,77.04569,8,50.0
873da18d0ffffff,28.66095,77.04569,9,50.0
873da18d0ffffff,28.66095,77.04569,10,50.0
873da18d0ffffff,28.66095,77.04569,11,50.0
873da18d0ffffff,28.66095,77.04569,12,50.0
873da18d0ffffff,28.66095,77.04569,13,50.0
873da18d0ffffff,28.66095,77.04569,14,50.0
873da18d0ffffff,28.66095,77.04569,15,50.0
873da18d0ffffff,28.66095,77.04569,16,50.0
873da18d0ffffff,28.66095,77.04569,17,50.0
873da18d0ffffff,28.66095,77.04569,18,50.0
873da18d0ffffff,28.66095,77.04569,19,50.0
873da18d0ffffff,28.66095,77.04569,20,50.0
873da18d0ffffff,28.66095,77.04569,21,50.0
873da18d0ffffff,28.66095,77.04569,22,50.0
873da18d0ffffff,28.66095,77.04569,23,50.0
873da18d0ffffff,28.66095,77.04569,24,50.0
873da18d0ffffff,28.66095,77.04569,25,50.0
873da18d0ffffff,28.66095,77.04569,26,50.0
873da18d0ffffff,28.66095,77.04569,27,50.0
873da18d0ffffff,28.66095,77.04569,28,50.0
873da18d0ffffff,28.66095,77.04569,29,50.0
873da18d0ffffff,28.66095,77.04569,30,50.0
873da18d0ffffff,28.66095,77.04569,31,50.0
873da18d0ffffff,28.66095,77.04569,32,50.0
873da18d0ffffff,28.66095,77.04569,33,50.0
873da18d0ffffff,28.66095,77.04569,34,50.0
873da18d0ffffff,28.66095,77.04569,35,50.0
873da18d0ffffff,28.66095,77.04569,36,50.0
873da18d0ffffff,28.66095,77.04569,37,50.0
873da18d0ffffff,28.66095,77.04569,38,50.0
873da18d0ffffff,28.66095,77.04569,39,50.0
873da18d0ffffff,28.66095,77.04569,40,50.0
873da18d0ffffff,28.66095,77.04569,41,50.0
873da18d1ffffff,28.66997,77.06968,0,50.0
873da18d1ffffff,28.66997,77.06968,1,50.0
873da18d1ffffff,28.66997,77.06968,2,50.0
873da18d1ffffff,28.66997,77.06968,3,50.0
873da18d1ffffff,28.66997,77.06968,4,50.0
873da18d1ffffff,28.66997,77.06968,5,50.0
873da18d1ffffff,28.66997,77.06968,6,50.0
873da18d1ffffff,28.66997,77.06968,7,50.0
873da18d1ffffff,28.66997,77.06968,8,50.0
873da18d1ffffff,28.66997,77.06968,9,50.0
873da18d1ffffff,28.66997,77.06968,10,50.0
873da18d1ffffff,28.66997,77.06968,11,50.0
873da18d1ffffff,28.66997,77.06968,12,50.0
873da18d1ffffff,28.66997,77.06968,13,50.0
873da18d1ffffff,28.66997,77.06968,14,50.0
873da18d1ffffff,28.66997,77.06968,15,50.0
873da18d1ffffff,28.66997,77.06968,16,50.0
873da18d1ffffff,28.66997,77.06968,17,50.0
873da18d1ffffff,28.66997,77.06968,18,50.0
873da18d1ffffff,28.66997,77.06968,19,50.0
873da18d1ffffff,28.66997,77.06968,20,50.0
873da18d1ffffff,28.66997,77.06968,21,50.0
873da18d1ffffff,28.66997,77.06968,22,50.0
873da18d1ffffff,28.66997,77.06968,23,50.0
873da18d1ffffff,28.66997,77.06968,24,50.0
873da18d1ffffff,28.66997,77.06968,25,50.0
873da18d1ffffff,28.66997,77.06968,26,50.0
873da18d1ffffff,28.66997,77.06968,27,50.0
873da18d1ffffff,28.66997,77.06968,28,50.0
873da18d1ffffff,28.66997,77.06968,29,50.0
873da18d1ffffff,28.66997,77.06968,30,50.0
873da18d1ffffff,28.66997,77.06968,31,50.0
873da18d1ffffff,28.66997,77.06968,32,50.0
873da18d1ffffff,28.66997,77.06968,33,50.0
873da18d1ffffff,28.66997,77.06968,34,50.0
873da18d1ffffff,28.66997,77.06968,35,50.0
873da18d1ffffff,28.66997,77.06968,36,50.0
873da18d1ffffff,28.66997,77.06968,37,50.0
873da18d1ffffff,28.66997,77.06968,38,50.0
873da18d1ffffff,28.66997,77.06968,39,50.0
873da18d1ffffff,28.66997,77.06968,40,50.0
873da18d1ffffff,28.66997,77.06968,41,50.0
873da18d2ffffff,28.63917,77.04256,0,50.0
873da18d2ffffff,28.63917,77.04256,1,50.0
873da18d2ffffff,28.63917,77.04256,2,50.0
873da18d2ffffff,28.63917,77.04256,3,50.0
873da18d2ffffff,28.63917,77.04256,4,50.0
873da18d2ffffff,28.63917,77.04256,5,50.0
873da18d2ffffff,28.63917,77.04256,6,50.0
873da18d2ffffff,28.63917,77.04256,7,50.0
873da18d2ffffff,28.63917,77.04256,8,50.0
873da18d2ffffff,28.63917,77.04256,9,50.0
873da18d2ffffff,28.63917,77.04256,10,50.0
873da18d2ffffff,28.63917,77.04256,11,50.0
873da18d2ffffff,28.63917,77.04256,12,50.0
873da18d2ffffff,28.63917,77.04256,13,50.0
873da18d2ffffff,28.63917,77.04256,14,50.0
873da18d2ffffff,28.63917,77.04256,15,50.0
873da18d2ffffff,28.63917,77.04256,16,50.0
873da18d2ffffff,28.63917,77.04256,17,50.0
873da18d2ffffff,28.63917,77.04256,18,50.0
873da18d2ffffff,28.63917,77.04256,19,50.0
873da18d2ffffff,28.63917,77.04256,20,50.0
873da18d2ffffff,28.63917,77.04256,21,50.0
873da18d2ffffff,28.63917,77.04256,22,50.0
873da18d2ffffff,28.63917,77.04256,23,50.0
873da18d2ffffff,28.63917,77.04256,24,50.0
873da18d2ffffff,28.63917,77.04256,25,50.0
873da18d2ffffff,28.63917,77.04256,26,50.0
873da18d2ffffff,28.63917,77.04256,27,50.0
873da18d2ffffff,28.63917,77.04256,28,50.0
873da18d2ffffff,28.63917,77.04256,29,50.0
873da18d2ffffff,28.63917,77.04256,30,50.0
873da18d2ffffff,28.63917,77.04256,31,50.0
873da18d2ffffff,28.63917,77.04256,32,50.0
873da18d2ffffff,28.63917,77.04256,33,50.0
873da18d2ffffff,28.63917,77.04256,34,50.0
873da18d2ffffff,28.63917,77.04256,35,50.0
873da18d2ffffff,28.63917,77.04256,36,50.0
873da18d2ffffff,28.63917,77.04256,37,50.0
873da18d2ffffff,28.63917,77.04256,38,50.0
873da18d2ffffff,28.63917,77.04256,39,50.0
873da18d2ffffff,28.63917,77.04256,40,50.0
873da18d2ffffff,28.63917,77.04256,41,50.0
873da18d3ffffff,28.64819,77.06655,0,50.0
873da18d3ffffff,28.64819,77.06655,1,50.0
873da18d3ffffff,28.64819,77.06655,2,50.0
873da18d3ffffff,28.64819,77.06655,3,50.0
873da18d3ffffff,28.64819,77.06655,4,50.0
873da18d3ffffff,28.64819,77.06655,5,50.0
873da18d3ffffff,28.64819,77.06655,6,50.0
873da18d3ffffff,28.64819,77.06655,7,50.0
873da18d3ffffff,28.64819,77.06655,8,50.0
873da18d3ffffff,28.64819,77.06655,9,50.0
873da18d3ffffff,28.64819,77.06655,10,50.0
873da18d3ffffff,28.64819,77.06655,11,50.0
873da18d3ffffff,28.64819,77.06655,12,50.0
873da18d3ffffff,28.64819,77.06655,13,50.0
873da18d3ffffff,28.64819,77.06655,14,50.0
873da18d3ffffff,28.64819,77.06655,15,50.0
873da18d3ffffff,28.64819,77.06655,16,50.0
873da18d3ffffff,28.64819,77.06655,17,50.0
873da18d3ffffff,28.64819,77.06655,18,50.0
873da18d3ffffff,28.64819,77.06655,19,50.0
873da18d3ffffff,28.64819,77.06655,20,50.0
873da18d3ffffff,28.64819,77.06655,21,50.0
873da18d3ffffff,28.64819,77.06655,22,50.0
873da18d3ffffff,28.64819,77.06655,23,50.0
873da18d3ffffff,28.64819,77.06655,24,50.0
873da18d3ffffff,28.64819,77.06655,25,50.0
873da18d3ffffff,28.64819,77.06655,26,50.0
873da18d3ffffff,28.64819,77.06655,27,50.0
873da18d3ffffff,28.64819,77.06655,28,50.0
873da18d3ffffff,28.64819,77.06655,29,50.0
873da18d3ffffff,28.64819,77.06655,30,50.0
873da18d3ffffff,28.64819,77.06655,31,50.0
873da18d3ffffff,28.64819,77.06655,32,50.0
873da18d3ffffff,28.64819,77.06655,33,50.0
873da18d3ffffff,28.64819,77.06655,34,50.0
873da18d3ffffff,28.64819,77.06655,35,50.0
873da18d3ffffff,28.64819,77.06655,36,50.0
873da18d3ffffff,28.64819,77.06655,37,50.0
873da18d3ffffff,28.64819,77.06655,38,50.0
873da18d3ffffff,28.64819,77.06655,39,50.0
873da18d3ffffff,28.64819,77.06655,40,50.0
873da18d3ffffff,28.64819,77.06655,41,50.0
873da18d4ffffff,28.67371,77.02481,0,50.0
873da18d4ffffff,28.67371,77.02481,1,50.0
873da18d4ffffff,28.67371,77.02481,2,50.0
873da18d4ffffff,28.67371,77.02481,3,50.0
873da18d4ffffff,28.67371,77.02481,4,50.0
873da18d4ffffff,28.67371,77.02481,5,50.0
873da18d4ffffff,28.67371,77.02481,6,50.0
873da18d4ffffff,28.67371,77.02481,7,50.0
873da18d4ffffff,28.67371,77.02481,8,50.0
873da18d4ffffff,28.67371,77.02481,9,50.0
873da18d4ffffff,28.67371,77.02481,10,50.0
873da18d4ffffff,28.67371,77.02481,11,50.0
873da18d4ffffff,28.67371,77.02481,12,50.0
873da18d4ffffff,28.67371,77.02481,13,50.0
873da18d4ffffff,28.67371,77.02481,14,50.0
873da18d4ffffff,28.67371,77.02481,15,50.0
873da18d4ffffff,28.67371,77.02481,16,50.0
873da18d4ffffff,28.67371,77.02481,17,50.0
873da18d4ffffff,28.67371,77.02481,18,50.0
873da18d4ffffff,28.67371,77.02481,19,50.0
873da18d4ffffff,28.67371,77.02481,20,50.0
873da18d4ffffff,28.67371,77.02481,21,50.0
873da18d4ffffff,28.67371,77.02481,22,50.0
873da18d4ffffff,28.67371,77.02481,23,50.0
873da18d4ffffff,28.67371,77.02481,24,50.0
873da18d4ffffff,28.67371,77.02481,25,50.0
873da18d4ffffff,28.67371,77.02481,26,50.0
873da18d4ffffff,28.67371,77.02481,27,50.0
873da18d4ffffff,28.67371,77.02481,28,50.0
873da18d4ffffff,28.67371,77.02481,29,50.0
873da18d4ffffff,28.67371,77.02481,30,50.0
873da18d4ffffff,28.67371,77.02481,31,50.0
873da18d4ffffff,28.67371,77.02481,32,50.0
873da18d4ffffff,28.67371,77.02481,33,50.0
873da18d4ffffff,28.67371,77.02481,34,50.0
873da18d4ffffff,28.67371,77.02481,35,50.0
873da18d4ffffff,28.67371,77.02481,36,50.0
873da18d4ffffff,28.67371,77.02481,37,50.0
873da18d4ffffff,28.67371,77.02481,38,50.0
873da18d4ffffff,28.67371,77.02481,39,50.0
873da18d4ffffff,28.67371,77.02481,40,50.0
873da18d4ffffff,28.67371,77.02481,41,50.0
873da18d5ffffff,28.68274,77.04881,0,50.0
873da18d5ffffff,28.68274,77.04881,1,50.0
873da18d5ffffff,28.68274,77.04881,2,50.0
873da18d5ffffff,28.68274,77.04881,3,50.0
873da18d5ffffff,28.68274,77.04881,4,50.0
873da18d5ffffff,28.68274,77.04881,5,50.0
873da18d5ffffff,28.68274,77.04881,6,50.0
873da18d5ffffff,28.68274,77.04881,7,50.0
873da18d5ffffff,28.68274,77.04881,8,50.0
873da18d5ffffff,28.68274,77.04881,9,50.0
873da18d5ffffff,28.68274,77.04881,10,50.0
873da18d5ffffff,28.68274,77.04881,11,50.0
873da18d5ffffff,28.68274,77.04881,12,50.0
873da18d5ffffff,28.68274,77.04881,13,50.0
873da18d5ffffff,28.68274,77.04881,14,50.0
873da18d5ffffff,28.68274,77.04881,15,50.0
873da18d5ffffff,28.68274,77.04881,16,50.0
873da18d5ffffff,28.68274,77.04881,17,50.0
873da18d5ffffff,28.68274,77.04881,18,50.0
873da18d5ffffff,28.68274,77.04881,19,50.0
873da18d5ffffff,28.68274,77.04881,20,50.0
873da18d5ffffff,28.68274,77.04881,21,50.0
873da18d5ffffff,28.68274,77.04881,22,50.0
873da18d5ffffff,28.68274,77.04881,23,50.0
873da18d5ffffff,28.68274,77.04881,24,50.0
873da18d5ffffff,28.68274,77.04881,25,50.0
873da18d5ffffff,28.68274,77.04881,26,50.0
873da18d5ffffff,28.68274,77.04881,27,50.0
873da18d5ffffff,28.68274,77.04881,28,50.0
873da18d5ffffff,28.68274,77.04881,29,50.0
873da18d5ffffff,28.68274,77.04881,30,50.0
873da18d5ffffff,28.68274,77.04881,31,50.0
873da18d5ffffff,28.68274,77.04881,32,50.0
873da18d5ffffff,28.68274,77.04881,33,50.0
873da18d5ffffff,28.68274,77.04881,34,50.0
873da18d5ffffff,28.68274,77.04881,35,50.0
873da18d5ffffff,28.68274,77.04881,36,50.0
873da18d5ffffff,28.68274,77.04881,37,50.0
873da18d5ffffff,28.68274,77.04881,38,50.0
873da18d5ffffff,28.68274,77.04881,39,50.0
873da18d5ffffff,28.68274,77.04881,40,50.0
873da18d5ffffff,28.68274,77.04881,41,50.0
873da18d6ffffff,28.65193,77.02169,0,50.0
873da18d6ffffff,28.65193,77.02169,1,50.0
873da18d6ffffff,28.65193,77.02169,2,50.0
873da18d6ffffff,28.65193,77.02169,3,50.0
873da18d6ffffff,28.65193,77.02169,4,50.0
873da18d6ffffff,28.65193,77.02169,5,50.0
873da18d6ffffff,28.65193,77.02169,6,50.0
873da18d6ffffff,28.65193,77.02169,7,50.0
873da18d6ffffff,28.65193,77.02169,8,50.0
873da18d6ffffff,28.65193,77.02169,9,50.0
873da18d6ffffff,28.65193,77.02169,10,50.0
873da18d6ffffff,28.65193,77.02169,11,50.0
873da18d6ffffff,28.65193,77.02169,12,50.0
873da18d6ffffff,28.65193,77.02169,13,50.0
873da18d6ffffff,28.65193,77.02169,14,50.0
873da18d6ffffff,28.65193,77.02169,15,50.0
873da18d6ffffff,28.65193,77.02169,16,50.0
873da18d6ffffff,28.65193,77.02169,17,50.0
873da18d6ffffff,28.65193,77.02169,18,50.0
873da18d6ffffff,28.65193,77.02169,19,50.0
873da18d6ffffff,28.65193,77.02169,20,50.0
873da18d6ffffff,28.65193,77.02169,21,50.0
873da18d6ffffff,28.65193,77.02169,22,50.0
873da18d6ffffff,28.65193,77.02169,23,50.0
873da18d6ffffff,28.65193,77.02169,24,50.0
873da18d6ffffff,28.65193,77.02169,25,50.0
873da18d6ffffff,28.65193,77.02169,26,50.0
873da18d6ffffff,28.65193,77.02169,27,50.0
873da18d6ffffff,28.65193,77.02169,28,50.0
873da18d6ffffff,28.65193,77.02169,29,50.0
873da18d6ffffff,28.65193,77.02169,30,50.0
873da18d6ffffff,28.65193,77.02169,31,50.0
873da18d6ffffff,28.65193,77.02169,32,50.0
873da18d6ffffff,28.65193,77.02169,33,50.0
873da18d6ffffff,28.65193,77.02169,34,50.0
873da18d6ffffff,28.65193,77.02169,35,50.0
873da18d6ffffff,28.65193,77.02169,36,50.0
873da18d6ffffff,28.65193,77.02169,37,50.0
873da18d6ffffff,28.65193,77.02169,38,50.0
873da18d6ffffff,28.65193,77.02169,39,50.0
873da18d6ffffff,28.65193,77.02169,40,50.0
873da18d6ffffff,28.65193,77.02169,41,50.0
873da18d8ffffff,28.66621,77.11455,0,50.0
873da18d8ffffff,28.66621,77.11455,1,50.0
873da18d8ffffff,28.66621,77.11455,2,50.0
873da18d8ffffff,28.66621,77.11455,3,50.0
873da18d8ffffff,28.66621,77.11455,4,50.0
873da18d8ffffff,28.66621,77.11455,5,50.0
873da18d8ffffff,28.66621,77.11455,6,50.0
873da18d8ffffff,28.66621,77.11455,7,50.0
873da18d8ffffff,28.66621,77.11455,8,50.0
873da18d8ffffff,28.66621,77.11455,9,50.0
873da18d8ffffff,28.66621,77.11455,10,50.0
873da18d8ffffff,28.66621,77.11455,11,50.0
873da18d8ffffff,28.66621,77.11455,12,50.0
873da18d8ffffff,28.66621,77.11455,13,50.0
873da18d8ffffff,28.66621,77.11455,14,50.0
873da18d8ffffff,28.66621,77.11455,15,50.0
873da18d8ffffff,28.66621,77.11455,16,50.0
873da18d8ffffff,28.66621,77.11455,17,50.0
873da18d8ffffff,28.66621,77.11455,18,50.0
873da18d8ffffff,28.66621,77.11455,19,50.0
873da18d8ffffff,28.66621,77.11455,20,50.0
873da18d8ffffff,28.66621,77.11455,21,50.0
873da18d8ffffff,28.66621,77.11455,22,50.0
873da18d8ffffff,28.66621,77.11455,23,50.0
873da18d8ffffff,28.66621,77.11455,24,50.0
873da18d8ffffff,28.66621,77.11455,25,50.0
873da18d8ffffff,28.66621,77.11455,26,50.0
873da18d8ffffff,28.66621,77.11455,27,50.0
873da18d8ffffff,28.66621,77.11455,28,50.0
873da18d8ffffff,28.66621,77.11455,29,50.0
873da18d8ffffff,28.66621,77.11455,30,50.0
873da18d8ffffff,28.66621,77.11455,31,50.0
873da18d8ffffff,28.66621,77.11455,32,50.0
873da18d8ffffff,28.66621,77.11455,33,50.0
873da18d8ffffff,28.66621,77.11455,34,50.0
873da18d8ffffff,28.66621,77.11455,35,50.0
873da18d8ffffff,28.66621,77.11455,36,50.0
873da18d8ffffff,28.66621,77.11455,37,50.0
873da18d8ffffff,28.66621,77.11455,38,50.0
873da18d8ffffff,28.66621,77.11455,39,50.0
873da18d8ffffff,28.66621,77.11455,40,50.0
873da18d8ffffff,28.66621,77.11455,41,50.0
873da18d9ffffff,28.67522,77.13856,0,50.0
873da18d9ffffff,28.67522,77.13856,1,50.0
873da18d9ffffff,28.67522,77.13856,2,50.0
873da18d9ffffff,28.67522,77.13856,3,50.0
873da18d9ffffff,28.67522,77.13856,4,50.0
873da18d9ffffff,28.67522,77.13856,5,50.0
873da18d9ffffff,28.67522,77.13856,6,50.0
873da18d9ffffff,28.67522,77.13856,7,50.0
873da18d9ffffff,28.67522,77.13856,8,50.0
873da18d9ffffff,28.67522,77.13856,9,50.0
873da18d9ffffff,28.67522,77.13856,10,50.0
873da18d9ffffff,28.67522,77.13856,11,50.0
873da18d9ffffff,28.67522,77.13856,12,50.0
873da18d9ffffff,28.67522,77.13856,13,50.0
873da18d9ffffff,28.67522,77.13856,14,50.0
873da18d9ffffff,28.67522,77.13856,15,50.0
873da18d9ffffff,28.67522,77.13856,16,50.0
873da18d9ffffff,28.67522,77.13856,17,50.0
873da18d9ffffff,28.67522,77.13856,18,50.0
873da18d9ffffff,28.67522,77.13856,19,50.0
873da18d9ffffff,28.67522,77.13856,20,50.0
873da18d9ffffff,28.67522,77.13856,21,50.0
873da18d9ffffff,28.67522,77.13856,22,50.0
873da18d9ffffff,28.67522,77.13856,23,50.0
873da18d9ffffff,28.67522,77.13856,24,50.0
873da18d9ffffff,28.67522,77.13856,25,50.0
873da18d9ffffff,28.67522,77.13856,26,50.0
873da18d9ffffff,28.67522,77.13856,27,50.0
873da18d9ffffff,28.67522,77.13856,28,50.0
873da18d9ffffff,28.67522,77.13856,29,50.0
873da18d9ffffff,28.67522,77.13856,30,50.0
873da18d9ffffff,28.67522,77.13856,31,50.0
873da18d9ffffff,28.67522,77.13856,32,50.0
873da18d9ffffff,28.67522,77.13856,33,50.0
873da18d9ffffff,28.67522,77.13856,34,50.0
873da18d9ffffff,28.67522,77.13856,35,50.0
873da18d9ffffff,28.67522,77.13856,36,50.0
873da18d9ffffff,28.67522,77.13856,37,50.0
873da18d9ffffff,28.67522,77.13856,38,50.0
873da18d9ffffff,28.67522,77.13856,39,50.0
873da18d9ffffff,28.67522,77.13856,40,50.0
873da18d9ffffff,28.67522,77.13856,41,50.0
873da18daffffff,28.64444,77.11141,0,50.0
873da18daffffff,28.64444,77.11141,1,50.0
873da18daffffff,28.64444,77.11141,2,50.0
873da18daffffff,28.64444,77.11141,3,50.0
873da18daffffff,28.64444,77.11141,4,50.0
873da18daffffff,28.64444,77.11141,5,50.0
873da18daffffff,28.64444,77.11141,6,50.0
873da18daffffff,28.64444,77.11141,7,50.0
873da18daffffff,28.64444,77.11141,8,50.0
873da18daffffff,28.64444,77.11141,9,50.0
873da18daffffff,28.64444,77.11141,10,50.0
873da18daffffff,28.64444,77.11141,11,50.0
873da18daffffff,28.64444,77.11141,12,50.0
873da18daffffff,28.64444,77.11141,13,50.0
873da18daffffff,28.64444,77.11141,14,50.0
873da18daffffff,28.64444,77.11141,15,50.0
873da18daffffff,28.64444,77.11141,16,50.0
873da18daffffff,28.64444,77.11141,17,50.0
873da18daffffff,28.64444,77.11141,18,50.0
873da18daffffff,28.64444,77.11141,19,50.0
873da18daffffff,28.64444,77.11141,20,50.0
873da18daffffff,28.64444,77.11141,21,50.0
873da18daffffff,28.64444,77.11141,22,50.0
873da18daffffff,28.64444,77.11141,23,50.0
873da18daffffff,28.64444,77.11141,24,50.0
873da18daffffff,28.64444,77.11141,25,50.0
873da18daffffff,28.64444,77.11141,26,50.0
873da18daffffff,28.64444,77.11141,27,50.0
873da18daffffff,28.64444,77.11141,28,50.0
873da18daffffff,28.64444,77.11141,29,50.0
873da18daffffff,28.64444,77.11141,30,50.0
873da18daffffff,28.64444,77.11141,31,50.0
873da18daffffff,28.64444,77.11141,32,50.0
873da18daffffff,28.64444,77.11141,33,50.0
873da18daffffff,28.64444,77.11141,34,50.0
873da18daffffff,28.64444,77.11141,35,50.0
873da18daffffff,28.64444,77.11141,36,50.0
873da18daffffff,28.64444,77.11141,37,50.0
873da18daffffff,28.64444,77.11141,38,50.0
873da18daffffff,28.64444,77.11141,39,50.0
873da18daffffff,28.64444,77.11141,40,50.0
873da18daffffff,28.64444,77.11141,41,50.0
873da18dbffffff,28.65344,77.13540,0,50.0
873da18dbffffff,28.65344,77.13540,1,50.0
873da18dbffffff,28.65344,77.13540,2,50.0
873da18dbffffff,28.65344,77.13540,3,50.0
873da18dbffffff,28.65344,77.13540,4,50.0
873da18dbffffff,28.65344,77.13540,5,50.0
873da18dbffffff,28.65344,77.13540,6,50.0
873da18dbffffff,28.65344,77.13540,7,50.0
873da18dbffffff,28.65344,77.13540,8,50.0
873da18dbffffff,28.65344,77.13540,9,50.0
873da18dbffffff,28.65344,77.13540,10,50.0
873da18dbffffff,28.65344,77.13540,11,50.0
873da18dbffffff,28.65344,77.13540,12,50.0
873da18dbffffff,28.65344,77.13540,13,50.0
873da18dbffffff,28.65344,77.13540,14,50.0
873da18dbffffff,28.65344,77.13540,15,50.0
873da18dbffffff,28.65344,77.13540,16,50.0
873da18dbffffff,28.65344,77.13540,17,50.0
873da18dbffffff,28.65344,77.13540,18,50.0
873da18dbffffff,28.65344,77.13540,19,50.0
873da18dbffffff,28.65344,77.13540,20,50.0
873da18dbffffff,28.65344,77.13540,21,50.0
873da18dbffffff,28.65344,77.13540,22,50.0
873da18dbffffff,28.65344,77.13540,23,50.0
873da18dbffffff,28.65344,77.13540,24,50.0
873da18dbffffff,28.65344,77.13540,25,50.0
873da18dbffffff,28.65344,77.13540,26,50.0
873da18dbffffff,28.65344,77.13540,27,50.0
873da18dbffffff,28.65344,77.13540,28,50.0
873da18dbffffff,28.65344,77.13540,29,50.0
873da18dbffffff,28.65344,77.13540,30,50.0
873da18dbffffff,28.65344,77.13540,31,50.0
873da18dbffffff,28.65344,77.13540,32,50.0
873da18dbffffff,28.65344,77.13540,33,50.0
873da18dbffffff,28.65344,77.13540,34,50.0
873da18dbffffff,28.65344,77.13540,35,50.0
873da18dbffffff,28.65344,77.13540,36,50.0
873da18dbffffff,28.65344,77.13540,37,50.0
873da18dbffffff,28.65344,77.13540,38,50.0
873da18dbffffff,28.65344,77.13540,39,50.0
873da18dbffffff,28.65344,77.13540,40,50.0
873da18dbffffff,28.65344,77.13540,41,50.0
873da18dcffffff,28.67898,77.09369,0,50.0
873da18dcffffff,28.67898,77.09369,1,50.0
873da18dcffffff,28.67898,77.09369,2,50.0
873da18dcffffff,28.67898,77.09369,3,50.0
873da18dcffffff,28.67898,77.09369,4,50.0
873da18dcffffff,28.67898,77.09369,5,50.0
873da18dcffffff,28.67898,77.09369,6,50.0
873da18dcffffff,28.67898,77.09369,7,50.0
873da18dcffffff,28.67898,77.09369,8,50.0
873da18dcffffff,28.67898,77.09369,9,50.0
873da18dcffffff,28.67898,77.09369,10,50.0
873da18dcffffff,28.67898,77.09369,11,50.0
873da18dcffffff,28.67898,77.09369,12,50.0
873da18dcffffff,28.67898,77.09369,13,50.0
873da18dcffffff,28.67898,77.09369,14,50.0
873da18dcffffff,28.67898,77.09369,15,50.0
873da18dcffffff,28.67898,77.09369,16,50.0
873da18dcffffff,28.67898,77.09369,17,50.0
873da18dcffffff,28.67898,77.09369,18,50.0
873da18dcffffff,28.67898,77.09369,19,50.0
873da18dcffffff,28.67898,77.09369,20,50.0
873da18dcffffff,28.67898,77.09369,21,50.0
873da18dcffffff,28.67898,77.09369,22,50.0
873da18dcffffff,28.67898,77.09369,23,50.0
873da18dcffffff,28.67898,77.09369,24,50.0
873da18dcffffff,28.67898,77.09369,25,50.0
873da18dcffffff,28.67898,77.09369,26,50.0
873da18dcffffff,28.67898,77.09369,27,50.0
873da18dcffffff,28.67898,77.09369,28,50.0
873da18dcffffff,28.67898,77.09369,29,50.0
873da18dcffffff,28.67898,77.09369,30,50.0
873da18dcffffff,28.67898,77.09369,31,50.0
873da18dcffffff,28.67898,77.09369,32,50.0
873da18dcffffff,28.67898,77.09369,33,50.0
873da18dcffffff,28.67898,77.09369,34,50.0
873da18dcffffff,28.67898,77.09369,35,50.0
873da18dcffffff,28.67898,77.09369,36,50.0
873da18dcffffff,28.67898,77.09369,37,50.0
873da18dcffffff,28.67898,77.09369,38,50.0
873da18dcffffff,28.67898,77.09369,39,50.0
873da18dcffffff,28.67898,77.09369,40,50.0
873da18dcffffff,28.67898,77.09369,41,50.0
873da18ddffffff,28.68799,77.11770,0,50.0
873da18ddffffff,28.68799,77.11770,1,50.0
873da18ddffffff,28.68799,77.11770,2,50.0
873da18ddffffff,28.68799,77.11770,3,50.0
873da18ddffffff,28.68799,77.11770,4,50.0
873da18ddffffff,28.68799,77.11770,5,50.0
873da18ddffffff,28.68799,77.11770,6,50.0
873da18ddffffff,28.68799,77.11770,7,50.0
873da18ddffffff,28.68799,77.11770,8,50.0
873da18ddffffff,28.68799,77.11770,9,50.0
873da18ddffffff,28.68799,77.11770,10,50.0
873da18ddffffff,28.68799,77.11770,11,50.0
873da18ddffffff,28.68799,77.11770,12,50.0
873da18ddffffff,28.68799,77.11770,13,50.0
873da18ddffffff,28.68799,77.11770,14,50.0
873da18ddffffff,28.68799,77.11770,15,50.0
873da18ddffffff,28.68799,77.11770,16,50.0
873da18ddffffff,28.68799,77.11770,17,50.0
873da18ddffffff,28.68799,77.11770,18,50.0
873da18ddffffff,28.68799,77.11770,19,50.0
873da18ddffffff,28.68799,77.11770,20,50.0
873da18ddffffff,28.68799,77.11770,21,50.0
873da18ddffffff,28.68799,77.11770,22,50.0
873da18ddffffff,28.68799,77.11770,23,50.0
873da18ddffffff,28.68799,77.11770,24,50.0
873da18ddffffff,28.68799,77.11770,25,50.0
873da18ddffffff,28.68799,77.11770,26,50.0
873da18ddffffff,28.68799,77.11770,27,50.0
873da18ddffffff,28.68799,77.11770,28,50.0
873da18ddffffff,28.68799,77.11770,29,50.0
873da18ddffffff,28.68799,77.11770,30,50.0
873da18ddffffff,28.68799,77.11770,31,50.0
873da18ddffffff,28.68799,77.11770,32,50.0
873da18ddffffff,28.68799,77.11770,33,50.0
873da18ddffffff,28.68799,77.11770,34,50.0
873da18ddffffff,28.68799,77.11770,35,50.0
873da18ddffffff,28.68799,77.11770,36,50.0
873da18ddffffff,28.68799,77.11770,37,50.0
873da18ddffffff,28.68799,77.11770,38,50.0
873da18ddffffff,28.68799,77.11770,39,50.0
873da18ddffffff,28.68799,77.11770,40,50.0
873da18ddffffff,28.68799,77.11770,41,50.0
873da18deffffff,28.65720,77.09055,0,50.0
873da18deffffff,28.65720,77.09055,1,50.0
873da18deffffff,28.65720,77.09055,2,50.0
873da18deffffff,28.65720,77.09055,3,50.0
873da18deffffff,28.65720,77.09055,4,50.0
873da18deffffff,28.65720,77.09055,5,50.0
873da18deffffff,28.65720,77.09055,6,50.0
873da18deffffff,28.65720,77.09055,7,50.0
873da18deffffff,28.65720,77.09055,8,50.0
873da18deffffff,28.65720,77.09055,9,50.0
873da18deffffff,28.65720,77.09055,10,50.0
873da18deffffff,28.65720,77.09055,11,50.0
873da18deffffff,28.65720,77.09055,12,50.0
873da18deffffff,28.65720,77.09055,13,50.0
873da18deffffff,28.65720,77.09055,14,50.0
873da18deffffff,28.65720,77.09055,15,50.0
873da18deffffff,28.65720,77.09055,16,50.0
873da18deffffff,28.65720,77.09055,17,50.0
873da18deffffff,28.65720,77.09055,18,50.0
873da18deffffff,28.65720,77.09055,19,50.0
873da18deffffff,28.65720,77.09055,20,50.0
873da18deffffff,28.65720,77.09055,21,50.0
873da18deffffff,28.65720,77.09055,22,50.0
873da18deffffff,28.65720,77.09055,23,50.0
873da18deffffff,28.65720,77.09055,24,50.0
873da18deffffff,28.65720,77.09055,25,50.0
873da18deffffff,28.65720,77.09055,26,50.0
873da18deffffff,28.65720,77.09055,27,50.0
873da18deffffff,28.65720,77.09055,28,50.0
873da18deffffff,28.65720,77.09055,29,50.0
873da18deffffff,28.65720,77.09055,30,50.0
873da18deffffff,28.65720,77.09055,31,50.0
873da18deffffff,28.65720,77.09055,32,50.0
873da18deffffff,28.65720,77.09055,33,50.0
873da18deffffff,28.65720,77.09055,34,50.0
873da18deffffff,28.65720,77.09055,35,50.0
873da18deffffff,28.65720,77.09055,36,50.0
873da18deffffff,28.65720,77.09055,37,50.0
873da18deffffff,28.65720,77.09055,38,50.0
873da18deffffff,28.65720,77.09055,39,50.0
873da18deffffff,28.65720,77.09055,40,50.0
873da18deffffff,28.65720,77.09055,41,50.0
873da18e0ffffff,28.76089,77.03729,0,50.0
873da18e0ffffff,28.76089,77.03729,1,50.0
873da18e0ffffff,28.76089,77.03729,2,50.0
873da18e0ffffff,28.76089,77.03729,3,50.0
873da18e0ffffff,28.76089,77.03729,4,50.0
873da18e0ffffff,28.76089,77.03729,5,50.0
873da18e0ffffff,28.76089,77.03729,6,50.0
873da18e0ffffff,28.76089,77.03729,7,50.0
873da18e0ffffff,28.76089,77.03729,8,50.0
873da18e0ffffff,28.76089,77.03729,9,50.0
873da18e0ffffff,28.76089,77.03729,10,50.0
873da18e0ffffff,28.76089,77.03729,11,50.0
873da18e0ffffff,28.76089,77.03729,12,50.0
873da18e0ffffff,28.76089,77.03729,13,50.0
873da18e0ffffff,28.76089,77.03729,14,50.0
873da18e0ffffff,28.76089,77.03729,15,50.0
873da18e0ffffff,28.76089,77.03729,16,50.0
873da18e0ffffff,28.76089,77.03729,17,50.0
873da18e0ffffff,28.76089,77.03729,18,50.0
873da18e0ffffff,28.76089,77.03729,19,50.0
873da18e0ffffff,28.76089,77.03729,20,50.0
873da18e0ffffff,28.76089,77.03729,21,50.0
873da18e0ffffff,28.76089,77.03729,22,50.0
873da18e0ffffff,28.76089,77.03729,23,50.0
873da18e0ffffff,28.76089,77.03729,24,50.0
873da18e0ffffff,28.76089,77.03729,25,50.0
873da18e0ffffff,28.76089,77.03729,26,50.0
873da18e0ffffff,28.76089,77.03729,27,50.0
873da18e0ffffff,28.76089,77.03729,28,50.0
873da18e0ffffff,28.76089,77.03729,29,50.0
873da18e0ffffff,28.76089,77.03729,30,50.0
873da18e0ffffff,28.76089,77.03729,31,50.0
873da18e0ffffff,28.76089,77.03729,32,50.0
873da18e0ffffff,28.76089,77.03729,33,50.0
873da18e0ffffff,28.76089,77.03729,34,50.0
873da18e0ffffff,28.76089,77.03729,35,50.0
873da18e0ffffff,28.76089,77.03729,36,50.0
873da18e0ffffff,28.76089,77.03729,37,50.0
873da18e0ffffff,28.76089,77.03729,38,50.0
873da18e0ffffff,28.76089,77.03729,39,50.0
873da18e0ffffff,28.76089,77.03729,40,50.0
873da18e0ffffff,28.76089,77.03729,41,50.0
873da18e1ffffff,28.76992,77.06132,0,50.0
873da18e1ffffff,28.76992,77.06132,1,50.0
873da18e1ffffff,28.76992,77.06132,2,50.0
873da18e1ffffff,28.76992,77.06132,3,50.0
873da18e1ffffff,28.76992,77.06132,4,50.0
873da18e1ffffff,28.76992,77.06132,5,50.0
873da18e1ffffff,28.76992,77.06132,6,50.0
873da18e1ffffff,28.76992,77.06132,7,50.0
873da18e1ffffff,28.76992,77.06132,8,50.0
873da18e1ffffff,28.76992,77.06132,9,50.0
873da18e1ffffff,28.76992,77.06132,10,50.0
873da18e1ffffff,28.76992,77.06132,11,50.0
873da18e1ffffff,28.76992,77.06132,12,50.0
873da18e1ffffff,28.76992,77.06132,13,50.0
873da18e1ffffff,28.76992,77.06132,14,50.0
873da18e1ffffff,28.76992,77.06132,15,50.0
873da18e1ffffff,28.76992,77.06132,16,50.0
873da18e1ffffff,28.76992,77.06132,17,50.0
873da18e1ffffff,28.76992,77.06132,18,50.0
873da18e1ffffff,28.76992,77.06132,19,50.0
873da18e1ffffff,28.76992,77.06132,20,50.0
873da18e1ffffff,28.76992,77.06132,21,50.0
873da18e1ffffff,28.76992,77.06132,22,50.0
873da18e1ffffff,28.76992,77.06132,23,50.0
873da18e1ffffff,28.76992,77.06132,24,50.0
873da18e1ffffff,28.76992,77.06132,25,50.0
873da18e1ffffff,28.76992,77.06132,26,50.0
873da18e1ffffff,28.76992,77.06132,27,50.0
873da18e1ffffff,28.76992,77.06132,28,50.0
873da18e1ffffff,28.76992,77.06132,29,50.0
873da18e1ffffff,28.76992,77.06132,30,50.0
873da18e1ffffff,28.76992,77.06132,31,50.0
873da18e1ffffff,28.76992,77.06132,32,50.0
873da18e1ffffff,28.76992,77.06132,33,50.0
873da18e1ffffff,28.76992,77.06132,34,50.0
873da18e1ffffff,28.76992,77.06132,35,50.0
873da18e1ffffff,28.76992,77.06132,36,50.0
873da18e1ffffff,28.76992,77.06132,37,50.0
873da18e1ffffff,28.76992,77.06132,38,50.0
873da18e1ffffff,28.76992,77.06132,39,50.0
873da18e1ffffff,28.76992,77.06132,40,50.0
873da18e1ffffff,28.76992,77.06132,41,50.0
873da18e2ffffff,28.73909,77.03416,0,50.0
873da18e2ffffff,28.73909,77.03416,1,50.0
873da18e2ffffff,28.73909,77.03416,2,50.0
873da18e2ffffff,28.73909,77.03416,3,50.0
873da18e2ffffff,28.73909,77.03416,4,50.0
873da18e2ffffff,28.73909,77.03416,5,50.0
873da18e2ffffff,28.73909,77.03416,6,50.0
873da18e2ffffff,28.73909,77.03416,7,50.0
873da18e2ffffff,28.73909,77.03416,8,50.0
873da18e2ffffff,28.73909,77.03416,9,50.0
873da18e2ffffff,28.73909,77.03416,10,50.0
873da18e2ffffff,28.73909,77.03416,11,50.0
873da18e2ffffff,28.73909,77.03416,12,50.0
873da18e2ffffff,28.73909,77.03416,13,50.0
873da18e2ffffff,28.73909,77.03416,14,50.0
873da18e2ffffff,28.73909,77.03416,15,50.0
873da18e2ffffff,28.73909,77.03416,16,50.0
873da18e2ffffff,28.73909,77.03416,17,50.0
873da18e2ffffff,28.73909,77.03416,18,50.0
873da18e2ffffff,28.73909,77.03416,19,50.0
873da18e2ffffff,28.73909,77.03416,20,50.0
873da18e2ffffff,28.73909,77.03416,21,50.0
873da18e2ffffff,28.73909,77.03416,22,50.0
873da18e2ffffff,28.73909,77.03416,23,50.0
873da18e2ffffff,28.73909,77.03416,24,50.0
873da18e2ffffff,28.73909,77.03416,25,50.0
873da18e2ffffff,28.73909,77.03416,26,50.0
873da18e2ffffff,28.73909,77.03416,27,50.0
873da18e2ffffff,28.73909,77.03416,28,50.0
873da18e2ffffff,28.73909,77.03416,29,50.0
873da18e2ffffff,28.73909,77.03416,30,50.0
873da18e2ffffff,28.73909,77.03416,31,50.0
873da18e2ffffff,28.73909,77.03416,32,50.0
873da18e2ffffff,28.73909,77.03416,33,50.0
873da18e2ffffff,28.73909,77.03416,34,50.0
873da18e2ffffff,28.73909,77.03416,35,50.0
873da18e2ffffff,28.73909,77.03416,36,50.0
873da18e2ffffff,28.73909,77.03416,37,50.0
873da18e2ffffff,28.73909,77.03416,38,50.0
873da18e2ffffff,28.73909,77.03416,39,50.0
873da18e2ffffff,28.73909,77.03416,40,50.0
873da18e2ffffff,28.73909,77.03416,41,50.0
873da18e3ffffff,28.74812,77.05819,0,50.0
873da18e3ffffff,28.74812,77.05819,1,50.0
873da18e3ffffff,28.74812,77.05819,2,50.0
873da18e3ffffff,28.74812,77.05819,3,50.0
873da18e3ffffff,28.74812,77.05819,4,50.0
873da18e3ffffff,28.74812,77.05819,5,50.0
873da18e3ffffff,28.74812,77.05819,6,50.0
873da18e3ffffff,28.74812,77.05819,7,50.0
873da18e3ffffff,28.74812,77.05819,8,50.0
873da18e3ffffff,28.74812,77.05819,9,50.0
873da18e3ffffff,28.74812,77.05819,10,50.0
873da18e3ffffff,28.74812,77.05819,11,50.0
873da18e3ffffff,28.74812,77.05819,12,50.0
873da18e3ffffff,28.74812,77.05819,13,50.0
873da18e3ffffff,28.74812,77.05819,14,50.0
873da18e3ffffff,28.74812,77.05819,15,50.0
873da18e3ffffff,28.74812,77.05819,16,50.0
873da18e3ffffff,28.74812,77.05819,17,50.0
873da18e3ffffff,28.74812,77.05819,18,50.0
873da18e3ffffff,28.74812,77.05819,19,50.0
873da18e3ffffff,28.74812,77.05819,20,50.0
873da18e3ffffff,28.74812,77.05819,21,50.0
873da18e3ffffff,28.74812,77.05819,22,50.0
873da18e3ffffff,28.74812,77.05819,23,50.0
873da18e3ffffff,28.74812,77.05819,24,50.0
873da18e3ffffff,28.74812,77.05819,25,50.0
873da18e3ffffff,28.74812,77.05819,26,50.0
873da18e3ffffff,28.74812,77.05819,27,50.0
873da18e3ffffff,28.74812,77.05819,28,50.0
873da18e3ffffff,28.74812,77.05819,29,50.0
873da18e3ffffff,28.74812,77.05819,30,50.0
873da18e3ffffff,28.74812,77.05819,31,50.0
873da18e3ffffff,28.74812,77.05819,32,50.0
873da18e3ffffff,28.74812,77.05819,33,50.0
873da18e3ffffff,28.74812,77.05819,34,50.0
873da18e3ffffff,28.74812,77.05819,35,50.0
873da18e3ffffff,28.74812,77.05819,36,50.0
873da18e3ffffff,28.74812,77.05819,37,50.0
873da18e3ffffff,28.74812,77.05819,38,50.0
873da18e3ffffff,28.74812,77.05819,39,50.0
873da18e3ffffff,28.74812,77.05819,40,50.0
873da18e3ffffff,28.74812,77.05819,41,50.0
873da18e4ffffff,28.77367,77.01637,0,50.0
873da18e4ffffff,28.77367,77.01637,1,50.0
873da18e4ffffff,28.77367,77.01637,2,50.0
873da18e4ffffff,28.77367,77.01637,3,50.0
873da18e4ffffff,28.77367,77.01637,4,50.0
873da18e4ffffff,28.77367,77.01637,5,50.0
873da18e4ffffff,28.77367,77.01637,6,50.0
873da18e4ffffff,28.77367,77.01637,7,50.0
873da18e4ffffff,28.77367,77.01637,8,50.0
873da18e4ffffff,28.77367,77.01637,9,50.0
873da18e4ffffff,28.77367,77.01637,10,50.0
873da18e4ffffff,28.77367,77.01637,11,50.0
873da18e4ffffff,28.77367,77.01637,12,50.0
873da18e4ffffff,28.77367,77.01637,13,50.0
873da18e4ffffff,28.77367,77.01637,14,50.0
873da18e4ffffff,28.77367,77.01637,15,50.0
873da18e4ffffff,28.77367,77.01637,16,50.0
873da18e4ffffff,28.77367,77.01637,17,50.0
873da18e4ffffff,28.77367,77.01637,18,50.0
873da18e4ffffff,28.77367,77.01637,19,50.0
873da18e4ffffff,28.77367,77.01637,20,50.0
873da18e4ffffff,28.77367,77.01637,21,50.0
873da18e4ffffff,28.77367,77.01637,22,50.0
873da18e4ffffff,28.77367,77.01637,23,50.0
873da18e4ffffff,28.77367,77.01637,24,50.0
873da18e4ffffff,28.77367,77.01637,25,50.0
873da18e4ffffff,28.77367,77.01637,26,50.0
873da18e4ffffff,28.77367,77.01637,27,50.0
873da18e4ffffff,28.77367,77.01637,28,50.0
873da18e4ffffff,28.77367,77.01637,29,50.0
873da18e4ffffff,28.77367,77.01637,30,50.0
873da18e4ffffff,28.77367,77.01637,31,50.0
873da18e4ffffff,28.77367,77.01637,32,50.0
873da18e4ffffff,28.77367,77.01637,33,50.0
873da18e4ffffff,28.77367,77.01637,34,50.0
873da18e4ffffff,28.77367,77.01637,35,50.0
873da18e4ffffff,28.77367,77.01637,36,50.0
873da18e4ffffff,28.77367,77.01637,37,50.0
873da18e4ffffff,28.77367,77.01637,38,50.0
873da18e4ffffff,28.77367,77.01637,39,50.0
873da18e4ffffff,28.77367,77.01637,40,50.0
873da18e4ffffff,28.77367,77.01637,41,50.0
873da18e5ffffff,28.78270,77.04041,0,50.0
873da18e5ffffff,28.78270,77.04041,1,50.0
873da18e5ffffff,28.78270,77.04041,2,50.0
873da18e5ffffff,28.78270,77.04041,3,50.0
873da18e5ffffff,28.78270,77.04041,4,50.0
873da18e5ffffff,28.78270,77.04041,5,50.0
873da18e5ffffff,28.78270,77.04041,6,50.0
873da18e5ffffff,28.78270,77.04041,7,50.0
873da18e5ffffff,28.78270,77.04041,8,50.0
873da18e5ffffff,28.78270,77.04041,9,50.0
873da18e5ffffff,28.78270,77.04041,10,50.0
873da18e5ffffff,28.78270,77.04041,11,50.0
873da18e5ffffff,28.78270,77.04041,12,50.0
873da18e5ffffff,28.78270,77.04041,13,50.0
873da18e5ffffff,28.78270,77.04041,14,50.0
873da18e5ffffff,28.78270,77.04041,15,50.0
873da18e5ffffff,28.78270,77.04041,16,50.0
873da18e5ffffff,28.78270,77.04041,17,50.0
873da18e5ffffff,28.78270,77.04041,18,50.0
873da18e5ffffff,28.78270,77.04041,19,50.0
873da18e5ffffff,28.78270,77.04041,20,50.0
873da18e5ffffff,28.78270,77.04041,21,50.0
873da18e5ffffff,28.78270,77.04041,22,50.0
873da18e5ffffff,28.78270,77.04041,23,50.0
873da18e5ffffff,28.78270,77.04041,24,50.0
873da18e5ffffff,28.78270,77.04041,25,50.0
873da18e5ffffff,28.78270,77.04041,26,50.0
873da18e5ffffff,28.78270,77.04041,27,50.0
873da18e5ffffff,28.78270,77.04041,28,50.0
873da18e5ffffff,28.78270,77.04041,29,50.0
873da18e5ffffff,28.78270,77.04041,30,50.0
873da18e5ffffff,28.78270,77.04041,31,50.0
873da18e5ffffff,28.78270,77.04041,32,50.0
873da18e5ffffff,28.78270,77.04041,33,50.0
873da18e5ffffff,28.78270,77.04041,34,50.0
873da18e5ffffff,28.78270,77.04041,35,50.0
873da18e5ffffff,28.78270,77.04041,36,50.0
873da18e5ffffff,28.78270,77.04041,37,50.0
873da18e5ffffff,28.78270,77.04041,38,50.0
873da18e5ffffff,28.78270,77.04041,39,50.0
873da18e5ffffff,28.78270,77.04041,40,50.0
873da18e5ffffff,28.78270,77.04041,41,50.0
873da18e6ffffff,28.75186,77.01326,0,50.0
873da18e6ffffff,28.75186,77.01326,1,50.0
873da18e6ffffff,28.75186,77.01326,2,50.0
873da18e6ffffff,28.75186,77.01326,3,50.0
873da18e6ffffff,28.75186,77.01326,4,50.0
873da18e6ffffff,28.75186,77.01326,5,50.0
873da18e6ffffff,28.75186,77.01326,6,50.0
873da18e6ffffff,28.75186,77.01326,7,50.0
873da18e6ffffff,28.75186,77.01326,8,50.0
873da18e6ffffff,28.75186,77.01326,9,50.0
873da18e6ffffff,28.75186,77.01326,10,50.0
873da18e6ffffff,28.75186,77.01326,11,50.0
873da18e6ffffff,28.75186,77.01326,12,50.0
873da18e6ffffff,28.75186,77.01326,13,50.0
873da18e6ffffff,28.75186,77.01326,14,50.0
873da18e6ffffff,28.75186,77.01326,15,50.0
873da18e6ffffff,28.75186,77.01326,16,50.0
873da18e6ffffff,28.75186,77.01326,17,50.0
873da18e6ffffff,28.75186,77.01326,18,50.0
873da18e6ffffff,28.75186,77.01326,19,50.0
873da18e6ffffff,28.75186,77.01326,20,50.0
873da18e6ffffff,28.75186,77.01326,21,50.0
873da18e6ffffff,28.75186,77.01326,22,50.0
873da18e6ffffff,28.75186,77.01326,23,50.0
873da18e6ffffff,28.75186,77.01326,24,50.0
873da18e6ffffff,28.75186,77.01326,25,50.0
873da18e6ffffff,28.75186,77.01326,26,50.0
873da18e6ffffff,28.75186,77.01326,27,50.0
873da18e6ffffff,28.75186,77.01326,28,50.0
873da18e6ffffff,28.75186,77.01326,29,50.0
873da18e6ffffff,28.75186,77.01326,30,50.0
873da18e6ffffff,28.75186,77.01326,31,50.0
873da18e6ffffff,28.75186,77.01326,32,50.0
873da18e6ffffff,28.75186,77.01326,33,50.0
873da18e6ffffff,28.75186,77.01326,34,50.0
873da18e6ffffff,28.75186,77.01326,35,50.0
873da18e6ffffff,28.75186,77.01326,36,50.0
873da18e6ffffff,28.75186,77.01326,37,50.0
873da18e6ffffff,28.75186,77.01326,38,50.0
873da18e6ffffff,28.75186,77.01326,39,50.0
873da18e6ffffff,28.75186,77.01326,40,50.0
873da18e6ffffff,28.75186,77.01326,41,50.0
873da18e8ffffff,28.76616,77.10625,0,50.0
873da18e8ffffff,28.76616,77.10625,1,50.0
873da18e8ffffff,28.76616,77.10625,2,50.0
873da18e8ffffff,28.76616,77.10625,3,50.0
873da18e8ffffff,28.76616,77.10625,4,50.0
873da18e8ffffff,28.76616,77.10625,5,50.0
873da18e8ffffff,28.76616,77.10625,6,50.0
873da18e8ffffff,28.76616,77.10625,7,50.0
873da18e8ffffff,28.76616,77.10625,8,50.0
873da18e8ffffff,28.76616,77.10625,9,50.0
873da18e8ffffff,28.76616,77.10625,10,50.0
873da18e8ffffff,28.76616,77.10625,11,50.0
873da18e8ffffff,28.76616,77.10625,12,50.0
873da18e8ffffff,28.76616,77.10625,13,50.0
873da18e8ffffff,28.76616,77.10625,14,50.0
873da18e8ffffff,28.76616,77.10625,15,50.0
873da18e8ffffff,28.76616,77.10625,16,50.0
873da18e8ffffff,28.76616,77.10625,17,50.0
873da18e8ffffff,28.76616,77.10625,18,50.0
873da18e8ffffff,28.76616,77.10625,19,50.0
873da18e8ffffff,28.76616,77.10625,20,50.0
873da18e8ffffff,28.76616,77.10625,21,50.0
873da18e8ffffff,28.76616,77.10625,22,50.0
873da18e8ffffff,28.76616,77.10625,23,50.0
873da18e8ffffff,28.76616,77.10625,24,50.0
873da18e8ffffff,28.76616,77.10625,25,50.0
873da18e8ffffff,28.76616,77.10625,26,50.0
873da18e8ffffff,28.76616,77.10625,27,50.0
873da18e8ffffff,28.76616,77.10625,28,50.0
873da18e8ffffff,28.76616,77.10625,29,50.0
873da18e8ffffff,28.76616,77.10625,30,50.0
873da18e8ffffff,28.76616,77.10625,31,50.0
873da18e8ffffff,28.76616,77.10625,32,50.0
873da18e8ffffff,28.76616,77.10625,33,50.0
873da18e8ffffff,28.76616,77.10625,34,50.0
873da18e8ffffff,28.76616,77.10625,35,50.0
873da18e8ffffff,28.76616,77.10625,36,50.0
873da18e8ffffff,28.76616,77.10625,37,50.0
873da18e8ffffff,28.76616,77.10625,38,50.0
873da18e8ffffff,28.76616,77.10625,39,50.0
873da18e8ffffff,28.76616,77.10625,40,50.0
873da18e8ffffff,28.76616,77.10625,41,50.0
873da18e9ffffff,28.77517,77.13030,0,50.0
873da18e9ffffff,28.77517,77.13030,1,50.0
873da18e9ffffff,28.77517,77.13030,2,50.0
873da18e9ffffff,28.77517,77.13030,3,50.0
873da18e9ffffff,28.77517,77.13030,4,50.0
873da18e9ffffff,28.77517,77.13030,5,50.0
873da18e9ffffff,28.77517,77.13030,6,50.0
873da18e9ffffff,28.77517,77.13030,7,50.0
873da18e9ffffff,28.77517,77.13030,8,50.0
873da18e9ffffff,28.77517,77.13030,9,50.0
873da18e9ffffff,28.77517,77.13030,10,50.0
873da18e9ffffff,28.77517,77.13030,11,50.0
873da18e9ffffff,28.77517,77.13030,12,50.0
873da18e9ffffff,28.77517,77.13030,13,50.0
873da18e9ffffff,28.77517,77.13030,14,50.0
873da18e9ffffff,28.77517,77.13030,15,50.0
873da18e9ffffff,28.77517,77.13030,16,50.0
873da18e9ffffff,28.77517,77.13030,17,50.0
873da18e9ffffff,28.77517,77.13030,18,50.0
873da18e9ffffff,28.77517,77.13030,19,50.0
873da18e9ffffff,28.77517,77.13030,20,50.0
873da18e9ffffff,28.77517,77.13030,21,50.0
873da18e9ffffff,28.77517,77.13030,22,50.0
873da18e9ffffff,28.77517,77.13030,23,50.0
873da18e9ffffff,28.77517,77.13030,24,50.0
873da18e9ffffff,28.77517,77.13030,25,50.0
873da18e9ffffff,28.77517,77.13030,26,50.0
873da18e9ffffff,28.77517,77.13030,27,50.0
873da18e9ffffff,28.77517,77.13030,28,50.0
873da18e9ffffff,28.77517,77.13030,29,50.0
873da18e9ffffff,28.77517,77.13030,30,50.0
873da18e9ffffff,28.77517,77.13030,31,50.0
873da18e9ffffff,28.77517,77.13030,32,50.0
873da18e9ffffff,28.77517,77.13030,33,50.0
873da18e9ffffff,28.77517,77.13030,34,50.0
873da18e9ffffff,28.77517,77.13030,35,50.0
873da18e9ffffff,28.77517,77.13030,36,50.0
873da18e9ffffff,28.77517,77.13030,37,50.0
873da18e9ffffff,28.77517,77.13030,38,50.0
873da18e9ffffff,28.77517,77.13030,39,50.0
873da18e9ffffff,28.77517,77.13030,40,50.0
873da18e9ffffff,28.77517,77.13030,41,50.0
873da18eaffffff,28.74436,77.10311,0,50.0
873da18eaffffff,28.74436,77.10311,1,50.0
873da18eaffffff,28.74436,77.10311,2,50.0
873da18eaffffff,28.74436,77.10311,3,50.0
873da18eaffffff,28.74436,77.10311,4,50.0
873da18eaffffff,28.74436,77.10311,5,50.0
873da18eaffffff,28.74436,77.10311,6,50.0
873da18eaffffff,28.74436,77.10311,7,50.0
873da18eaffffff,28.74436,77.10311,8,50.0
873da18eaffffff,28.74436,77.10311,9,50.0
873da18eaffffff,28.74436,77.10311,10,50.0
873da18eaffffff,28.74436,77.10311,11,50.0
873da18eaffffff,28.74436,77.10311,12,50.0
873da18eaffffff,28.74436,77.10311,13,50.0
873da18eaffffff,28.74436,77.10311,14,50.0
873da18eaffffff,28.74436,77.10311,15,50.0
873da18eaffffff,28.74436,77.10311,16,50.0
873da18eaffffff,28.74436,77.10311,17,50.0
873da18eaffffff,28.74436,77.10311,18,50.0
873da18eaffffff,28.74436,77.10311,19,50.0
873da18eaffffff,28.74436,77.10311,20,50.0
873da18eaffffff,28.74436,77.10311,21,50.0
873da18eaffffff,28.74436,77.10311,22,50.0
873da18eaffffff,28.74436,77.10311,23,50.0
873da18eaffffff,28.74436,77.10311,24,50.0
873da18eaffffff,28.74436,77.10311,25,50.0
873da18eaffffff,28.74436,77.10311,26,50.0
873da18eaffffff,28.74436,77.10311,27,50.0
873da18eaffffff,28.74436,77.10311,28,50.0
873da18eaffffff,28.74436,77.10311,29,50.0
873da18eaffffff,28.74436,77.10311,30,50.0
873da18eaffffff,28.74436,77.10311,31,50.0
873da18eaffffff,28.74436,77.10311,32,50.0
873da18eaffffff,28.74436,77.10311,33,50.0
873da18eaffffff,28.74436,77.10311,34,50.0
873da18eaffffff,28.74436,77.10311,35,50.0
873da18eaffffff,28.74436,77.10311,36,50.0
873da18eaffffff,28.74436,77.10311,37,50.0
873da18eaffffff,28.74436,77.10311,38,50.0
873da18eaffffff,28.74436,77.10311,39,50.0
873da18eaffffff,28.74436,77.10311,40,50.0
873da18eaffffff,28.74436,77.10311,41,50.0
873da18ebffffff,28.75337,77.12714,0,50.0
873da18ebffffff,28.75337,77.12714,1,50.0
873da18ebffffff,28.75337,77.12714,2,50.0
873da18ebffffff,28.75337,77.12714,3,50.0
873da18ebffffff,28.75337,77.12714,4,50.0
873da18ebffffff,28.75337,77.12714,5,50.0
873da18ebffffff,28.75337,77.12714,6,50.0
873da18ebffffff,28.75337,77.12714,7,50.0
873da18ebffffff,28.75337,77.12714,8,50.0
873da18ebffffff,28.75337,77.12714,9,50.0
873da18ebffffff,28.75337,77.12714,10,50.0
873da18ebffffff,28.75337,77.12714,11,50.0
873da18ebffffff,28.75337,77.12714,12,50.0
873da18ebffffff,28.75337,77.12714,13,50.0
873da18ebffffff,28.75337,77.12714,14,50.0
873da18ebffffff,28.75337,77.12714,15,50.0
873da18ebffffff,28.75337,77.12714,16,50.0
873da18ebffffff,28.75337,77.12714,17,50.0
873da18ebffffff,28.75337,77.12714,18,50.0
873da18ebffffff,28.75337,77.12714,19,50.0
873da18ebffffff,28.75337,77.12714,20,50.0
873da18ebffffff,28.75337,77.12714,21,50.0
873da18ebffffff,28.75337,77.12714,22,50.0
873da18ebffffff,28.75337,77.12714,23,50.0
873da18ebffffff,28.75337,77.12714,24,50.0
873da18ebffffff,28.75337,77.12714,25,50.0
873da18ebffffff,28.75337,77.12714,26,50.0
873da18ebffffff,28.75337,77.12714,27,50.0
873da18ebffffff,28.75337,77.12714,28,50.0
873da18ebffffff,28.75337,77.12714,29,50.0
873da18ebffffff,28.75337,77.12714,30,50.0
873da18ebffffff,28.75337,77.12714,31,50.0
873da18ebffffff,28.75337,77.12714,32,50.0
873da18ebffffff,28.75337,77.12714,33,50.0
873da18ebffffff,28.75337,77.12714,34,50.0
873da18ebffffff,28.75337,77.12714,35,50.0
873da18ebffffff,28.75337,77.12714,36,50.0
873da18ebffffff,28.75337,77.12714,37,50.0
873da18ebffffff,28.75337,77.12714,38,50.0
873da18ebffffff,28.75337,77.12714,39,50.0
873da18ebffffff,28.75337,77.12714,40,50.0
873da18ebffffff,28.75337,77.12714,41,50.0
873da18ecffffff,28.77894,77.08536,0,50.0
873da18ecffffff,28.77894,77.08536,1,50.0
873da18ecffffff,28.77894,77.08536,2,50.0
873da18ecffffff,28.77894,77.08536,3,50.0
873da18ecffffff,28.77894,77.08536,4,50.0
873da18ecffffff,28.77894,77.08536,5,50.0
873da18ecffffff,28.77894,77.08536,6,50.0
873da18ecffffff,28.77894,77.08536,7,50.0
873da18ecffffff,28.77894,77.08536,8,50.0
873da18ecffffff,28.77894,77.08536,9,50.0
873da18ecffffff,28.77894,77.08536,10,50.0
873da18ecffffff,28.77894,77.08536,11,50.0
873da18ecffffff,28.77894,77.08536,12,50.0
873da18ecffffff,28.77894,77.08536,13,50.0
873da18ecffffff,28.77894,77.08536,14,50.0
873da18ecffffff,28.77894,77.08536,15,50.0
873da18ecffffff,28.77894,77.08536,16,50.0
873da18ecffffff,28.77894,77.08536,17,50.0
873da18ecffffff,28.77894,77.08536,18,50.0
873da18ecffffff,28.77894,77.08536,19,50.0
873da18ecffffff,28.77894,77.08536,20,50.0
873da18ecffffff,28.77894,77.08536,21,50.0
873da18ecffffff,28.77894,77.08536,22,50.0
873da18ecffffff,28.77894,77.08536,23,50.0
873da18ecffffff,28.77894,77.08536,24,50.0
873da18ecffffff,28.77894,77.08536,25,50.0
873da18ecffffff,28.77894,77.08536,26,50.0
873da18ecffffff,28.77894,77.08536,27,50.0
873da18ecffffff,28.77894,77.08536,28,50.0
873da18ecffffff,28.77894,77.08536,29,50.0
873da18ecffffff,28.77894,77.08536,30,50.0
873da18ecffffff,28.77894,77.08536,31,50.0
873da18ecffffff,28.77894,77.08536,32,50.0
873da18ecffffff,28.77894,77.08536,33,50.0
873da18ecffffff,28.77894,77.08536,34,50.0
873da18ecffffff,28.77894,77.08536,35,50.0
873da18ecffffff,28.77894,77.08536,36,50.0
873da18ecffffff,28.77894,77.08536,37,50.0
873da18ecffffff,28.77894,77.08536,38,50.0
873da18ecffffff,28.77894,77.08536,39,50.0
873da18ecffffff,28.77894,77.08536,40,50.0
873da18ecffffff,28.77894,77.08536,41,50.0
873da18edffffff,28.78796,77.10940,0,50.0
873da18edffffff,28.78796,77.10940,1,50.0
873da18edffffff,28.78796,77.10940,2,50.0
873da18edffffff,28.78796,77.10940,3,50.0
873da18edffffff,28.78796,77.10940,4,50.0
873da18edffffff,28.78796,77.10940,5,50.0
873da18edffffff,28.78796,77.10940,6,50.0
873da18edffffff,28.78796,77.10940,7,50.0
873da18edffffff,28.78796,77.10940,8,50.0
873da18edffffff,28.78796,77.10940,9,50.0
873da18edffffff,28.78796,77.10940,10,50.0
873da18edffffff,28.78796,77.10940,11,50.0
873da18edffffff,28.78796,77.10940,12,50.0
873da18edffffff,28.78796,77.10940,13,50.0
873da18edffffff,28.78796,77.10940,14,50.0
873da18edffffff,28.78796,77.10940,15,50.0
873da18edffffff,28.78796,77.10940,16,50.0
873da18edffffff,28.78796,77.10940,17,50.0
873da18edffffff,28.78796,77.10940,18,50.0
873da18edffffff,28.78796,77.10940,19,50.0
873da18edffffff,28.78796,77.10940,20,50.0
873da18edffffff,28.78796,77.10940,21,50.0
873da18edffffff,28.78796,77.10940,22,50.0
873da18edffffff,28.78796,77.10940,23,50.0
873da18edffffff,28.78796,77.10940,24,50.0
873da18edffffff,28.78796,77.10940,25,50.0
873da18edffffff,28.78796,77.10940,26,50.0
873da18edffffff,28.78796,77.10940,27,50.0
873da18edffffff,28.78796,77.10940,28,50.0
873da18edffffff,28.78796,77.10940,29,50.0
873da18edffffff,28.78796,77.10940,30,50.0
873da18edffffff,28.78796,77.10940,31,50.0
873da18edffffff,28.78796,77.10940,32,50.0
873da18edffffff,28.78796,77.10940,33,50.0
873da18edffffff,28.78796,77.10940,34,50.0
873da18edffffff,28.78796,77.10940,35,50.0
873da18edffffff,28.78796,77.10940,36,50.0
873da18edffffff,28.78796,77.10940,37,50.0
873da18edffffff,28.78796,77.10940,38,50.0
873da18edffffff,28.78796,77.10940,39,50.0
873da18edffffff,28.78796,77.10940,40,50.0
873da18edffffff,28.78796,77.10940,41,50.0
873da18eeffffff,28.75714,77.08222,0,50.0
873da18eeffffff,28.75714,77.08222,1,50.0
873da18eeffffff,28.75714,77.08222,2,50.0
873da18eeffffff,28.75714,77.08222,3,50.0
873da18eeffffff,28.75714,77.08222,4,50.0
873da18eeffffff,28.75714,77.08222,5,50.0
873da18eeffffff,28.75714,77.08222,6,50.0
873da18eeffffff,28.75714,77.08222,7,50.0
873da18eeffffff,28.75714,77.08222,8,50.0
873da18eeffffff,28.75714,77.08222,9,50.0
873da18eeffffff,28.75714,77.08222,10,50.0
873da18eeffffff,28.75714,77.08222,11,50.0
873da18eeffffff,28.75714,77.08222,12,50.0
873da18eeffffff,28.75714,77.08222,13,50.0
873da18eeffffff,28.75714,77.08222,14,50.0
873da18eeffffff,28.75714,77.08222,15,50.0
873da18eeffffff,28.75714,77.08222,16,50.0
873da18eeffffff,28.75714,77.08222,17,50.0
873da18eeffffff,28.75714,77.08222,18,50.0
873da18eeffffff,28.75714,77.08222,19,50.0
873da18eeffffff,28.75714,77.08222,20,50.0
873da18eeffffff,28.75714,77.08222,21,50.0
873da18eeffffff,28.75714,77.08222,22,50.0
873da18eeffffff,28.75714,77.08222,23,50.0
873da18eeffffff,28.75714,77.08222,24,50.0
873da18eeffffff,28.75714,77.08222,25,50.0
873da18eeffffff,28.75714,77.08222,26,50.0
873da18eeffffff,28.75714,77.08222,27,50.0
873da18eeffffff,28.75714,77.08222,28,50.0
873da18eeffffff,28.75714,77.08222,29,50.0
873da18eeffffff,28.75714,77.08222,30,50.0
873da18eeffffff,28.75714,77.08222,31,50.0
873da18eeffffff,28.75714,77.08222,32,50.0
873da18eeffffff,28.75714,77.08222,33,50.0
873da18eeffffff,28.75714,77.08222,34,50.0
873da18eeffffff,28.75714,77.08222,35,50.0
873da18eeffffff,28.75714,77.08222,36,50.0
873da18eeffffff,28.75714,77.08222,37,50.0
873da18eeffffff,28.75714,77.08222,38,50.0
873da18eeffffff,28.75714,77.08222,39,50.0
873da18eeffffff,28.75714,77.08222,40,50.0
873da18eeffffff,28.75714,77.08222,41,50.0
873da18f0ffffff,28.70826,77.00703,0,50.0
873da18f0ffffff,28.70826,77.00703,1,50.0
873da18f0ffffff,28.70826,77.00703,2,50.0
873da18f0ffffff,28.70826,77.00703,3,50.0
873da18f0ffffff,28.70826,77.00703,4,50.0
873da18f0ffffff,28.70826,77.00703,5,50.0
873da18f0ffffff,28.70826,77.00703,6,50.0
873da18f0ffffff,28.70826,77.00703,7,50.0
873da18f0ffffff,28.70826,77.00703,8,50.0
873da18f0ffffff,28.70826,77.00703,9,50.0
873da18f0ffffff,28.70826,77.00703,10,50.0
873da18f0ffffff,28.70826,77.00703,11,50.0
873da18f0ffffff,28.70826,77.00703,12,50.0
873da18f0ffffff,28.70826,77.00703,13,50.0
873da18f0ffffff,28.70826,77.00703,14,50.0
873da18f0ffffff,28.70826,77.00703,15,50.0
873da18f0ffffff,28.70826,77.00703,16,50.0
873da18f0ffffff,28.70826,77.00703,17,50.0
873da18f0ffffff,28.70826,77.00703,18,50.0
873da18f0ffffff,28.70826,77.00703,19,50.0
873da18f0ffffff,28.70826,77.00703,20,50.0
873da18f0ffffff,28.70826,77.00703,21,50.0
873da18f0ffffff,28.70826,77.00703,22,50.0
873da18f0ffffff,28.70826,77.00703,23,50.0
873da18f0ffffff,28.70826,77.00703,24,50.0
873da18f0ffffff,28.70826,77.00703,25,50.0
873da18f0ffffff,28.70826,77.00703,26,50.0
873da18f0ffffff,28.70826,77.00703,27,50.0
873da18f0ffffff,28.70826,77.00703,28,50.0
873da18f0ffffff,28.70826,77.00703,29,50.0
873da18f0ffffff,28.70826,77.00703,30,50.0
873da18f0ffffff,28.70826,77.00703,31,50.0
873da18f0ffffff,28.70826,77.00703,32,50.0
873da18f0ffffff,28.70826,77.00703,33,50.0
873da18f0ffffff,28.70826,77.00703,34,50.0
873da18f0ffffff,28.70826,77.00703,35,50.0
873da18f0ffffff,28.70826,77.00703,36,50.0
873da18f0ffffff,28.70826,77.00703,37,50.0
873da18f0ffffff,28.70826,77.00703,38,50.0
873da18f0ffffff,28.70826,77.00703,39,50.0
873da18f0ffffff,28.70826,77.00703,40,50.0
873da18f0ffffff,28.70826,77.00703,41,50.0
873da18f1ffffff,28.71729,77.03104,0,50.0
873da18f1ffffff,28.71729,77.03104,1,50.0
873da18f1ffffff,28.71729,77.03104,2,50.0
873da18f1ffffff,28.71729,77.03104,3,50.0
873da18f1ffffff,28.71729,77.03104,4,50.0
873da18f1ffffff,28.71729,77.03104,5,50.0
873da18f1ffffff,28.71729,77.03104,6,50.0
873da18f1ffffff,28.71729,77.03104,7,50.0
873da18f1ffffff,28.71729,77.03104,8,50.0
873da18f1ffffff,28.71729,77.03104,9,50.0
873da18f1ffffff,28.71729,77.03104,10,50.0
873da18f1ffffff,28.71729,77.03104,11,50.0
873da18f1ffffff,28.71729,77.03104,12,50.0
873da18f1ffffff,28.71729,77.03104,13,50.0
873da18f1ffffff,28.71729,77.03104,14,50.0
873da18f1ffffff,28.71729,77.03104,15,50.0
873da18f1ffffff,28.71729,77.03104,16,50.0
873da18f1ffffff,28.71729,77.03104,17,50.0
873da18f1ffffff,28.71729,77.03104,18,50.0
873da18f1ffffff,28.71729,77.03104,19,50.0
873da18f1ffffff,28.71729,77.03104,20,50.0
873da18f1ffffff,28.71729,77.03104,21,50.0
873da18f1ffffff,28.71729,77.03104,22,50.0
873da18f1ffffff,28.71729,77.03104,23,50.0
873da18f1ffffff,28.71729,77.03104,24,50.0
873da18f1ffffff,28.71729,77.03104,25,50.0
873da18f1ffffff,28.71729,77.03104,26,50.0
873da18f1ffffff,28.71729,77.03104,27,50.0
873da18f1ffffff,28.71729,77.03104,28,50.0
873da18f1ffffff,28.71729,77.03104,29,50.0
873da18f1ffffff,28.71729,77.03104,30,50.0
873da18f1ffffff,28.71729,77.03104,31,50.0
873da18f1ffffff,28.71729,77.03104,32,50.0
873da18f1ffffff,28.71729,77.03104,33,50.0
873da18f1ffffff,28.71729,77.03104,34,50.0
873da18f1ffffff,28.71729,77.03104,35,50.0
873da18f1ffffff,28.71729,77.03104,36,50.0
873da18f1ffffff,28.71729,77.03104,37,50.0
873da18f1ffffff,28.71729,77.03104,38,50.0
873da18f1ffffff,28.71729,77.03104,39,50.0
873da18f1ffffff,28.71729,77.03104,40,50.0
873da18f1ffffff,28.71729,77.03104,41,50.0
873da18f2ffffff,28.68647,77.00392,0,50.0
873da18f2ffffff,28.68647,77.00392,1,50.0
873da18f2ffffff,28.68647,77.00392,2,50.0
873da18f2ffffff,28.68647,77.00392,3,50.0
873da18f2ffffff,28.68647,77.00392,4,50.0
873da18f2ffffff,28.68647,77.00392,5,50.0
873da18f2ffffff,28.68647,77.00392,6,50.0
873da18f2ffffff,28.68647,77.00392,7,50.0
873da18f2ffffff,28.68647,77.00392,8,50.0
873da18f2ffffff,28.68647,77.00392,9,50.0
873da18f2ffffff,28.68647,77.00392,10,50.0
873da18f2ffffff,28.68647,77.00392,11,50.0
873da18f2ffffff,28.68647,77.00392,12,50.0
873da18f2ffffff,28.68647,77.00392,13,50.0
873da18f2ffffff,28.68647,77.00392,14,50.0
873da18f2ffffff,28.68647,77.00392,15,50.0
873da18f2ffffff,28.68647,77.00392,16,50.0
873da18f2ffffff,28.68647,77.00392,17,50.0
873da18f2ffffff,28.68647,77.00392,18,50.0
873da18f2ffffff,28.68647,77.00392,19,50.0
873da18f2ffffff,28.68647,77.00392,20,50.0
873da18f2ffffff,28.68647,77.00392,21,50.0
873da18f2ffffff,28.68647,77.00392,22,50.0
873da18f2ffffff,28.68647,77.00392,23,50.0
873da18f2ffffff,28.68647,77.00392,24,50.0
873da18f2ffffff,28.68647,77.00392,25,50.0
873da18f2ffffff,28.68647,77.00392,26,50.0
873da18f2ffffff,28.68647,77.00392,27,50.0
873da18f2ffffff,28.68647,77.00392,28,50.0
873da18f2ffffff,28.68647,77.00392,29,50.0
873da18f2ffffff,28.68647,77.00392,30,50.0
873da18f2ffffff,28.68647,77.00392,31,50.0
873da18f2ffffff,28.68647,77.00392,32,50.0
873da18f2ffffff,28.68647,77.00392,33,50.0
873da18f2ffffff,28.68647,77.00392,34,50.0
873da18f2ffffff,28.68647,77.00392,35,50.0
873da18f2ffffff,28.68647,77.00392,36,50.0
873da18f2ffffff,28.68647,77.00392,37,50.0
873da18f2ffffff,28.68647,77.00392,38,50.0
873da18f2ffffff,28.68647,77.00392,39,50.0
873da18f2ffffff,28.68647,77.00392,40,50.0
873da18f2ffffff,28.68647,77.00392,41,50.0
873da18f3ffffff,28.69550,77.02792,0,50.0
873da18f3ffffff,28.69550,77.02792,1,50.0
873da18f3ffffff,28.69550,77.02792,2,50.0
873da18f3ffffff,28.69550,77.02792,3,50.0
873da18f3ffffff,28.69550,77.02792,4,50.0
873da18f3ffffff,28.69550,77.02792,5,50.0
873da18f3ffffff,28.69550,77.02792,6,50.0
873da18f3ffffff,28.69550,77.02792,7,50.0
873da18f3ffffff,28.69550,77.02792,8,50.0
873da18f3ffffff,28.69550,77.02792,9,50.0
873da18f3ffffff,28.69550,77.02792,10,50.0
873da18f3ffffff,28.69550,77.02792,11,50.0
873da18f3ffffff,28.69550,77.02792,12,50.0
873da18f3ffffff,28.69550,77.02792,13,50.0
873da18f3ffffff,28.69550,77.02792,14,50.0
873da18f3ffffff,28.69550,77.02792,15,50.0
873da18f3ffffff,28.69550,77.02792,16,50.0
873da18f3ffffff,28.69550,77.02792,17,50.0
873da18f3ffffff,28.69550,77.02792,18,50.0
873da18f3ffffff,28.69550,77.02792,19,50.0
873da18f3ffffff,28.69550,77.02792,20,50.0
873da18f3ffffff,28.69550,77.02792,21,50.0
873da18f3ffffff,28.69550,77.02792,22,50.0
873da18f3ffffff,28.69550,77.02792,23,50.0
873da18f3ffffff,28.69550,77.02792,24,50.0
873da18f3ffffff,28.69550,77.02792,25,50.0
873da18f3ffffff,28.69550,77.02792,26,50.0
873da18f3ffffff,28.69550,77.02792,27,50.0
873da18f3ffffff,28.69550,77.02792,28,50.0
873da18f3ffffff,28.69550,77.02792,29,50.0
873da18f3ffffff,28.69550,77.02792,30,50.0
873da18f3ffffff,28.69550,77.02792,31,50.0
873da18f3ffffff,28.69550,77.02792,32,50.0
873da18f3ffffff,28.69550,77.02792,33,50.0
873da18f3ffffff,28.69550,77.02792,34,50.0
873da18f3ffffff,28.69550,77.02792,35,50.0
873da18f3ffffff,28.69550,77.02792,36,50.0
873da18f3ffffff,28.69550,77.02792,37,50.0
873da18f3ffffff,28.69550,77.02792,38,50.0
873da18f3ffffff,28.69550,77.02792,39,50.0
873da18f3ffffff,28.69550,77.02792,40,50.0
873da18f3ffffff,28.69550,77.02792,41,50.0
873da18f5ffffff,28.73006,77.01014,0,50.0
873da18f5ffffff,28.73006,77.01014,1,50.0
873da18f5ffffff,28.73006,77.01014,2,50.0
873da18f5ffffff,28.73006,77.01014,3,50.0
873da18f5ffffff,28.73006,77.01014,4,50.0
873da18f5ffffff,28.73006,77.01014,5,50.0
873da18f5ffffff,28.73006,77.01014,6,50.0
873da18f5ffffff,28.73006,77.01014,7,50.0
873da18f5ffffff,28.73006,77.01014,8,50.0
873da18f5ffffff,28.73006,77.01014,9,50.0
873da18f5ffffff,28.73006,77.01014,10,50.0
873da18f5ffffff,28.73006,77.01014,11,50.0
873da18f5ffffff,28.73006,77.01014,12,50.0
873da18f5ffffff,28.73006,77.01014,13,50.0
873da18f5ffffff,28.73006,77.01014,14,50.0
873da18f5ffffff,28.73006,77.01014,15,50.0
873da18f5ffffff,28.73006,77.01014,16,50.0
873da18f5ffffff,28.73006,77.01014,17,50.0
873da18f5ffffff,28.73006,77.01014,18,50.0
873da18f5ffffff,28.73006,77.01014,19,50.0
873da18f5ffffff,28.73006,77.01014,20,50.0
873da18f5ffffff,28.73006,77.01014,21,50.0
873da18f5ffffff,28.73006,77.01014,22,50.0
873da18f5ffffff,28.73006,77.01014,23,50.0
873da18f5ffffff,28.73006,77.01014,24,50.0
873da18f5ffffff,28.73006,77.01014,25,50.0
873da18f5ffffff,28.73006,77.01014,26,50.0
873da18f5ffffff,28.73006,77.01014,27,50.0
873da18f5ffffff,28.73006,77.01014,28,50.0
873da18f5ffffff,28.73006,77.01014,29,50.0
873da18f5ffffff,28.73006,77.01014,30,50.0
873da18f5ffffff,28.73006,77.01014,31,50.0
873da18f5ffffff,28.73006,77.01014,32,50.0
873da18f5ffffff,28.73006,77.01014,33,50.0
873da18f5ffffff,28.73006,77.01014,34,50.0
873da18f5ffffff,28.73006,77.01014,35,50.0
873da18f5ffffff,28.73006,77.01014,36,50.0
873da18f5ffffff,28.73006,77.01014,37,50.0
873da18f5ffffff,28.73006,77.01014,38,50.0
873da18f5ffffff,28.73006,77.01014,39,50.0
873da18f5ffffff,28.73006,77.01014,40,50.0
873da18f5ffffff,28.73006,77.01014,41,50.0
873da1a94ffffff,28.64721,77.33874,0,50.0
873da1a94ffffff,28.64721,77.33874,1,50.0
873da1a94ffffff,28.64721,77.33874,2,50.0
873da1a94ffffff,28.64721,77.33874,3,50.0
873da1a94ffffff,28.64721,77.33874,4,50.0
873da1a94ffffff,28.64721,77.33874,5,50.0
873da1a94ffffff,28.64721,77.33874,6,50.0
873da1a94ffffff,28.64721,77.33874,7,50.0
873da1a94ffffff,28.64721,77.33874,8,50.0
873da1a94ffffff,28.64721,77.33874,9,50.0
873da1a94ffffff,28.64721,77.33874,10,50.0
873da1a94ffffff,28.64721,77.33874,11,50.0
873da1a94ffffff,28.64721,77.33874,12,50.0
873da1a94ffffff,28.64721,77.33874,13,50.0
873da1a94ffffff,28.64721,77.33874,14,50.0
873da1a94ffffff,28.64721,77.33874,15,50.0
873da1a94ffffff,28.64721,77.33874,16,50.0
873da1a94ffffff,28.64721,77.33874,17,50.0
873da1a94ffffff,28.64721,77.33874,18,50.0
873da1a94ffffff,28.64721,77.33874,19,50.0
873da1a94ffffff,28.64721,77.33874,20,50.0
873da1a94ffffff,28.64721,77.33874,21,50.0
873da1a94ffffff,28.64721,77.33874,22,50.0
873da1a94ffffff,28.64721,77.33874,23,50.0
873da1a94ffffff,28.64721,77.33874,24,50.0
873da1a94ffffff,28.64721,77.33874,25,50.0
873da1a94ffffff,28.64721,77.33874,26,50.0
873da1a94ffffff,28.64721,77.33874,27,50.0
873da1a94ffffff,28.64721,77.33874,28,50.0
873da1a94ffffff,28.64721,77.33874,29,50.0
873da1a94ffffff,28.64721,77.33874,30,50.0
873da1a94ffffff,28.64721,77.33874,31,50.0
873da1a94ffffff,28.64721,77.33874,32,50.0
873da1a94ffffff,28.64721,77.33874,33,50.0
873da1a94ffffff,28.64721,77.33874,34,50.0
873da1a94ffffff,28.64721,77.33874,35,50.0
873da1a94ffffff,28.64721,77.33874,36,50.0
873da1a94ffffff,28.64721,77.33874,37,50.0
873da1a94ffffff,28.64721,77.33874,38,50.0
873da1a94ffffff,28.64721,77.33874,39,50.0
873da1a94ffffff,28.64721,77.33874,40,50.0
873da1a94ffffff,28.64721,77.33874,41,50.0
873da1a96ffffff,28.62545,77.33553,0,50.0
873da1a96ffffff,28.62545,77.33553,1,50.0
873da1a96ffffff,28.62545,77.33553,2,50.0
873da1a96ffffff,28.62545,77.33553,3,50.0
873da1a96ffffff,28.62545,77.33553,4,50.0
873da1a96ffffff,28.62545,77.33553,5,50.0
873da1a96ffffff,28.62545,77.33553,6,50.0
873da1a96ffffff,28.62545,77.33553,7,50.0
873da1a96ffffff,28.62545,77.33553,8,50.0
873da1a96ffffff,28.62545,77.33553,9,50.0
873da1a96ffffff,28.62545,77.33553,10,50.0
873da1a96ffffff,28.62545,77.33553,11,50.0
873da1a96ffffff,28.62545,77.33553,12,50.0
873da1a96ffffff,28.62545,77.33553,13,50.0
873da1a96ffffff,28.62545,77.33553,14,50.0
873da1a96ffffff,28.62545,77.33553,15,50.0
873da1a96ffffff,28.62545,77.33553,16,50.0
873da1a96ffffff,28.62545,77.33553,17,50.0
873da1a96ffffff,28.62545,77.33553,18,50.0
873da1a96ffffff,28.62545,77.33553,19,50.0
873da1a96ffffff,28.62545,77.33553,20,50.0
873da1a96ffffff,28.62545,77.33553,21,50.0
873da1a96ffffff,28.62545,77.33553,22,50.0
873da1a96ffffff,28.62545,77.33553,23,50.0
873da1a96ffffff,28.62545,77.33553,24,50.0
873da1a96ffffff,28.62545,77.33553,25,50.0
873da1a96ffffff,28.62545,77.33553,26,50.0
873da1a96ffffff,28.62545,77.33553,27,50.0
873da1a96ffffff,28.62545,77.33553,28,50.0
873da1a96ffffff,28.62545,77.33553,29,50.0
873da1a96ffffff,28.62545,77.33553,30,50.0
873da1a96ffffff,28.62545,77.33553,31,50.0
873da1a96ffffff,28.62545,77.33553,32,50.0
873da1a96ffffff,28.62545,77.33553,33,50.0
873da1a96ffffff,28.62545,77.33553,34,50.0
873da1a96ffffff,28.62545,77.33553,35,50.0
873da1a96ffffff,28.62545,77.33553,36,50.0
873da1a96ffffff,28.62545,77.33553,37,50.0
873da1a96ffffff,28.62545,77.33553,38,50.0
873da1a96ffffff,28.62545,77.33553,39,50.0
873da1a96ffffff,28.62545,77.33553,40,50.0
873da1a96ffffff,28.62545,77.33553,41,50.0
873da1aa2ffffff,28.71252,77.34840,0,50.0
873da1aa2ffffff,28.71252,77.34840,1,50.0
873da1aa2ffffff,28.71252,77.34840,2,50.0
873da1aa2ffffff,28.71252,77.34840,3,50.0
873da1aa2ffffff,28.71252,77.34840,4,50.0
873da1aa2ffffff,28.71252,77.34840,5,50.0
873da1aa2ffffff,28.71252,77.34840,6,50.0
873da1aa2ffffff,28.71252,77.34840,7,50.0
873da1aa2ffffff,28.71252,77.34840,8,50.0
873da1aa2ffffff,28.71252,77.34840,9,50.0
873da1aa2ffffff,28.71252,77.34840,10,50.0
873da1aa2ffffff,28.71252,77.34840,11,50.0
873da1aa2ffffff,28.71252,77.34840,12,50.0
873da1aa2ffffff,28.71252,77.34840,13,50.0
873da1aa2ffffff,28.71252,77.34840,14,50.0
873da1aa2ffffff,28.71252,77.34840,15,50.0
873da1aa2ffffff,28.71252,77.34840,16,50.0
873da1aa2ffffff,28.71252,77.34840,17,50.0
873da1aa2ffffff,28.71252,77.34840,18,50.0
873da1aa2ffffff,28.71252,77.34840,19,50.0
873da1aa2ffffff,28.71252,77.34840,20,50.0
873da1aa2ffffff,28.71252,77.34840,21,50.0
873da1aa2ffffff,28.71252,77.34840,22,50.0
873da1aa2ffffff,28.71252,77.34840,23,50.0
873da1aa2ffffff,28.71252,77.34840,24,50.0
873da1aa2ffffff,28.71252,77.34840,25,50.0
873da1aa2ffffff,28.71252,77.34840,26,50.0
873da1aa2ffffff,28.71252,77.34840,27,50.0
873da1aa2ffffff,28.71252,77.34840,28,50.0
873da1aa2ffffff,28.71252,77.34840,29,50.0
873da1aa2ffffff,28.71252,77.34840,30,50.0
873da1aa2ffffff,28.71252,77.34840,31,50.0
873da1aa2ffffff,28.71252,77.34840,32,50.0
873da1aa2ffffff,28.71252,77.34840,33,50.0
873da1aa2ffffff,28.71252,77.34840,34,50.0
873da1aa2ffffff,28.71252,77.34840,35,50.0
873da1aa2ffffff,28.71252,77.34840,36,50.0
873da1aa2ffffff,28.71252,77.34840,37,50.0
873da1aa2ffffff,28.71252,77.34840,38,50.0
873da1aa2ffffff,28.71252,77.34840,39,50.0
873da1aa2ffffff,28.71252,77.34840,40,50.0
873da1aa2ffffff,28.71252,77.34840,41,50.0
873da1aa4ffffff,28.74712,77.33079,0,50.0
873da1aa4ffffff,28.74712,77.33079,1,50.0
873da1aa4ffffff,28.74712,77.33079,2,50.0
873da1aa4ffffff,28.74712,77.33079,3,50.0
873da1aa4ffffff,28.74712,77.33079,4,50.0
873da1aa4ffffff,28.74712,77.33079,5,50.0
873da1aa4ffffff,28.74712,77.33079,6,50.0
873da1aa4ffffff,28.74712,77.33079,7,50.0
873da1aa4ffffff,28.74712,77.33079,8,50.0
873da1aa4ffffff,28.74712,77.33079,9,50.0
873da1aa4ffffff,28.74712,77.33079,10,50.0
873da1aa4ffffff,28.74712,77.33079,11,50.0
873da1aa4ffffff,28.74712,77.33079,12,50.0
873da1aa4ffffff,28.74712,77.33079,13,50.0
873da1aa4ffffff,28.74712,77.33079,14,50.0
873da1aa4ffffff,28.74712,77.33079,15,50.0
873da1aa4ffffff,28.74712,77.33079,16,50.0
873da1aa4ffffff,28.74712,77.33079,17,50.0
873da1aa4ffffff,28.74712,77.33079,18,50.0
873da1aa4ffffff,28.74712,77.33079,19,50.0
873da1aa4ffffff,28.74712,77.33079,20,50.0
873da1aa4ffffff,28.74712,77.33079,21,50.0
873da1aa4ffffff,28.74712,77.33079,22,50.0
873da1aa4ffffff,28.74712,77.33079,23,50.0
873da1aa4ffffff,28.74712,77.33079,24,50.0
873da1aa4ffffff,28.74712,77.33079,25,50.0
873da1aa4ffffff,28.74712,77.33079,26,50.0
873da1aa4ffffff,28.74712,77.33079,27,50.0
873da1aa4ffffff,28.74712,77.33079,28,50.0
873da1aa4ffffff,28.74712,77.33079,29,50.0
873da1aa4ffffff,28.74712,77.33079,30,50.0
873da1aa4ffffff,28.74712,77.33079,31,50.0
873da1aa4ffffff,28.74712,77.33079,32,50.0
873da1aa4ffffff,28.74712,77.33079,33,50.0
873da1aa4ffffff,28.74712,77.33079,34,50.0
873da1aa4ffffff,28.74712,77.33079,35,50.0
873da1aa4ffffff,28.74712,77.33079,36,50.0
873da1aa4ffffff,28.74712,77.33079,37,50.0
873da1aa4ffffff,28.74712,77.33079,38,50.0
873da1aa4ffffff,28.74712,77.33079,39,50.0
873da1aa4ffffff,28.74712,77.33079,40,50.0
873da1aa4ffffff,28.74712,77.33079,41,50.0
873da1aa6ffffff,28.72534,77.32757,0,50.0
873da1aa6ffffff,28.72534,77.32757,1,50.0
873da1aa6ffffff,28.72534,77.32757,2,50.0
873da1aa6ffffff,28.72534,77.32757,3,50.0
873da1aa6ffffff,28.72534,77.32757,4,50.0
873da1aa6ffffff,28.72534,77.32757,5,50.0
873da1aa6ffffff,28.72534,77.32757,6,50.0
873da1aa6ffffff,28.72534,77.32757,7,50.0
873da1aa6ffffff,28.72534,77.32757,8,50.0
873da1aa6ffffff,28.72534,77.32757,9,50.0
873da1aa6ffffff,28.72534,77.32757,10,50.0
873da1aa6ffffff,28.72534,77.32757,11,50.0
873da1aa6ffffff,28.72534,77.32757,12,50.0
873da1aa6ffffff,28.72534,77.32757,13,50.0
873da1aa6ffffff,28.72534,77.32757,14,50.0
873da1aa6ffffff,28.72534,77.32757,15,50.0
873da1aa6ffffff,28.72534,77.32757,16,50.0
873da1aa6ffffff,28.72534,77.32757,17,50.0
873da1aa6ffffff,28.72534,77.32757,18,50.0
873da1aa6ffffff,28.72534,77.32757,19,50.0
873da1aa6ffffff,28.72534,77.32757,20,50.0
873da1aa6ffffff,28.72534,77.32757,21,50.0
873da1aa6ffffff,28.72534,77.32757,22,50.0
873da1aa6ffffff,28.72534,77.32757,23,50.0
873da1aa6ffffff,28.72534,77.32757,24,50.0
873da1aa6ffffff,28.72534,77.32757,25,50.0
873da1aa6ffffff,28.72534,77.32757,26,50.0
873da1aa6ffffff,28.72534,77.32757,27,50.0
873da1aa6ffffff,28.72534,77.32757,28,50.0
873da1aa6ffffff,28.72534,77.32757,29,50.0
873da1aa6ffffff,28.72534,77.32757,30,50.0
873da1aa6ffffff,28.72534,77.32757,31,50.0
873da1aa6ffffff,28.72534,77.32757,32,50.0
873da1aa6ffffff,28.72534,77.32757,33,50.0
873da1aa6ffffff,28.72534,77.32757,34,50.0
873da1aa6ffffff,28.72534,77.32757,35,50.0
873da1aa6ffffff,28.72534,77.32757,36,50.0
873da1aa6ffffff,28.72534,77.32757,37,50.0
873da1aa6ffffff,28.72534,77.32757,38,50.0
873da1aa6ffffff,28.72534,77.32757,39,50.0
873da1aa6ffffff,28.72534,77.32757,40,50.0
873da1aa6ffffff,28.72534,77.32757,41,50.0
873da1ab0ffffff,28.68178,77.32115,0,50.0
873da1ab0ffffff,28.68178,77.32115,1,50.0
873da1ab0ffffff,28.68178,77.32115,2,50.0
873da1ab0ffffff,28.68178,77.32115,3,50.0
873da1ab0ffffff,28.68178,77.32115,4,50.0
873da1ab0ffffff,28.68178,77.32115,5,50.0
873da1ab0ffffff,28.68178,77.32115,6,50.0
873da1ab0ffffff,28.68178,77.32115,7,50.0
873da1ab0ffffff,28.68178,77.32115,8,50.0
873da1ab0ffffff,28.68178,77.32115,9,50.0
873da1ab0ffffff,28.68178,77.32115,10,50.0
873da1ab0ffffff,28.68178,77.32115,11,50.0
873da1ab0ffffff,28.68178,77.32115,12,50.0
873da1ab0ffffff,28.68178,77.32115,13,50.0
873da1ab0ffffff,28.68178,77.32115,14,50.0
873da1ab0ffffff,28.68178,77.32115,15,50.0
873da1ab0ffffff,28.68178,77.32115,16,50.0
873da1ab0ffffff,28.68178,77.32115,17,50.0
873da1ab0ffffff,28.68178,77.32115,18,50.0
873da1ab0ffffff,28.68178,77.32115,19,50.0
873da1ab0ffffff,28.68178,77.32115,20,50.0
873da1ab0ffffff,28.68178,77.32115,21,50.0
873da1ab0ffffff,28.68178,77.32115,22,50.0
873da1ab0ffffff,28.68178,77.32115,23,50.0
873da1ab0ffffff,28.68178,77.32115,24,50.0
873da1ab0ffffff,28.68178,77.32115,25,50.0
873da1ab0ffffff,28.68178,77.32115,26,50.0
873da1ab0ffffff,28.68178,77.32115,27,50.0
873da1ab0ffffff,28.68178,77.32115,28,50.0
873da1ab0ffffff,28.68178,77.32115,29,50.0
873da1ab0ffffff,28.68178,77.32115,30,50.0
873da1ab0ffffff,28.68178,77.32115,31,50.0
873da1ab0ffffff,28.68178,77.32115,32,50.0
873da1ab0ffffff,28.68178,77.32115,33,50.0
873da1ab0ffffff,28.68178,77.32115,34,50.0
873da1ab0ffffff,28.68178,77.32115,35,50.0
873da1ab0ffffff,28.68178,77.32115,36,50.0
873da1ab0ffffff,28.68178,77.32115,37,50.0
873da1ab0ffffff,28.68178,77.32115,38,50.0
873da1ab0ffffff,28.68178,77.32115,39,50.0
873da1ab0ffffff,28.68178,77.32115,40,50.0
873da1ab0ffffff,28.68178,77.32115,41,50.0
873da1ab1ffffff,28.69075,77.34518,0,50.0
873da1ab1ffffff,28.69075,77.34518,1,50.0
873da1ab1ffffff,28.69075,77.34518,2,50.0
873da1ab1ffffff,28.69075,77.34518,3,50.0
873da1ab1ffffff,28.69075,77.34518,4,50.0
873da1ab1ffffff,28.69075,77.34518,5,50.0
873da1ab1ffffff,28.69075,77.34518,6,50.0
873da1ab1ffffff,28.69075,77.34518,7,50.0
873da1ab1ffffff,28.69075,77.34518,8,50.0
873da1ab1ffffff,28.69075,77.34518,9,50.0
873da1ab1ffffff,28.69075,77.34518,10,50.0
873da1ab1ffffff,28.69075,77.34518,11,50.0
873da1ab1ffffff,28.69075,77.34518,12,50.0
873da1ab1ffffff,28.69075,77.34518,13,50.0
873da1ab1ffffff,28.69075,77.34518,14,50.0
873da1ab1ffffff,28.69075,77.34518,15,50.0
873da1ab1ffffff,28.69075,77.34518,16,50.0
873da1ab1ffffff,28.69075,77.34518,17,50.0
873da1ab1ffffff,28.69075,77.34518,18,50.0
873da1ab1ffffff,28.69075,77.34518,19,50.0
873da1ab1ffffff,28.69075,77.34518,20,50.0
873da1ab1ffffff,28.69075,77.34518,21,50.0
873da1ab1ffffff,28.69075,77.34518,22,50.0
873da1ab1ffffff,28.69075,77.34518,23,50.0
873da1ab1ffffff,28.69075,77.34518,24,50.0
873da1ab1ffffff,28.69075,77.34518,25,50.0
873da1ab1ffffff,28.69075,77.34518,26,50.0
873da1ab1ffffff,28.69075,77.34518,27,50.0
873da1ab1ffffff,28.69075,77.34518,28,50.0
873da1ab1ffffff,28.69075,77.34518,29,50.0
873da1ab1ffffff,28.69075,77.34518,30,50.0
873da1ab1ffffff,28.69075,77.34518,31,50.0
873da1ab1ffffff,28.69075,77.34518,32,50.0
873da1ab1ffffff,28.69075,77.34518,33,50.0
873da1ab1ffffff,28.69075,77.34518,34,50.0
873da1ab1ffffff,28.69075,77.34518,35,50.0
873da1ab1ffffff,28.69075,77.34518,36,50.0
873da1ab1ffffff,28.69075,77.34518,37,50.0
873da1ab1ffffff,28.69075,77.34518,38,50.0
873da1ab1ffffff,28.69075,77.34518,39,50.0
873da1ab1ffffff,28.69075,77.34518,40,50.0
873da1ab1ffffff,28.69075,77.34518,41,50.0
873da1ab2ffffff,28.66001,77.31794,0,50.0
873da1ab2ffffff,28.66001,77.31794,1,50.0
873da1ab2ffffff,28.66001,77.31794,2,50.0
873da1ab2ffffff,28.66001,77.31794,3,50.0
873da1ab2ffffff,28.66001,77.31794,4,50.0
873da1ab2ffffff,28.66001,77.31794,5,50.0
873da1ab2ffffff,28.66001,77.31794,6,50.0
873da1ab2ffffff,28.66001,77.31794,7,50.0
873da1ab2ffffff,28.66001,77.31794,8,50.0
873da1ab2ffffff,28.66001,77.31794,9,50.0
873da1ab2ffffff,28.66001,77.31794,10,50.0
873da1ab2ffffff,28.66001,77.31794,11,50.0
873da1ab2ffffff,28.66001,77.31794,12,50.0
873da1ab2ffffff,28.66001,77.31794,13,50.0
873da1ab2ffffff,28.66001,77.31794,14,50.0
873da1ab2ffffff,28.66001,77.31794,15,50.0
873da1ab2ffffff,28.66001,77.31794,16,50.0
873da1ab2ffffff,28.66001,77.31794,17,50.0
873da1ab2ffffff,28.66001,77.31794,18,50.0
873da1ab2ffffff,28.66001,77.31794,19,50.0
873da1ab2ffffff,28.66001,77.31794,20,50.0
873da1ab2ffffff,28.66001,77.31794,21,50.0
873da1ab2ffffff,28.66001,77.31794,22,50.0
873da1ab2ffffff,28.66001,77.31794,23,50.0
873da1ab2ffffff,28.66001,77.31794,24,50.0
873da1ab2ffffff,28.66001,77.31794,25,50.0
873da1ab2ffffff,28.66001,77.31794,26,50.0
873da1ab2ffffff,28.66001,77.31794,27,50.0
873da1ab2ffffff,28.66001,77.31794,28,50.0
873da1ab2ffffff,28.66001,77.31794,29,50.0
873da1ab2ffffff,28.66001,77.31794,30,50.0
873da1ab2ffffff,28.66001,77.31794,31,50.0
873da1ab2ffffff,28.66001,77.31794,32,50.0
873da1ab2ffffff,28.66001,77.31794,33,50.0
873da1ab2ffffff,28.66001,77.31794,34,50.0
873da1ab2ffffff,28.66001,77.31794,35,50.0
873da1ab2ffffff,28.66001,77.31794,36,50.0
873da1ab2ffffff,28.66001,77.31794,37,50.0
873da1ab2ffffff,28.66001,77.31794,38,50.0
873da1ab2ffffff,28.66001,77.31794,39,50.0
873da1ab2ffffff,28.66001,77.31794,40,50.0
873da1ab2ffffff,28.66001,77.31794,41,50.0
873da1ab3ffffff,28.66898,77.34196,0,50.0
873da1ab3ffffff,28.66898,77.34196,1,50.0
873da1ab3ffffff,28.66898,77.34196,2,50.0
873da1ab3ffffff,28.66898,77.34196,3,50.0
873da1ab3ffffff,28.66898,77.34196,4,50.0
873da1ab3ffffff,28.66898,77.34196,5,50.0
873da1ab3ffffff,28.66898,77.34196,6,50.0
873da1ab3ffffff,28.66898,77.34196,7,50.0
873da1ab3ffffff,28.66898,77.34196,8,50.0
873da1ab3ffffff,28.66898,77.34196,9,50.0
873da1ab3ffffff,28.66898,77.34196,10,50.0
873da1ab3ffffff,28.66898,77.34196,11,50.0
873da1ab3ffffff,28.66898,77.34196,12,50.0
873da1ab3ffffff,28.66898,77.34196,13,50.0
873da1ab3ffffff,28.66898,77.34196,14,50.0
873da1ab3ffffff,28.66898,77.34196,15,50.0
873da1ab3ffffff,28.66898,77.34196,16,50.0
873da1ab3ffffff,28.66898,77.34196,17,50.0
873da1ab3ffffff,28.66898,77.34196,18,50.0
873da1ab3ffffff,28.66898,77.34196,19,50.0
873da1ab3ffffff,28.66898,77.34196,20,50.0
873da1ab3ffffff,28.66898,77.34196,21,50.0
873da1ab3ffffff,28.66898,77.34196,22,50.0
873da1ab3ffffff,28.66898,77.34196,23,50.0
873da1ab3ffffff,28.66898,77.34196,24,50.0
873da1ab3ffffff,28.66898,77.34196,25,50.0
873da1ab3ffffff,28.66898,77.34196,26,50.0
873da1ab3ffffff,28.66898,77.34196,27,50.0
873da1ab3ffffff,28.66898,77.34196,28,50.0
873da1ab3ffffff,28.66898,77.34196,29,50.0
873da1ab3ffffff,28.66898,77.34196,30,50.0
873da1ab3ffffff,28.66898,77.34196,31,50.0
873da1ab3ffffff,28.66898,77.34196,32,50.0
873da1ab3ffffff,28.66898,77.34196,33,50.0
873da1ab3ffffff,28.66898,77.34196,34,50.0
873da1ab3ffffff,28.66898,77.34196,35,50.0
873da1ab3ffffff,28.66898,77.34196,36,50.0
873da1ab3ffffff,28.66898,77.34196,37,50.0
873da1ab3ffffff,28.66898,77.34196,38,50.0
873da1ab3ffffff,28.66898,77.34196,39,50.0
873da1ab3ffffff,28.66898,77.34196,40,50.0
873da1ab3ffffff,28.66898,77.34196,41,50.0
873da1ab4ffffff,28.69458,77.30033,0,50.0
873da1ab4ffffff,28.69458,77.30033,1,50.0
873da1ab4ffffff,28.69458,77.30033,2,50.0
873da1ab4ffffff,28.69458,77.30033,3,50.0
873da1ab4ffffff,28.69458,77.30033,4,50.0
873da1ab4ffffff,28.69458,77.30033,5,50.0
873da1ab4ffffff,28.69458,77.30033,6,50.0
873da1ab4ffffff,28.69458,77.30033,7,50.0
873da1ab4ffffff,28.69458,77.30033,8,50.0
873da1ab4ffffff,28.69458,77.30033,9,50.0
873da1ab4ffffff,28.69458,77.30033,10,50.0
873da1ab4ffffff,28.69458,77.30033,11,50.0
873da1ab4ffffff,28.69458,77.30033,12,50.0
873da1ab4ffffff,28.69458,77.30033,13,50.0
873da1ab4ffffff,28.69458,77.30033,14,50.0
873da1ab4ffffff,28.69458,77.30033,15,50.0
873da1ab4ffffff,28.69458,77.30033,16,50.0
873da1ab4ffffff,28.69458,77.30033,17,50.0
873da1ab4ffffff,28.69458,77.30033,18,50.0
873da1ab4ffffff,28.69458,77.30033,19,50.0
873da1ab4ffffff,28.69458,77.30033,20,50.0
873da1ab4ffffff,28.69458,77.30033,21,50.0
873da1ab4ffffff,28.69458,77.30033,22,50.0
873da1ab4ffffff,28.69458,77.30033,23,50.0
873da1ab4ffffff,28.69458,77.30033,24,50.0
873da1ab4ffffff,28.69458,77.30033,25,50.0
873da1ab4ffffff,28.69458,77.30033,26,50.0
873da1ab4ffffff,28.69458,77.30033,27,50.0
873da1ab4ffffff,28.69458,77.30033,28,50.0
873da1ab4ffffff,28.69458,77.30033,29,50.0
873da1ab4ffffff,28.69458,77.30033,30,50.0
873da1ab4ffffff,28.69458,77.30033,31,50.0
873da1ab4ffffff,28.69458,77.30033,32,50.0
873da1ab4ffffff,28.69458,77.30033,33,50.0
873da1ab4ffffff,28.69458,77.30033,34,50.0
873da1ab4ffffff,28.69458,77.30033,35,50.0
873da1ab4ffffff,28.69458,77.30033,36,50.0
873da1ab4ffffff,28.69458,77.30033,37,50.0
873da1ab4ffffff,28.69458,77.30033,38,50.0
873da1ab4ffffff,28.69458,77.30033,39,50.0
873da1ab4ffffff,28.69458,77.30033,40,50.0
873da1ab4ffffff,28.69458,77.30033,41,50.0
873da1ab5ffffff,28.70356,77.32436,0,50.0
873da1ab5ffffff,28.70356,77.32436,1,50.0
873da1ab5ffffff,28.70356,77.32436,2,50.0
873da1ab5ffffff,28.70356,77.32436,3,50.0
873da1ab5ffffff,28.70356,77.32436,4,50.0
873da1ab5ffffff,28.70356,77.32436,5,50.0
873da1ab5ffffff,28.70356,77.32436,6,50.0
873da1ab5ffffff,28.70356,77.32436,7,50.0
873da1ab5ffffff,28.70356,77.32436,8,50.0
873da1ab5ffffff,28.70356,77.32436,9,50.0
873da1ab5ffffff,28.70356,77.32436,10,50.0
873da1ab5ffffff,28.70356,77.32436,11,50.0
873da1ab5ffffff,28.70356,77.32436,12,50.0
873da1ab5ffffff,28.70356,77.32436,13,50.0
873da1ab5ffffff,28.70356,77.32436,14,50.0
873da1ab5ffffff,28.70356,77.32436,15,50.0
873da1ab5ffffff,28.70356,77.32436,16,50.0
873da1ab5ffffff,28.70356,77.32436,17,50.0
873da1ab5ffffff,28.70356,77.32436,18,50.0
873da1ab5ffffff,28.70356,77.32436,19,50.0
873da1ab5ffffff,28.70356,77.32436,20,50.0
873da1ab5ffffff,28.70356,77.32436,21,50.0
873da1ab5ffffff,28.70356,77.32436,22,50.0
873da1ab5ffffff,28.70356,77.32436,23,50.0
873da1ab5ffffff,28.70356,77.32436,24,50.0
873da1ab5ffffff,28.70356,77.32436,25,50.0
873da1ab5ffffff,28.70356,77.32436,26,50.0
873da1ab5ffffff,28.70356,77.32436,27,50.0
873da1ab5ffffff,28.70356,77.32436,28,50.0
873da1ab5ffffff,28.70356,77.32436,29,50.0
873da1ab5ffffff,28.70356,77.32436,30,50.0
873da1ab5ffffff,28.70356,77.32436,31,50.0
873da1ab5ffffff,28.70356,77.32436,32,50.0
873da1ab5ffffff,28.70356,77.32436,33,50.0
873da1ab5ffffff,28.70356,77.32436,34,50.0
873da1ab5ffffff,28.70356,77.32436,35,50.0
873da1ab5ffffff,28.70356,77.32436,36,50.0
873da1ab5ffffff,28.70356,77.32436,37,50.0
873da1ab5ffffff,28.70356,77.32436,38,50.0
873da1ab5ffffff,28.70356,77.32436,39,50.0
873da1ab5ffffff,28.70356,77.32436,40,50.0
873da1ab5ffffff,28.70356,77.32436,41,50.0
873da1ab6ffffff,28.67281,77.29712,0,50.0
873da1ab6ffffff,28.67281,77.29712,1,50.0
873da1ab6ffffff,28.67281,77.29712,2,50.0
873da1ab6ffffff,28.67281,77.29712,3,50.0
873da1ab6ffffff,28.67281,77.29712,4,50.0
873da1ab6ffffff,28.67281,77.29712,5,50.0
873da1ab6ffffff,28.67281,77.29712,6,50.0
873da1ab6ffffff,28.67281,77.29712,7,50.0
873da1ab6ffffff,28.67281,77.29712,8,50.0
873da1ab6ffffff,28.67281,77.29712,9,50.0
873da1ab6ffffff,28.67281,77.29712,10,50.0
873da1ab6ffffff,28.67281,77.29712,11,50.0
873da1ab6ffffff,28.67281,77.29712,12,50.0
873da1ab6ffffff,28.67281,77.29712,13,50.0
873da1ab6ffffff,28.67281,77.29712,14,50.0
873da1ab6ffffff,28.67281,77.29712,15,50.0
873da1ab6ffffff,28.67281,77.29712,16,50.0
873da1ab6ffffff,28.67281,77.29712,17,50.0
873da1ab6ffffff,28.67281,77.29712,18,50.0
873da1ab6ffffff,28.67281,77.29712,19,50.0
873da1ab6ffffff,28.67281,77.29712,20,50.0
873da1ab6ffffff,28.67281,77.29712,21,50.0
873da1ab6ffffff,28.67281,77.29712,22,50.0
873da1ab6ffffff,28.67281,77.29712,23,50.0
873da1ab6ffffff,28.67281,77.29712,24,50.0
873da1ab6ffffff,28.67281,77.29712,25,50.0
873da1ab6ffffff,28.67281,77.29712,26,50.0
873da1ab6ffffff,28.67281,77.29712,27,50.0
873da1ab6ffffff,28.67281,77.29712,28,50.0
873da1ab6ffffff,28.67281,77.29712,29,50.0
873da1ab6ffffff,28.67281,77.29712,30,50.0
873da1ab6ffffff,28.67281,77.29712,31,50.0
873da1ab6ffffff,28.67281,77.29712,32,50.0
873da1ab6ffffff,28.67281,77.29712,33,50.0
873da1ab6ffffff,28.67281,77.29712,34,50.0
873da1ab6ffffff,28.67281,77.29712,35,50.0
873da1ab6ffffff,28.67281,77.29712,36,50.0
873da1ab6ffffff,28.67281,77.29712,37,50.0
873da1ab6ffffff,28.67281,77.29712,38,50.0
873da1ab6ffffff,28.67281,77.29712,39,50.0
873da1ab6ffffff,28.67281,77.29712,40,50.0
873da1ab6ffffff,28.67281,77.29712,41,50.0
873da1b80ffffff,28.77657,77.24419,0,50.0
873da1b80ffffff,28.77657,77.24419,1,50.0
873da1b80ffffff,28.77657,77.24419,2,50.0
873da1b80ffffff,28.77657,77.24419,3,50.0
873da1b80ffffff,28.77657,77.24419,4,50.0
873da1b80ffffff,28.77657,77.24419,5,50.0
873da1b80ffffff,28.77657,77.24419,6,50.0
873da1b80ffffff,28.77657,77.24419,7,50.0
873da1b80ffffff,28.77657,77.24419,8,50.0
873da1b80ffffff,28.77657,77.24419,9,50.0
873da1b80ffffff,28.77657,77.24419,10,50.0
873da1b80ffffff,28.77657,77.24419,11,50.0
873da1b80ffffff,28.77657,77.24419,12,50.0
873da1b80ffffff,28.77657,77.24419,13,50.0
873da1b80ffffff,28.77657,77.24419,14,50.0
873da1b80ffffff,28.77657,77.24419,15,50.0
873da1b80ffffff,28.77657,77.24419,16,50.0
873da1b80ffffff,28.77657,77.24419,17,50.0
873da1b80ffffff,28.77657,77.24419,18,50.0
873da1b80ffffff,28.77657,77.24419,19,50.0
873da1b80ffffff,28.77657,77.24419,20,50.0
873da1b80ffffff,28.77657,77.24419,21,50.0
873da1b80ffffff,28.77657,77.24419,22,50.0
873da1b80ffffff,28.77657,77.24419,23,50.0
873da1b80ffffff,28.77657,77.24419,24,50.0
873da1b80ffffff,28.77657,77.24419,25,50.0
873da1b80ffffff,28.77657,77.24419,26,50.0
873da1b80ffffff,28.77657,77.24419,27,50.0
873da1b80ffffff,28.77657,77.24419,28,50.0
873da1b80ffffff,28.77657,77.24419,29,50.0
873da1b80ffffff,28.77657,77.24419,30,50.0
873da1b80ffffff,28.77657,77.24419,31,50.0
873da1b80ffffff,28.77657,77.24419,32,50.0
873da1b80ffffff,28.77657,77.24419,33,50.0
873da1b80ffffff,28.77657,77.24419,34,50.0
873da1b80ffffff,28.77657,77.24419,35,50.0
873da1b80ffffff,28.77657,77.24419,36,50.0
873da1b80ffffff,28.77657,77.24419,37,50.0
873da1b80ffffff,28.77657,77.24419,38,50.0
873da1b80ffffff,28.77657,77.24419,39,50.0
873da1b80ffffff,28.77657,77.24419,40,50.0
873da1b80ffffff,28.77657,77.24419,41,50.0
873da1b81ffffff,28.78556,77.26825,0,50.0
873da1b81ffffff,28.78556,77.26825,1,50.0
873da1b81ffffff,28.78556,77.26825,2,50.0
873da1b81ffffff,28.78556,77.26825,3,50.0
873da1b81ffffff,28.78556,77.26825,4,50.0
873da1b81ffffff,28.78556,77.26825,5,50.0
873da1b81ffffff,28.78556,77.26825,6,50.0
873da1b81ffffff,28.78556,77.26825,7,50.0
873da1b81ffffff,28.78556,77.26825,8,50.0
873da1b81ffffff,28.78556,77.26825,9,50.0
873da1b81ffffff,28.78556,77.26825,10,50.0
873da1b81ffffff,28.78556,77.26825,11,50.0
873da1b81ffffff,28.78556,77.26825,12,50.0
873da1b81ffffff,28.78556,77.26825,13,50.0
873da1b81ffffff,28.78556,77.26825,14,50.0
873da1b81ffffff,28.78556,77.26825,15,50.0
873da1b81ffffff,28.78556,77.26825,16,50.0
873da1b81ffffff,28.78556,77.26825,17,50.0
873da1b81ffffff,28.78556,77.26825,18,50.0
873da1b81ffffff,28.78556,77.26825,19,50.0
873da1b81ffffff,28.78556,77.26825,20,50.0
873da1b81ffffff,28.78556,77.26825,21,50.0
873da1b81ffffff,28.78556,77.26825,22,50.0
873da1b81ffffff,28.78556,77.26825,23,50.0
873da1b81ffffff,28.78556,77.26825,24,50.0
873da1b81ffffff,28.78556,77.26825,25,50.0
873da1b81ffffff,28.78556,77.26825,26,50.0
873da1b81ffffff,28.78556,77.26825,27,50.0
873da1b81ffffff,28.78556,77.26825,28,50.0
873da1b81ffffff,28.78556,77.26825,29,50.0
873da1b81ffffff,28.78556,77.26825,30,50.0
873da1b81ffffff,28.78556,77.26825,31,50.0
873da1b81ffffff,28.78556,77.26825,32,50.0
873da1b81ffffff,28.78556,77.26825,33,50.0
873da1b81ffffff,28.78556,77.26825,34,50.0
873da1b81ffffff,28.78556,77.26825,35,50.0
873da1b81ffffff,28.78556,77.26825,36,50.0
873da1b81ffffff,28.78556,77.26825,37,50.0
873da1b81ffffff,28.78556,77.26825,38,50.0
873da1b81ffffff,28.78556,77.26825,39,50.0
873da1b81ffffff,28.78556,77.26825,40,50.0
873da1b81ffffff,28.78556,77.26825,41,50.0
873da1b82ffffff,28.75478,77.24100,0,50.0
873da1b82ffffff,28.75478,77.24100,1,50.0
873da1b82ffffff,28.75478,77.24100,2,50.0
873da1b82ffffff,28.75478,77.24100,3,50.0
873da1b82ffffff,28.75478,77.24100,4,50.0
873da1b82ffffff,28.75478,77.24100,5,50.0
873da1b82ffffff,28.75478,77.24100,6,50.0
873da1b82ffffff,28.75478,77.24100,7,50.0
873da1b82ffffff,28.75478,77.24100,8,50.0
873da1b82ffffff,28.75478,77.24100,9,50.0
873da1b82ffffff,28.75478,77.24100,10,50.0
873da1b82ffffff,28.75478,77.24100,11,50.0
873da1b82ffffff,28.75478,77.24100,12,50.0
873da1b82ffffff,28.75478,77.24100,13,50.0
873da1b82ffffff,28.75478,77.24100,14,50.0
873da1b82ffffff,28.75478,77.24100,15,50.0
873da1b82ffffff,28.75478,77.24100,16,50.0
873da1b82ffffff,28.75478,77.24100,17,50.0
873da1b82ffffff,28.75478,77.24100,18,50.0
873da1b82ffffff,28.75478,77.24100,19,50.0
873da1b82ffffff,28.75478,77.24100,20,50.0
873da1b82ffffff,28.75478,77.24100,21,50.0
873da1b82ffffff,28.75478,77.24100,22,50.0
873da1b82ffffff,28.75478,77.24100,23,50.0
873da1b82ffffff,28.75478,77.24100,24,50.0
873da1b82ffffff,28.75478,77.24100,25,50.0
873da1b82ffffff,28.75478,77.24100,26,50.0
873da1b82ffffff,28.75478,77.24100,27,50.0
873da1b82ffffff,28.75478,77.24100,28,50.0
873da1b82ffffff,28.75478,77.24100,29,50.0
873da1b82ffffff,28.75478,77.24100,30,50.0
873da1b82ffffff,28.75478,77.24100,31,50.0
873da1b82ffffff,28.75478,77.24100,32,50.0
873da1b82ffffff,28.75478,77.24100,33,50.0
873da1b82ffffff,28.75478,77.24100,34,50.0
873da1b82ffffff,28.75478,77.24100,35,50.0
873da1b82ffffff,28.75478,77.24100,36,50.0
873da1b82ffffff,28.75478,77.24100,37,50.0
873da1b82ffffff,28.75478,77.24100,38,50.0
873da1b82ffffff,28.75478,77.24100,39,50.0
873da1b82ffffff,28.75478,77.24100,40,50.0
873da1b82ffffff,28.75478,77.24100,41,50.0
873da1b83ffffff,28.76377,77.26505,0,50.0
873da1b83ffffff,28.76377,77.26505,1,50.0
873da1b83ffffff,28.76377,77.26505,2,50.0
873da1b83ffffff,28.76377,77.26505,3,50.0
873da1b83ffffff,28.76377,77.26505,4,50.0
873da1b83ffffff,28.76377,77.26505,5,50.0
873da1b83ffffff,28.76377,77.26505,6,50.0
873da1b83ffffff,28.76377,77.26505,7,50.0
873da1b83ffffff,28.76377,77.26505,8,50.0
873da1b83ffffff,28.76377,77.26505,9,50.0
873da1b83ffffff,28.76377,77.26505,10,50.0
873da1b83ffffff,28.76377,77.26505,11,50.0
873da1b83ffffff,28.76377,77.26505,12,50.0
873da1b83ffffff,28.76377,77.26505,13,50.0
873da1b83ffffff,28.76377,77.26505,14,50.0
873da1b83ffffff,28.76377,77.26505,15,50.0
873da1b83ffffff,28.76377,77.26505,16,50.0
873da1b83ffffff,28.76377,77.26505,17,50.0
873da1b83ffffff,28.76377,77.26505,18,50.0
873da1b83ffffff,28.76377,77.26505,19,50.0
873da1b83ffffff,28.76377,77.26505,20,50.0
873da1b83ffffff,28.76377,77.26505,21,50.0
873da1b83ffffff,28.76377,77.26505,22,50.0
873da1b83ffffff,28.76377,77.26505,23,50.0
873da1b83ffffff,28.76377,77.26505,24,50.0
873da1b83ffffff,28.76377,77.26505,25,50.0
873da1b83ffffff,28.76377,77.26505,26,50.0
873da1b83ffffff,28.76377,77.26505,27,50.0
873da1b83ffffff,28.76377,77.26505,28,50.0
873da1b83ffffff,28.76377,77.26505,29,50.0
873da1b83ffffff,28.76377,77.26505,30,50.0
873da1b83ffffff,28.76377,77.26505,31,50.0
873da1b83ffffff,28.76377,77.26505,32,50.0
873da1b83ffffff,28.76377,77.26505,33,50.0
873da1b83ffffff,28.76377,77.26505,34,50.0
873da1b83ffffff,28.76377,77.26505,35,50.0
873da1b83ffffff,28.76377,77.26505,36,50.0
873da1b83ffffff,28.76377,77.26505,37,50.0
873da1b83ffffff,28.76377,77.26505,38,50.0
873da1b83ffffff,28.76377,77.26505,39,50.0
873da1b83ffffff,28.76377,77.26505,40,50.0
873da1b83ffffff,28.76377,77.26505,41,50.0
873da1b84ffffff,28.78938,77.22333,0,50.0
873da1b84ffffff,28.78938,77.22333,1,50.0
873da1b84ffffff,28.78938,77.22333,2,50.0
873da1b84ffffff,28.78938,77.22333,3,50.0
873da1b84ffffff,28.78938,77.22333,4,50.0
873da1b84ffffff,28.78938,77.22333,5,50.0
873da1b84ffffff,28.78938,77.22333,6,50.0
873da1b84ffffff,28.78938,77.22333,7,50.0
873da1b84ffffff,28.78938,77.22333,8,50.0
873da1b84ffffff,28.78938,77.22333,9,50.0
873da1b84ffffff,28.78938,77.22333,10,50.0
873da1b84ffffff,28.78938,77.22333,11,50.0
873da1b84ffffff,28.78938,77.22333,12,50.0
873da1b84ffffff,28.78938,77.22333,13,50.0
873da1b84ffffff,28.78938,77.22333,14,50.0
873da1b84ffffff,28.78938,77.22333,15,50.0
873da1b84ffffff,28.78938,77.22333,16,50.0
873da1b84ffffff,28.78938,77.22333,17,50.0
873da1b84ffffff,28.78938,77.22333,18,50.0
873da1b84ffffff,28.78938,77.22333,19,50.0
873da1b84ffffff,28.78938,77.22333,20,50.0
873da1b84ffffff,28.78938,77.22333,21,50.0
873da1b84ffffff,28.78938,77.22333,22,50.0
873da1b84ffffff,28.78938,77.22333,23,50.0
873da1b84ffffff,28.78938,77.22333,24,50.0
873da1b84ffffff,28.78938,77.22333,25,50.0
873da1b84ffffff,28.78938,77.22333,26,50.0
873da1b84ffffff,28.78938,77.22333,27,50.0
873da1b84ffffff,28.78938,77.22333,28,50.0
873da1b84ffffff,28.78938,77.22333,29,50.0
873da1b84ffffff,28.78938,77.22333,30,50.0
873da1b84ffffff,28.78938,77.22333,31,50.0
873da1b84ffffff,28.78938,77.22333,32,50.0
873da1b84ffffff,28.78938,77.22333,33,50.0
873da1b84ffffff,28.78938,77.22333,34,50.0
873da1b84ffffff,28.78938,77.22333,35,50.0
873da1b84ffffff,28.78938,77.22333,36,50.0
873da1b84ffffff,28.78938,77.22333,37,50.0
873da1b84ffffff,28.78938,77.22333,38,50.0
873da1b84ffffff,28.78938,77.22333,39,50.0
873da1b84ffffff,28.78938,77.22333,40,50.0
873da1b84ffffff,28.78938,77.22333,41,50.0
873da1b85ffffff,28.79838,77.24739,0,50.0
873da1b85ffffff,28.79838,77.24739,1,50.0
873da1b85ffffff,28.79838,77.24739,2,50.0
873da1b85ffffff,28.79838,77.24739,3,50.0
873da1b85ffffff,28.79838,77.24739,4,50.0
873da1b85ffffff,28.79838,77.24739,5,50.0
873da1b85ffffff,28.79838,77.24739,6,50.0
873da1b85ffffff,28.79838,77.24739,7,50.0
873da1b85ffffff,28.79838,77.24739,8,50.0
873da1b85ffffff,28.79838,77.24739,9,50.0
873da1b85ffffff,28.79838,77.24739,10,50.0
873da1b85ffffff,28.79838,77.24739,11,50.0
873da1b85ffffff,28.79838,77.24739,12,50.0
873da1b85ffffff,28.79838,77.24739,13,50.0
873da1b85ffffff,28.79838,77.24739,14,50.0
873da1b85ffffff,28.79838,77.24739,15,50.0
873da1b85ffffff,28.79838,77.24739,16,50.0
873da1b85ffffff,28.79838,77.24739,17,50.0
873da1b85ffffff,28.79838,77.24739,18,50.0
873da1b85ffffff,28.79838,77.24739,19,50.0
873da1b85ffffff,28.79838,77.24739,20,50.0
873da1b85ffffff,28.79838,77.24739,21,50.0
873da1b85ffffff,28.79838,77.24739,22,50.0
873da1b85ffffff,28.79838,77.24739,23,50.0
873da1b85ffffff,28.79838,77.24739,24,50.0
873da1b85ffffff,28.79838,77.24739,25,50.0
873da1b85ffffff,28.79838,77.24739,26,50.0
873da1b85ffffff,28.79838,77.24739,27,50.0
873da1b85ffffff,28.79838,77.24739,28,50.0
873da1b85ffffff,28.79838,77.24739,29,50.0
873da1b85ffffff,28.79838,77.24739,30,50.0
873da1b85ffffff,28.79838,77.24739,31,50.0
873da1b85ffffff,28.79838,77.24739,32,50.0
873da1b85ffffff,28.79838,77.24739,33,50.0
873da1b85ffffff,28.79838,77.24739,34,50.0
873da1b85ffffff,28.79838,77.24739,35,50.0
873da1b85ffffff,28.79838,77.24739,36,50.0
873da1b85ffffff,28.79838,77.24739,37,50.0
873da1b85ffffff,28.79838,77.24739,38,50.0
873da1b85ffffff,28.79838,77.24739,39,50.0
873da1b85ffffff,28.79838,77.24739,40,50.0
873da1b85ffffff,28.79838,77.24739,41,50.0
873da1b86ffffff,28.76758,77.22014,0,50.0
873da1b86ffffff,28.76758,77.22014,1,50.0
873da1b86ffffff,28.76758,77.22014,2,50.0
873da1b86ffffff,28.76758,77.22014,3,50.0
873da1b86ffffff,28.76758,77.22014,4,50.0
873da1b86ffffff,28.76758,77.22014,5,50.0
873da1b86ffffff,28.76758,77.22014,6,50.0
873da1b86ffffff,28.76758,77.22014,7,50.0
873da1b86ffffff,28.76758,77.22014,8,50.0
873da1b86ffffff,28.76758,77.22014,9,50.0
873da1b86ffffff,28.76758,77.22014,10,50.0
873da1b86ffffff,28.76758,77.22014,11,50.0
873da1b86ffffff,28.76758,77.22014,12,50.0
873da1b86ffffff,28.76758,77.22014,13,50.0
873da1b86ffffff,28.76758,77.22014,14,50.0
873da1b86ffffff,28.76758,77.22014,15,50.0
873da1b86ffffff,28.76758,77.22014,16,50.0
873da1b86ffffff,28.76758,77.22014,17,50.0
873da1b86ffffff,28.76758,77.22014,18,50.0
873da1b86ffffff,28.76758,77.22014,19,50.0
873da1b86ffffff,28.76758,77.22014,20,50.0
873da1b86ffffff,28.76758,77.22014,21,50.0
873da1b86ffffff,28.76758,77.22014,22,50.0
873da1b86ffffff,28.76758,77.22014,23,50.0
873da1b86ffffff,28.76758,77.22014,24,50.0
873da1b86ffffff,28.76758,77.22014,25,50.0
873da1b86ffffff,28.76758,77.22014,26,50.0
873da1b86ffffff,28.76758,77.22014,27,50.0
873da1b86ffffff,28.76758,77.22014,28,50.0
873da1b86ffffff,28.76758,77.22014,29,50.0
873da1b86ffffff,28.76758,77.22014,30,50.0
873da1b86ffffff,28.76758,77.22014,31,50.0
873da1b86ffffff,28.76758,77.22014,32,50.0
873da1b86ffffff,28.76758,77.22014,33,50.0
873da1b86ffffff,28.76758,77.22014,34,50.0
873da1b86ffffff,28.76758,77.22014,35,50.0
873da1b86ffffff,28.76758,77.22014,36,50.0
873da1b86ffffff,28.76758,77.22014,37,50.0
873da1b86ffffff,28.76758,77.22014,38,50.0
873da1b86ffffff,28.76758,77.22014,39,50.0
873da1b86ffffff,28.76758,77.22014,40,50.0
873da1b86ffffff,28.76758,77.22014,41,50.0
873da1b88ffffff,28.78173,77.31316,0,50.0
873da1b88ffffff,28.78173,77.31316,1,50.0
873da1b88ffffff,28.78173,77.31316,2,50.0
873da1b88ffffff,28.78173,77.31316,3,50.0
873da1b88ffffff,28.78173,77.31316,4,50.0
873da1b88ffffff,28.78173,77.31316,5,50.0
873da1b88ffffff,28.78173,77.31316,6,50.0
873da1b88ffffff,28.78173,77.31316,7,50.0
873da1b88ffffff,28.78173,77.31316,8,50.0
873da1b88ffffff,28.78173,77.31316,9,50.0
873da1b88ffffff,28.78173,77.31316,10,50.0
873da1b88ffffff,28.78173,77.31316,11,50.0
873da1b88ffffff,28.78173,77.31316,12,50.0
873da1b88ffffff,28.78173,77.31316,13,50.0
873da1b88ffffff,28.78173,77.31316,14,50.0
873da1b88ffffff,28.78173,77.31316,15,50.0
873da1b88ffffff,28.78173,77.31316,16,50.0
873da1b88ffffff,28.78173,77.31316,17,50.0
873da1b88ffffff,28.78173,77.31316,18,50.0
873da1b88ffffff,28.78173,77.31316,19,50.0
873da1b88ffffff,28.78173,77.31316,20,50.0
873da1b88ffffff,28.78173,77.31316,21,50.0
873da1b88ffffff,28.78173,77.31316,22,50.0
873da1b88ffffff,28.78173,77.31316,23,50.0
873da1b88ffffff,28.78173,77.31316,24,50.0
873da1b88ffffff,28.78173,77.31316,25,50.0
873da1b88ffffff,28.78173,77.31316,26,50.0
873da1b88ffffff,28.78173,77.31316,27,50.0
873da1b88ffffff,28.78173,77.31316,28,50.0
873da1b88ffffff,28.78173,77.31316,29,50.0
873da1b88ffffff,28.78173,77.31316,30,50.0
873da1b88ffffff,28.78173,77.31316,31,50.0
873da1b88ffffff,28.78173,77.31316,32,50.0
873da1b88ffffff,28.78173,77.31316,33,50.0
873da1b88ffffff,28.78173,77.31316,34,50.0
873da1b88ffffff,28.78173,77.31316,35,50.0
873da1b88ffffff,28.78173,77.31316,36,50.0
873da1b88ffffff,28.78173,77.31316,37,50.0
873da1b88ffffff,28.78173,77.31316,38,50.0
873da1b88ffffff,28.78173,77.31316,39,50.0
873da1b88ffffff,28.78173,77.31316,40,50.0
873da1b88ffffff,28.78173,77.31316,41,50.0
873da1b89ffffff,28.79071,77.33723,0,50.0
873da1b89ffffff,28.79071,77.33723,1,50.0
873da1b89ffffff,28.79071,77.33723,2,50.0
873da1b89ffffff,28.79071,77.33723,3,50.0
873da1b89ffffff,28.79071,77.33723,4,50.0
873da1b89ffffff,28.79071,77.33723,5,50.0
873da1b89ffffff,28.79071,77.33723,6,50.0
873da1b89ffffff,28.79071,77.33723,7,50.0
873da1b89ffffff,28.79071,77.33723,8,50.0
873da1b89ffffff,28.79071,77.33723,9,50.0
873da1b89ffffff,28.79071,77.33723,10,50.0
873da1b89ffffff,28.79071,77.33723,11,50.0
873da1b89ffffff,28.79071,77.33723,12,50.0
873da1b89ffffff,28.79071,77.33723,13,50.0
873da1b89ffffff,28.79071,77.33723,14,50.0
873da1b89ffffff,28.79071,77.33723,15,50.0
873da1b89ffffff,28.79071,77.33723,16,50.0
873da1b89ffffff,28.79071,77.33723,17,50.0
873da1b89ffffff,28.79071,77.33723,18,50.0
873da1b89ffffff,28.79071,77.33723,19,50.0
873da1b89ffffff,28.79071,77.33723,20,50.0
873da1b89ffffff,28.79071,77.33723,21,50.0
873da1b89ffffff,28.79071,77.33723,22,50.0
873da1b89ffffff,28.79071,77.33723,23,50.0
873da1b89ffffff,28.79071,77.33723,24,50.0
873da1b89ffffff,28.79071,77.33723,25,50.0
873da1b89ffffff,28.79071,77.33723,26,50.0
873da1b89ffffff,28.79071,77.33723,27,50.0
873da1b89ffffff,28.79071,77.33723,28,50.0
873da1b89ffffff,28.79071,77.33723,29,50.0
873da1b89ffffff,28.79071,77.33723,30,50.0
873da1b89ffffff,28.79071,77.33723,31,50.0
873da1b89ffffff,28.79071,77.33723,32,50.0
873da1b89ffffff,28.79071,77.33723,33,50.0
873da1b89ffffff,28.79071,77.33723,34,50.0
873da1b89ffffff,28.79071,77.33723,35,50.0
873da1b89ffffff,28.79071,77.33723,36,50.0
873da1b89ffffff,28.79071,77.33723,37,50.0
873da1b89ffffff,28.79071,77.33723,38,50.0
873da1b89ffffff,28.79071,77.33723,39,50.0
873da1b89ffffff,28.79071,77.33723,40,50.0
873da1b89ffffff,28.79071,77.33723,41,50.0
873da1b8affffff,28.75994,77.30995,0,50.0
873da1b8affffff,28.75994,77.30995,1,50.0
873da1b8affffff,28.75994,77.30995,2,50.0
873da1b8affffff,28.75994,77.30995,3,50.0
873da1b8affffff,28.75994,77.30995,4,50.0
873da1b8affffff,28.75994,77.30995,5,50.0
873da1b8affffff,28.75994,77.30995,6,50.0
873da1b8affffff,28.75994,77.30995,7,50.0
873da1b8affffff,28.75994,77.30995,8,50.0
873da1b8affffff,28.75994,77.30995,9,50.0
873da1b8affffff,28.75994,77.30995,10,50.0
873da1b8affffff,28.75994,77.30995,11,50.0
873da1b8affffff,28.75994,77.30995,12,50.0
873da1b8affffff,28.75994,77.30995,13,50.0
873da1b8affffff,28.75994,77.30995,14,50.0
873da1b8affffff,28.75994,77.30995,15,50.0
873da1b8affffff,28.75994,77.30995,16,50.0
873da1b8affffff,28.75994,77.30995,17,50.0
873da1b8affffff,28.75994,77.30995,18,50.0
873da1b8affffff,28.75994,77.30995,19,50.0
873da1b8affffff,28.75994,77.30995,20,50.0
873da1b8affffff,28.75994,77.30995,21,50.0
873da1b8affffff,28.75994,77.30995,22,50.0
873da1b8affffff,28.75994,77.30995,23,50.0
873da1b8affffff,28.75994,77.30995,24,50.0
873da1b8affffff,28.75994,77.30995,25,50.0
873da1b8affffff,28.75994,77.30995,26,50.0
873da1b8affffff,28.75994,77.30995,27,50.0
873da1b8affffff,28.75994,77.30995,28,50.0
873da1b8affffff,28.75994,77.30995,29,50.0
873da1b8affffff,28.75994,77.30995,30,50.0
873da1b8affffff,28.75994,77.30995,31,50.0
873da1b8affffff,28.75994,77.30995,32,50.0
873da1b8affffff,28.75994,77.30995,33,50.0
873da1b8affffff,28.75994,77.30995,34,50.0
873da1b8affffff,28.75994,77.30995,35,50.0
873da1b8affffff,28.75994,77.30995,36,50.0
873da1b8affffff,28.75994,77.30995,37,50.0
873da1b8affffff,28.75994,77.30995,38,50.0
873da1b8affffff,28.75994,77.30995,39,50.0
873da1b8affffff,28.75994,77.30995,40,50.0
873da1b8affffff,28.75994,77.30995,41,50.0
873da1b8bffffff,28.76891,77.33401,0,50.0
873da1b8bffffff,28.76891,77.33401,1,50.0
873da1b8bffffff,28.76891,77.33401,2,50.0
873da1b8bffffff,28.76891,77.33401,3,50.0
873da1b8bffffff,28.76891,77.33401,4,50.0
873da1b8bffffff,28.76891,77.33401,5,50.0
873da1b8bffffff,28.76891,77.33401,6,50.0
873da1b8bffffff,28.76891,77.33401,7,50.0
873da1b8bffffff,28.76891,77.33401,8,50.0
873da1b8bffffff,28.76891,77.33401,9,50.0
873da1b8bffffff,28.76891,77.33401,10,50.0
873da1b8bffffff,28.76891,77.33401,11,50.0
873da1b8bffffff,28.76891,77.33401,12,50.0
873da1b8bffffff,28.76891,77.33401,13,50.0
873da1b8bffffff,28.76891,77.33401,14,50.0
873da1b8bffffff,28.76891,77.33401,15,50.0
873da1b8bffffff,28.76891,77.33401,16,50.0
873da1b8bffffff,28.76891,77.33401,17,50.0
873da1b8bffffff,28.76891,77.33401,18,50.0
873da1b8bffffff,28.76891,77.33401,19,50.0
873da1b8bffffff,28.76891,77.33401,20,50.0
873da1b8bffffff,28.76891,77.33401,21,50.0
873da1b8bffffff,28.76891,77.33401,22,50.0
873da1b8bffffff,28.76891,77.33401,23,50.0
873da1b8bffffff,28.76891,77.33401,24,50.0
873da1b8bffffff,28.76891,77.33401,25,50.0
873da1b8bffffff,28.76891,77.33401,26,50.0
873da1b8bffffff,28.76891,77.33401,27,50.0
873da1b8bffffff,28.76891,77.33401,28,50.0
873da1b8bffffff,28.76891,77.33401,29,50.0
873da1b8bffffff,28.76891,77.33401,30,50.0
873da1b8bffffff,28.76891,77.33401,31,50.0
873da1b8bffffff,28.76891,77.33401,32,50.0
873da1b8bffffff,28.76891,77.33401,33,50.0
873da1b8bffffff,28.76891,77.33401,34,50.0
873da1b8bffffff,28.76891,77.33401,35,50.0
873da1b8bffffff,28.76891,77.33401,36,50.0
873da1b8bffffff,28.76891,77.33401,37,50.0
873da1b8bffffff,28.76891,77.33401,38,50.0
873da1b8bffffff,28.76891,77.33401,39,50.0
873da1b8bffffff,28.76891,77.33401,40,50.0
873da1b8bffffff,28.76891,77.33401,41,50.0
873da1b8cffffff,28.79455,77.29231,0,50.0
873da1b8cffffff,28.79455,77.29231,1,50.0
873da1b8cffffff,28.79455,77.29231,2,50.0
873da1b8cffffff,28.79455,77.29231,3,50.0
873da1b8cffffff,28.79455,77.29231,4,50.0
873da1b8cffffff,28.79455,77.29231,5,50.0
873da1b8cffffff,28.79455,77.29231,6,50.0
873da1b8cffffff,28.79455,77.29231,7,50.0
873da1b8cffffff,28.79455,77.29231,8,50.0
873da1b8cffffff,28.79455,77.29231,9,50.0
873da1b8cffffff,28.79455,77.29231,10,50.0
873da1b8cffffff,28.79455,77.29231,11,50.0
873da1b8cffffff,28.79455,77.29231,12,50.0
873da1b8cffffff,28.79455,77.29231,13,50.0
873da1b8cffffff,28.79455,77.29231,14,50.0
873da1b8cffffff,28.79455,77.29231,15,50.0
873da1b8cffffff,28.79455,77.29231,16,50.0
873da1b8cffffff,28.79455,77.29231,17,50.0
873da1b8cffffff,28.79455,77.29231,18,50.0
873da1b8cffffff,28.79455,77.29231,19,50.0
873da1b8cffffff,28.79455,77.29231,20,50.0
873da1b8cffffff,28.79455,77.29231,21,50.0
873da1b8cffffff,28.79455,77.29231,22,50.0
873da1b8cffffff,28.79455,77.29231,23,50.0
873da1b8cffffff,28.79455,77.29231,24,50.0
873da1b8cffffff,28.79455,77.29231,25,50.0
873da1b8cffffff,28.79455,77.29231,26,50.0
873da1b8cffffff,28.79455,77.29231,27,50.0
873da1b8cffffff,28.79455,77.29231,28,50.0
873da1b8cffffff,28.79455,77.29231,29,50.0
873da1b8cffffff,28.79455,77.29231,30,50.0
873da1b8cffffff,28.79455,77.29231,31,50.0
873da1b8cffffff,28.79455,77.29231,32,50.0
873da1b8cffffff,28.79455,77.29231,33,50.0
873da1b8cffffff,28.79455,77.29231,34,50.0
873da1b8cffffff,28.79455,77.29231,35,50.0
873da1b8cffffff,28.79455,77.29231,36,50.0
873da1b8cffffff,28.79455,77.29231,37,50.0
873da1b8cffffff,28.79455,77.29231,38,50.0
873da1b8cffffff,28.79455,77.29231,39,50.0
873da1b8cffffff,28.79455,77.29231,40,50.0
873da1b8cffffff,28.79455,77.29231,41,50.0
873da1b8effffff,28.77275,77.28911,0,50.0
873da1b8effffff,28.77275,77.28911,1,50.0
873da1b8effffff,28.77275,77.28911,2,50.0
873da1b8effffff,28.77275,77.28911,3,50.0
873da1b8effffff,28.77275,77.28911,4,50.0
873da1b8effffff,28.77275,77.28911,5,50.0
873da1b8effffff,28.77275,77.28911,6,50.0
873da1b8effffff,28.77275,77.28911,7,50.0
873da1b8effffff,28.77275,77.28911,8,50.0
873da1b8effffff,28.77275,77.28911,9,50.0
873da1b8effffff,28.77275,77.28911,10,50.0
873da1b8effffff,28.77275,77.28911,11,50.0
873da1b8effffff,28.77275,77.28911,12,50.0
873da1b8effffff,28.77275,77.28911,13,50.0
873da1b8effffff,28.77275,77.28911,14,50.0
873da1b8effffff,28.77275,77.28911,15,50.0
873da1b8effffff,28.77275,77.28911,16,50.0
873da1b8effffff,28.77275,77.28911,17,50.0
873da1b8effffff,28.77275,77.28911,18,50.0
873da1b8effffff,28.77275,77.28911,19,50.0
873da1b8effffff,28.77275,77.28911,20,50.0
873da1b8effffff,28.77275,77.28911,21,50.0
873da1b8effffff,28.77275,77.28911,22,50.0
873da1b8effffff,28.77275,77.28911,23,50.0
873da1b8effffff,28.77275,77.28911,24,50.0
873da1b8effffff,28.77275,77.28911,25,50.0
873da1b8effffff,28.77275,77.28911,26,50.0
873da1b8effffff,28.77275,77.28911,27,50.0
873da1b8effffff,28.77275,77.28911,28,50.0
873da1b8effffff,28.77275,77.28911,29,50.0
873da1b8effffff,28.77275,77.28911,30,50.0
873da1b8effffff,28.77275,77.28911,31,50.0
873da1b8effffff,28.77275,77.28911,32,50.0
873da1b8effffff,28.77275,77.28911,33,50.0
873da1b8effffff,28.77275,77.28911,34,50.0
873da1b8effffff,28.77275,77.28911,35,50.0
873da1b8effffff,28.77275,77.28911,36,50.0
873da1b8effffff,28.77275,77.28911,37,50.0
873da1b8effffff,28.77275,77.28911,38,50.0
873da1b8effffff,28.77275,77.28911,39,50.0
873da1b8effffff,28.77275,77.28911,40,50.0
873da1b8effffff,28.77275,77.28911,41,50.0
873da1b90ffffff,28.72400,77.21378,0,50.0
873da1b90ffffff,28.72400,77.21378,1,50.0
873da1b90ffffff,28.72400,77.21378,2,50.0
873da1b90ffffff,28.72400,77.21378,3,50.0
873da1b90ffffff,28.72400,77.21378,4,50.0
873da1b90ffffff,28.72400,77.21378,5,50.0
873da1b90ffffff,28.72400,77.21378,6,50.0
873da1b90ffffff,28.72400,77.21378,7,50.0
873da1b90ffffff,28.72400,77.21378,8,50.0
873da1b90ffffff,28.72400,77.21378,9,50.0
873da1b90ffffff,28.72400,77.21378,10,50.0
873da1b90ffffff,28.72400,77.21378,11,50.0
873da1b90ffffff,28.72400,77.21378,12,50.0
873da1b90ffffff,28.72400,77.21378,13,50.0
873da1b90ffffff,28.72400,77.21378,14,50.0
873da1b90ffffff,28.72400,77.21378,15,50.0
873da1b90ffffff,28.72400,77.21378,16,50.0
873da1b90ffffff,28.72400,77.21378,17,50.0
873da1b90ffffff,28.72400,77.21378,18,50.0
873da1b90ffffff,28.72400,77.21378,19,50.0
873da1b90ffffff,28.72400,77.21378,20,50.0
873da1b90ffffff,28.72400,77.21378,21,50.0
873da1b90ffffff,28.72400,77.21378,22,50.0
873da1b90ffffff,28.72400,77.21378,23,50.0
873da1b90ffffff,28.72400,77.21378,24,50.0
873da1b90ffffff,28.72400,77.21378,25,50.0
873da1b90ffffff,28.72400,77.21378,26,50.0
873da1b90ffffff,28.72400,77.21378,27,50.0
873da1b90ffffff,28.72400,77.21378,28,50.0
873da1b90ffffff,28.72400,77.21378,29,50.0
873da1b90ffffff,28.72400,77.21378,30,50.0
873da1b90ffffff,28.72400,77.21378,31,50.0
873da1b90ffffff,28.72400,77.21378,32,50.0
873da1b90ffffff,28.72400,77.21378,33,50.0
873da1b90ffffff,28.72400,77.21378,34,50.0
873da1b90ffffff,28.72400,77.21378,35,50.0
873da1b90ffffff,28.72400,77.21378,36,50.0
873da1b90ffffff,28.72400,77.21378,37,50.0
873da1b90ffffff,28.72400,77.21378,38,50.0
873da1b90ffffff,28.72400,77.21378,39,50.0
873da1b90ffffff,28.72400,77.21378,40,50.0
873da1b90ffffff,28.72400,77.21378,41,50.0
873da1b91ffffff,28.73299,77.23782,0,50.0
873da1b91ffffff,28.73299,77.23782,1,50.0
873da1b91ffffff,28.73299,77.23782,2,50.0
873da1b91ffffff,28.73299,77.23782,3,50.0
873da1b91ffffff,28.73299,77.23782,4,50.0
873da1b91ffffff,28.73299,77.23782,5,50.0
873da1b91ffffff,28.73299,77.23782,6,50.0
873da1b91ffffff,28.73299,77.23782,7,50.0
873da1b91ffffff,28.73299,77.23782,8,50.0
873da1b91ffffff,28.73299,77.23782,9,50.0
873da1b91ffffff,28.73299,77.23782,10,50.0
873da1b91ffffff,28.73299,77.23782,11,50.0
873da1b91ffffff,28.73299,77.23782,12,50.0
873da1b91ffffff,28.73299,77.23782,13,50.0
873da1b91ffffff,28.73299,77.23782,14,50.0
873da1b91ffffff,28.73299,77.23782,15,50.0
873da1b91ffffff,28.73299,77.23782,16,50.0
873da1b91ffffff,28.73299,77.23782,17,50.0
873da1b91ffffff,28.73299,77.23782,18,50.0
873da1b91ffffff,28.73299,77.23782,19,50.0
873da1b91ffffff,28.73299,77.23782,20,50.0
873da1b91ffffff,28.73299,77.23782,21,50.0
873da1b91ffffff,28.73299,77.23782,22,50.0
873da1b91ffffff,28.73299,77.23782,23,50.0
873da1b91ffffff,28.73299,77.23782,24,50.0
873da1b91ffffff,28.73299,77.23782,25,50.0
873da1b91ffffff,28.73299,77.23782,26,50.0
873da1b91ffffff,28.73299,77.23782,27,50.0
873da1b91ffffff,28.73299,77.23782,28,50.0
873da1b91ffffff,28.73299,77.23782,29,50.0
873da1b91ffffff,28.73299,77.23782,30,50.0
873da1b91ffffff,28.73299,77.23782,31,50.0
873da1b91ffffff,28.73299,77.23782,32,50.0
873da1b91ffffff,28.73299,77.23782,33,50.0
873da1b91ffffff,28.73299,77.23782,34,50.0
873da1b91ffffff,28.73299,77.23782,35,50.0
873da1b91ffffff,28.73299,77.23782,36,50.0
873da1b91ffffff,28.73299,77.23782,37,50.0
873da1b91ffffff,28.73299,77.23782,38,50.0
873da1b91ffffff,28.73299,77.23782,39,50.0
873da1b91ffffff,28.73299,77.23782,40,50.0
873da1b91ffffff,28.73299,77.23782,41,50.0
873da1b92ffffff,28.70221,77.21060,0,50.0
873da1b92ffffff,28.70221,77.21060,1,50.0
873da1b92ffffff,28.70221,77.21060,2,50.0
873da1b92ffffff,28.70221,77.21060,3,50.0
873da1b92ffffff,28.70221,77.21060,4,50.0
873da1b92ffffff,28.70221,77.21060,5,50.0
873da1b92ffffff,28.70221,77.21060,6,50.0
873da1b92ffffff,28.70221,77.21060,7,50.0
873da1b92ffffff,28.70221,77.21060,8,50.0
873da1b92ffffff,28.70221,77.21060,9,50.0
873da1b92ffffff,28.70221,77.21060,10,50.0
873da1b92ffffff,28.70221,77.21060,11,50.0
873da1b92ffffff,28.70221,77.21060,12,50.0
873da1b92ffffff,28.70221,77.21060,13,50.0
873da1b92ffffff,28.70221,77.21060,14,50.0
873da1b92ffffff,28.70221,77.21060,15,50.0
873da1b92ffffff,28.70221,77.21060,16,50.0
873da1b92ffffff,28.70221,77.21060,17,50.0
873da1b92ffffff,28.70221,77.21060,18,50.0
873da1b92ffffff,28.70221,77.21060,19,50.0
873da1b92ffffff,28.70221,77.21060,20,50.0
873da1b92ffffff,28.70221,77.21060,21,50.0
873da1b92ffffff,28.70221,77.21060,22,50.0
873da1b92ffffff,28.70221,77.21060,23,50.0
873da1b92ffffff,28.70221,77.21060,24,50.0
873da1b92ffffff,28.70221,77.21060,25,50.0
873da1b92ffffff,28.70221,77.21060,26,50.0
873da1b92ffffff,28.70221,77.21060,27,50.0
873da1b92ffffff,28.70221,77.21060,28,50.0
873da1b92ffffff,28.70221,77.21060,29,50.0
873da1b92ffffff,28.70221,77.21060,30,50.0
873da1b92ffffff,28.70221,77.21060,31,50.0
873da1b92ffffff,28.70221,77.21060,32,50.0
873da1b92ffffff,28.70221,77.21060,33,50.0
873da1b92ffffff,28.70221,77.21060,34,50.0
873da1b92ffffff,28.70221,77.21060,35,50.0
873da1b92ffffff,28.70221,77.21060,36,50.0
873da1b92ffffff,28.70221,77.21060,37,50.0
873da1b92ffffff,28.70221,77.21060,38,50.0
873da1b92ffffff,28.70221,77.21060,39,50.0
873da1b92ffffff,28.70221,77.21060,40,50.0
873da1b92ffffff,28.70221,77.21060,41,50.0
873da1b93ffffff,28.71120,77.23463,0,50.0
873da1b93ffffff,28.71120,77.23463,1,50.0
873da1b93ffffff,28.71120,77.23463,2,50.0
873da1b93ffffff,28.71120,77.23463,3,50.0
873da1b93ffffff,28.71120,77.23463,4,50.0
873da1b93ffffff,28.71120,77.23463,5,50.0
873da1b93ffffff,28.71120,77.23463,6,50.0
873da1b93ffffff,28.71120,77.23463,7,50.0
873da1b93ffffff,28.71120,77.23463,8,50.0
873da1b93ffffff,28.71120,77.23463,9,50.0
873da1b93ffffff,28.71120,77.23463,10,50.0
873da1b93ffffff,28.71120,77.23463,11,50.0
873da1b93ffffff,28.71120,77.23463,12,50.0
873da1b93ffffff,28.71120,77.23463,13,50.0
873da1b93ffffff,28.71120,77.23463,14,50.0
873da1b93ffffff,28.71120,77.23463,15,50.0
873da1b93ffffff,28.71120,77.23463,16,50.0
873da1b93ffffff,28.71120,77.23463,17,50.0
873da1b93ffffff,28.71120,77.23463,18,50.0
873da1b93ffffff,28.71120,77.23463,19,50.0
873da1b93ffffff,28.71120,77.23463,20,50.0
873da1b93ffffff,28.71120,77.23463,21,50.0
873da1b93ffffff,28.71120,77.23463,22,50.0
873da1b93ffffff,28.71120,77.23463,23,50.0
873da1b93ffffff,28.71120,77.23463,24,50.0
873da1b93ffffff,28.71120,77.23463,25,50.0
873da1b93ffffff,28.71120,77.23463,26,50.0
873da1b93ffffff,28.71120,77.23463,27,50.0
873da1b93ffffff,28.71120,77.23463,28,50.0
873da1b93ffffff,28.71120,77.23463,29,50.0
873da1b93ffffff,28.71120,77.23463,30,50.0
873da1b93ffffff,28.71120,77.23463,31,50.0
873da1b93ffffff,28.71120,77.23463,32,50.0
873da1b93ffffff,28.71120,77.23463,33,50.0
873da1b93ffffff,28.71120,77.23463,34,50.0
873da1b93ffffff,28.71120,77.23463,35,50.0
873da1b93ffffff,28.71120,77.23463,36,50.0
873da1b93ffffff,28.71120,77.23463,37,50.0
873da1b93ffffff,28.71120,77.23463,38,50.0
873da1b93ffffff,28.71120,77.23463,39,50.0
873da1b93ffffff,28.71120,77.23463,40,50.0
873da1b93ffffff,28.71120,77.23463,41,50.0
873da1b94ffffff,28.73679,77.19292,0,50.0
873da1b94ffffff,28.73679,77.19292,1,50.0
873da1b94ffffff,28.73679,77.19292,2,50.0
873da1b94ffffff,28.73679,77.19292,3,50.0
873da1b94ffffff,28.73679,77.19292,4,50.0
873da1b94ffffff,28.73679,77.19292,5,50.0
873da1b94ffffff,28.73679,77.19292,6,50.0
873da1b94ffffff,28.73679,77.19292,7,50.0
873da1b94ffffff,28.73679,77.19292,8,50.0
873da1b94ffffff,28.73679,77.19292,9,50.0
873da1b94ffffff,28.73679,77.19292,10,50.0
873da1b94ffffff,28.73679,77.19292,11,50.0
873da1b94ffffff,28.73679,77.19292,12,50.0
873da1b94ffffff,28.73679,77.19292,13,50.0
873da1b94ffffff,28.73679,77.19292,14,50.0
873da1b94ffffff,28.73679,77.19292,15,50.0
873da1b94ffffff,28.73679,77.19292,16,50.0
873da1b94ffffff,28.73679,77.19292,17,50.0
873da1b94ffffff,28.73679,77.19292,18,50.0
873da1b94ffffff,28.73679,77.19292,19,50.0
873da1b94ffffff,28.73679,77.19292,20,50.0
873da1b94ffffff,28.73679,77.19292,21,50.0
873da1b94ffffff,28.73679,77.19292,22,50.0
873da1b94ffffff,28.73679,77.19292,23,50.0
873da1b94ffffff,28.73679,77.19292,24,50.0
873da1b94ffffff,28.73679,77.19292,25,50.0
873da1b94ffffff,28.73679,77.19292,26,50.0
873da1b94ffffff,28.73679,77.19292,27,50.0
873da1b94ffffff,28.73679,77.19292,28,50.0
873da1b94ffffff,28.73679,77.19292,29,50.0
873da1b94ffffff,28.73679,77.19292,30,50.0
873da1b94ffffff,28.73679,77.19292,31,50.0
873da1b94ffffff,28.73679,77.19292,32,50.0
873da1b94ffffff,28.73679,77.19292,33,50.0
873da1b94ffffff,28.73679,77.19292,34,50.0
873da1b94ffffff,28.73679,77.19292,35,50.0
873da1b94ffffff,28.73679,77.19292,36,50.0
873da1b94ffffff,28.73679,77.19292,37,50.0
873da1b94ffffff,28.73679,77.19292,38,50.0
873da1b94ffffff,28.73679,77.19292,39,50.0
873da1b94ffffff,28.73679,77.19292,40,50.0
873da1b94ffffff,28.73679,77.19292,41,50.0
873da1b95ffffff,28.74579,77.21696,0,50.0
873da1b95ffffff,28.74579,77.21696,1,50.0
873da1b95ffffff,28.74579,77.21696,2,50.0
873da1b95ffffff,28.74579,77.21696,3,50.0
873da1b95ffffff,28.74579,77.21696,4,50.0
873da1b95ffffff,28.74579,77.21696,5,50.0
873da1b95ffffff,28.74579,77.21696,6,50.0
873da1b95ffffff,28.74579,77.21696,7,50.0
873da1b95ffffff,28.74579,77.21696,8,50.0
873da1b95ffffff,28.74579,77.21696,9,50.0
873da1b95ffffff,28.74579,77.21696,10,50.0
873da1b95ffffff,28.74579,77.21696,11,50.0
873da1b95ffffff,28.74579,77.21696,12,50.0
873da1b95ffffff,28.74579,77.21696,13,50.0
873da1b95ffffff,28.74579,77.21696,14,50.0
873da1b95ffffff,28.74579,77.21696,15,50.0
873da1b95ffffff,28.74579,77.21696,16,50.0
873da1b95ffffff,28.74579,77.21696,17,50.0
873da1b95ffffff,28.74579,77.21696,18,50.0
873da1b95ffffff,28.74579,77.21696,19,50.0
873da1b95ffffff,28.74579,77.21696,20,50.0
873da1b95ffffff,28.74579,77.21696,21,50.0
873da1b95ffffff,28.74579,77.21696,22,50.0
873da1b95ffffff,28.74579,77.21696,23,50.0
873da1b95ffffff,28.74579,77.21696,24,50.0
873da1b95ffffff,28.74579,77.21696,25,50.0
873da1b95ffffff,28.74579,77.21696,26,50.0
873da1b95ffffff,28.74579,77.21696,27,50.0
873da1b95ffffff,28.74579,77.21696,28,50.0
873da1b95ffffff,28.74579,77.21696,29,50.0
873da1b95ffffff,28.74579,77.21696,30,50.0
873da1b95ffffff,28.74579,77.21696,31,50.0
873da1b95ffffff,28.74579,77.21696,32,50.0
873da1b95ffffff,28.74579,77.21696,33,50.0
873da1b95ffffff,28.74579,77.21696,34,50.0
873da1b95ffffff,28.74579,77.21696,35,50.0
873da1b95ffffff,28.74579,77.21696,36,50.0
873da1b95ffffff,28.74579,77.21696,37,50.0
873da1b95ffffff,28.74579,77.21696,38,50.0
873da1b95ffffff,28.74579,77.21696,39,50.0
873da1b95ffffff,28.74579,77.21696,40,50.0
873da1b95ffffff,28.74579,77.21696,41,50.0
873da1b96ffffff,28.71500,77.18975,0,50.0
873da1b96ffffff,28.71500,77.18975,1,50.0
873da1b96ffffff,28.71500,77.18975,2,50.0
873da1b96ffffff,28.71500,77.18975,3,50.0
873da1b96ffffff,28.71500,77.18975,4,50.0
873da1b96ffffff,28.71500,77.18975,5,50.0
873da1b96ffffff,28.71500,77.18975,6,50.0
873da1b96ffffff,28.71500,77.18975,7,50.0
873da1b96ffffff,28.71500,77.18975,8,50.0
873da1b96ffffff,28.71500,77.18975,9,50.0
873da1b96ffffff,28.71500,77.18975,10,50.0
873da1b96ffffff,28.71500,77.18975,11,50.0
873da1b96ffffff,28.71500,77.18975,12,50.0
873da1b96ffffff,28.71500,77.18975,13,50.0
873da1b96ffffff,28.71500,77.18975,14,50.0
873da1b96ffffff,28.71500,77.18975,15,50.0
873da1b96ffffff,28.71500,77.18975,16,50.0
873da1b96ffffff,28.71500,77.18975,17,50.0
873da1b96ffffff,28.71500,77.18975,18,50.0
873da1b96ffffff,28.71500,77.18975,19,50.0
873da1b96ffffff,28.71500,77.18975,20,50.0
873da1b96ffffff,28.71500,77.18975,21,50.0
873da1b96ffffff,28.71500,77.18975,22,50.0
873da1b96ffffff,28.71500,77.18975,23,50.0
873da1b96ffffff,28.71500,77.18975,24,50.0
873da1b96ffffff,28.71500,77.18975,25,50.0
873da1b96ffffff,28.71500,77.18975,26,50.0
873da1b96ffffff,28.71500,77.18975,27,50.0
873da1b96ffffff,28.71500,77.18975,28,50.0
873da1b96ffffff,28.71500,77.18975,29,50.0
873da1b96ffffff,28.71500,77.18975,30,50.0
873da1b96ffffff,28.71500,77.18975,31,50.0
873da1b96ffffff,28.71500,77.18975,32,50.0
873da1b96ffffff,28.71500,77.18975,33,50.0
873da1b96ffffff,28.71500,77.18975,34,50.0
873da1b96ffffff,28.71500,77.18975,35,50.0
873da1b96ffffff,28.71500,77.18975,36,50.0
873da1b96ffffff,28.71500,77.18975,37,50.0
873da1b96ffffff,28.71500,77.18975,38,50.0
873da1b96ffffff,28.71500,77.18975,39,50.0
873da1b96ffffff,28.71500,77.18975,40,50.0
873da1b96ffffff,28.71500,77.18975,41,50.0
873da1b98ffffff,28.72917,77.28270,0,50.0
873da1b98ffffff,28.72917,77.28270,1,50.0
873da1b98ffffff,28.72917,77.28270,2,50.0
873da1b98ffffff,28.72917,77.28270,3,50.0
873da1b98ffffff,28.72917,77.28270,4,50.0
873da1b98ffffff,28.72917,77.28270,5,50.0
873da1b98ffffff,28.72917,77.28270,6,50.0
873da1b98ffffff,28.72917,77.28270,7,50.0
873da1b98ffffff,28.72917,77.28270,8,50.0
873da1b98ffffff,28.72917,77.28270,9,50.0
873da1b98ffffff,28.72917,77.28270,10,50.0
873da1b98ffffff,28.72917,77.28270,11,50.0
873da1b98ffffff,28.72917,77.28270,12,50.0
873da1b98ffffff,28.72917,77.28270,13,50.0
873da1b98ffffff,28.72917,77.28270,14,50.0
873da1b98ffffff,28.72917,77.28270,15,50.0
873da1b98ffffff,28.72917,77.28270,16,50.0
873da1b98ffffff,28.72917,77.28270,17,50.0
873da1b98ffffff,28.72917,77.28270,18,50.0
873da1b98ffffff,28.72917,77.28270,19,50.0
873da1b98ffffff,28.72917,77.28270,20,50.0
873da1b98ffffff,28.72917,77.28270,21,50.0
873da1b98ffffff,28.72917,77.28270,22,50.0
873da1b98ffffff,28.72917,77.28270,23,50.0
873da1b98ffffff,28.72917,77.28270,24,50.0
873da1b98ffffff,28.72917,77.28270,25,50.0
873da1b98ffffff,28.72917,77.28270,26,50.0
873da1b98ffffff,28.72917,77.28270,27,50.0
873da1b98ffffff,28.72917,77.28270,28,50.0
873da1b98ffffff,28.72917,77.28270,29,50.0
873da1b98ffffff,28.72917,77.28270,30,50.0
873da1b98ffffff,28.72917,77.28270,31,50.0
873da1b98ffffff,28.72917,77.28270,32,50.0
873da1b98ffffff,28.72917,77.28270,33,50.0
873da1b98ffffff,28.72917,77.28270,34,50.0
873da1b98ffffff,28.72917,77.28270,35,50.0
873da1b98ffffff,28.72917,77.28270,36,50.0
873da1b98ffffff,28.72917,77.28270,37,50.0
873da1b98ffffff,28.72917,77.28270,38,50.0
873da1b98ffffff,28.72917,77.28270,39,50.0
873da1b98ffffff,28.72917,77.28270,40,50.0
873da1b98ffffff,28.72917,77.28270,41,50.0
873da1b99ffffff,28.73815,77.30674,0,50.0
873da1b99ffffff,28.73815,77.30674,1,50.0
873da1b99ffffff,28.73815,77.30674,2,50.0
873da1b99ffffff,28.73815,77.30674,3,50.0
873da1b99ffffff,28.73815,77.30674,4,50.0
873da1b99ffffff,28.73815,77.30674,5,50.0
873da1b99ffffff,28.73815,77.30674,6,50.0
873da1b99ffffff,28.73815,77.30674,7,50.0
873da1b99ffffff,28.73815,77.30674,8,50.0
873da1b99ffffff,28.73815,77.30674,9,50.0
873da1b99ffffff,28.73815,77.30674,10,50.0
873da1b99ffffff,28.73815,77.30674,11,50.0
873da1b99ffffff,28.73815,77.30674,12,50.0
873da1b99ffffff,28.73815,77.30674,13,50.0
873da1b99ffffff,28.73815,77.30674,14,50.0
873da1b99ffffff,28.73815,77.30674,15,50.0
873da1b99ffffff,28.73815,77.30674,16,50.0
873da1b99ffffff,28.73815,77.30674,17,50.0
873da1b99ffffff,28.73815,77.30674,18,50.0
873da1b99ffffff,28.73815,77.30674,19,50.0
873da1b99ffffff,28.73815,77.30674,20,50.0
873da1b99ffffff,28.73815,77.30674,21,50.0
873da1b99ffffff,28.73815,77.30674,22,50.0
873da1b99ffffff,28.73815,77.30674,23,50.0
873da1b99ffffff,28.73815,77.30674,24,50.0
873da1b99ffffff,28.73815,77.30674,25,50.0
873da1b99ffffff,28.73815,77.30674,26,50.0
873da1b99ffffff,28.73815,77.30674,27,50.0
873da1b99ffffff,28.73815,77.30674,28,50.0
873da1b99ffffff,28.73815,77.30674,29,50.0
873da1b99ffffff,28.73815,77.30674,30,50.0
873da1b99ffffff,28.73815,77.30674,31,50.0
873da1b99ffffff,28.73815,77.30674,32,50.0
873da1b99ffffff,28.73815,77.30674,33,50.0
873da1b99ffffff,28.73815,77.30674,34,50.0
873da1b99ffffff,28.73815,77.30674,35,50.0
873da1b99ffffff,28.73815,77.30674,36,50.0
873da1b99ffffff,28.73815,77.30674,37,50.0
873da1b99ffffff,28.73815,77.30674,38,50.0
873da1b99ffffff,28.73815,77.30674,39,50.0
873da1b99ffffff,28.73815,77.30674,40,50.0
873da1b99ffffff,28.73815,77.30674,41,50.0
873da1b9affffff,28.70738,77.27950,0,50.0
873da1b9affffff,28.70738,77.27950,1,50.0
873da1b9affffff,28.70738,77.27950,2,50.0
873da1b9affffff,28.70738,77.27950,3,50.0
873da1b9affffff,28.70738,77.27950,4,50.0
873da1b9affffff,28.70738,77.27950,5,50.0
873da1b9affffff,28.70738,77.27950,6,50.0
873da1b9affffff,28.70738,77.27950,7,50.0
873da1b9affffff,28.70738,77.27950,8,50.0
873da1b9affffff,28.70738,77.27950,9,50.0
873da1b9affffff,28.70738,77.27950,10,50.0
873da1b9affffff,28.70738,77.27950,11,50.0
873da1b9affffff,28.70738,77.27950,12,50.0
873da1b9affffff,28.70738,77.27950,13,50.0
873da1b9affffff,28.70738,77.27950,14,50.0
873da1b9affffff,28.70738,77.27950,15,50.0
873da1b9affffff,28.70738,77.27950,16,50.0
873da1b9affffff,28.70738,77.27950,17,50.0
873da1b9affffff,28.70738,77.27950,18,50.0
873da1b9affffff,28.70738,77.27950,19,50.0
873da1b9affffff,28.70738,77.27950,20,50.0
873da1b9affffff,28.70738,77.27950,21,50.0
873da1b9affffff,28.70738,77.27950,22,50.0
873da1b9affffff,28.70738,77.27950,23,50.0
873da1b9affffff,28.70738,77.27950,24,50.0
873da1b9affffff,28.70738,77.27950,25,50.0
873da1b9affffff,28.70738,77.27950,26,50.0
873da1b9affffff,28.70738,77.27950,27,50.0
873da1b9affffff,28.70738,77.27950,28,50.0
873da1b9affffff,28.70738,77.27950,29,50.0
873da1b9affffff,28.70738,77.27950,30,50.0
873da1b9affffff,28.70738,77.27950,31,50.0
873da1b9affffff,28.70738,77.27950,32,50.0
873da1b9affffff,28.70738,77.27950,33,50.0
873da1b9affffff,28.70738,77.27950,34,50.0
873da1b9affffff,28.70738,77.27950,35,50.0
873da1b9affffff,28.70738,77.27950,36,50.0
873da1b9affffff,28.70738,77.27950,37,50.0
873da1b9affffff,28.70738,77.27950,38,50.0
873da1b9affffff,28.70738,77.27950,39,50.0
873da1b9affffff,28.70738,77.27950,40,50.0
873da1b9affffff,28.70738,77.27950,41,50.0
873da1b9bffffff,28.71636,77.30353,0,50.0
873da1b9bffffff,28.71636,77.30353,1,50.0
873da1b9bffffff,28.71636,77.30353,2,50.0
873da1b9bffffff,28.71636,77.30353,3,50.0
873da1b9bffffff,28.71636,77.30353,4,50.0
873da1b9bffffff,28.71636,77.30353,5,50.0
873da1b9bffffff,28.71636,77.30353,6,50.0
873da1b9bffffff,28.71636,77.30353,7,50.0
873da1b9bffffff,28.71636,77.30353,8,50.0
873da1b9bffffff,28.71636,77.30353,9,50.0
873da1b9bffffff,28.71636,77.30353,10,50.0
873da1b9bffffff,28.71636,77.30353,11,50.0
873da1b9bffffff,28.71636,77.30353,12,50.0
873da1b9bffffff,28.71636,77.30353,13,50.0
873da1b9bffffff,28.71636,77.30353,14,50.0
873da1b9bffffff,28.71636,77.30353,15,50.0
873da1b9bffffff,28.71636,77.30353,16,50.0
873da1b9bffffff,28.71636,77.30353,17,50.0
873da1b9bffffff,28.71636,77.30353,18,50.0
873da1b9bffffff,28.71636,77.30353,19,50.0
873da1b9bffffff,28.71636,77.30353,20,50.0
873da1b9bffffff,28.71636,77.30353,21,50.0
873da1b9bffffff,28.71636,77.30353,22,50.0
873da1b9bffffff,28.71636,77.30353,23,50.0
873da1b9bffffff,28.71636,77.30353,24,50.0
873da1b9bffffff,28.71636,77.30353,25,50.0
873da1b9bffffff,28.71636,77.30353,26,50.0
873da1b9bffffff,28.71636,77.30353,27,50.0
873da1b9bffffff,28.71636,77.30353,28,50.0
873da1b9bffffff,28.71636,77.30353,29,50.0
873da1b9bffffff,28.71636,77.30353,30,50.0
873da1b9bffffff,28.71636,77.30353,31,50.0
873da1b9bffffff,28.71636,77.30353,32,50.0
873da1b9bffffff,28.71636,77.30353,33,50.0
873da1b9bffffff,28.71636,77.30353,34,50.0
873da1b9bffffff,28.71636,77.30353,35,50.0
873da1b9bffffff,28.71636,77.30353,36,50.0
873da1b9bffffff,28.71636,77.30353,37,50.0
873da1b9bffffff,28.71636,77.30353,38,50.0
873da1b9bffffff,28.71636,77.30353,39,50.0
873da1b9bffffff,28.71636,77.30353,40,50.0
873da1b9bffffff,28.71636,77.30353,41,50.0
873da1b9cffffff,28.74197,77.26186,0,50.0
873da1b9cffffff,28.74197,77.26186,1,50.0
873da1b9cffffff,28.74197,77.26186,2,50.0
873da1b9cffffff,28.74197,77.26186,3,50.0
873da1b9cffffff,28.74197,77.26186,4,50.0
873da1b9cffffff,28.74197,77.26186,5,50.0
873da1b9cffffff,28.74197,77.26186,6,50.0
873da1b9cffffff,28.74197,77.26186,7,50.0
873da1b9cffffff,28.74197,77.26186,8,50.0
873da1b9cffffff,28.74197,77.26186,9,50.0
873da1b9cffffff,28.74197,77.26186,10,50.0
873da1b9cffffff,28.74197,77.26186,11,50.0
873da1b9cffffff,28.74197,77.26186,12,50.0
873da1b9cffffff,28.74197,77.26186,13,50.0
873da1b9cffffff,28.74197,77.26186,14,50.0
873da1b9cffffff,28.74197,77.26186,15,50.0
873da1b9cffffff,28.74197,77.26186,16,50.0
873da1b9cffffff,28.74197,77.26186,17,50.0
873da1b9cffffff,28.74197,77.26186,18,50.0
873da1b9cffffff,28.74197,77.26186,19,50.0
873da1b9cffffff,28.74197,77.26186,20,50.0
873da1b9cffffff,28.74197,77.26186,21,50.0
873da1b9cffffff,28.74197,77.26186,22,50.0
873da1b9cffffff,28.74197,77.26186,23,50.0
873da1b9cffffff,28.74197,77.26186,24,50.0
873da1b9cffffff,28.74197,77.26186,25,50.0
873da1b9cffffff,28.74197,77.26186,26,50.0
873da1b9cffffff,28.74197,77.26186,27,50.0
873da1b9cffffff,28.74197,77.26186,28,50.0
873da1b9cffffff,28.74197,77.26186,29,50.0
873da1b9cffffff,28.74197,77.26186,30,50.0
873da1b9cffffff,28.74197,77.26186,31,50.0
873da1b9cffffff,28.74197,77.26186,32,50.0
873da1b9cffffff,28.74197,77.26186,33,50.0
873da1b9cffffff,28.74197,77.26186,34,50.0
873da1b9cffffff,28.74197,77.26186,35,50.0
873da1b9cffffff,28.74197,77.26186,36,50.0
873da1b9cffffff,28.74197,77.26186,37,50.0
873da1b9cffffff,28.74197,77.26186,38,50.0
873da1b9cffffff,28.74197,77.26186,39,50.0
873da1b9cffffff,28.74197,77.26186,40,50.0
873da1b9cffffff,28.74197,77.26186,41,50.0
873da1b9dffffff,28.75096,77.28590,0,50.0
873da1b9dffffff,28.75096,77.28590,1,50.0
873da1b9dffffff,28.75096,77.28590,2,50.0
873da1b9dffffff,28.75096,77.28590,3,50.0
873da1b9dffffff,28.75096,77.28590,4,50.0
873da1b9dffffff,28.75096,77.28590,5,50.0
873da1b9dffffff,28.75096,77.28590,6,50.0
873da1b9dffffff,28.75096,77.28590,7,50.0
873da1b9dffffff,28.75096,77.28590,8,50.0
873da1b9dffffff,28.75096,77.28590,9,50.0
873da1b9dffffff,28.75096,77.28590,10,50.0
873da1b9dffffff,28.75096,77.28590,11,50.0
873da1b9dffffff,28.75096,77.28590,12,50.0
873da1b9dffffff,28.75096,77.28590,13,50.0
873da1b9dffffff,28.75096,77.28590,14,50.0
873da1b9dffffff,28.75096,77.28590,15,50.0
873da1b9dffffff,28.75096,77.28590,16,50.0
873da1b9dffffff,28.75096,77.28590,17,50.0
873da1b9dffffff,28.75096,77.28590,18,50.0
873da1b9dffffff,28.75096,77.28590,19,50.0
873da1b9dffffff,28.75096,77.28590,20,50.0
873da1b9dffffff,28.75096,77.28590,21,50.0
873da1b9dffffff,28.75096,77.28590,22,50.0
873da1b9dffffff,28.75096,77.28590,23,50.0
873da1b9dffffff,28.75096,77.28590,24,50.0
873da1b9dffffff,28.75096,77.28590,25,50.0
873da1b9dffffff,28.75096,77.28590,26,50.0
873da1b9dffffff,28.75096,77.28590,27,50.0
873da1b9dffffff,28.75096,77.28590,28,50.0
873da1b9dffffff,28.75096,77.28590,29,50.0
873da1b9dffffff,28.75096,77.28590,30,50.0
873da1b9dffffff,28.75096,77.28590,31,50.0
873da1b9dffffff,28.75096,77.28590,32,50.0
873da1b9dffffff,28.75096,77.28590,33,50.0
873da1b9dffffff,28.75096,77.28590,34,50.0
873da1b9dffffff,28.75096,77.28590,35,50.0
873da1b9dffffff,28.75096,77.28590,36,50.0
873da1b9dffffff,28.75096,77.28590,37,50.0
873da1b9dffffff,28.75096,77.28590,38,50.0
873da1b9dffffff,28.75096,77.28590,39,50.0
873da1b9dffffff,28.75096,77.28590,40,50.0
873da1b9dffffff,28.75096,77.28590,41,50.0
873da1b9effffff,28.72019,77.25866,0,50.0
873da1b9effffff,28.72019,77.25866,1,50.0
873da1b9effffff,28.72019,77.25866,2,50.0
873da1b9effffff,28.72019,77.25866,3,50.0
873da1b9effffff,28.72019,77.25866,4,50.0
873da1b9effffff,28.72019,77.25866,5,50.0
873da1b9effffff,28.72019,77.25866,6,50.0
873da1b9effffff,28.72019,77.25866,7,50.0
873da1b9effffff,28.72019,77.25866,8,50.0
873da1b9effffff,28.72019,77.25866,9,50.0
873da1b9effffff,28.72019,77.25866,10,50.0
873da1b9effffff,28.72019,77.25866,11,50.0
873da1b9effffff,28.72019,77.25866,12,50.0
873da1b9effffff,28.72019,77.25866,13,50.0
873da1b9effffff,28.72019,77.25866,14,50.0
873da1b9effffff,28.72019,77.25866,15,50.0
873da1b9effffff,28.72019,77.25866,16,50.0
873da1b9effffff,28.72019,77.25866,17,50.0
873da1b9effffff,28.72019,77.25866,18,50.0
873da1b9effffff,28.72019,77.25866,19,50.0
873da1b9effffff,28.72019,77.25866,20,50.0
873da1b9effffff,28.72019,77.25866,21,50.0
873da1b9effffff,28.72019,77.25866,22,50.0
873da1b9effffff,28.72019,77.25866,23,50.0
873da1b9effffff,28.72019,77.25866,24,50.0
873da1b9effffff,28.72019,77.25866,25,50.0
873da1b9effffff,28.72019,77.25866,26,50.0
873da1b9effffff,28.72019,77.25866,27,50.0
873da1b9effffff,28.72019,77.25866,28,50.0
873da1b9effffff,28.72019,77.25866,29,50.0
873da1b9effffff,28.72019,77.25866,30,50.0
873da1b9effffff,28.72019,77.25866,31,50.0
873da1b9effffff,28.72019,77.25866,32,50.0
873da1b9effffff,28.72019,77.25866,33,50.0
873da1b9effffff,28.72019,77.25866,34,50.0
873da1b9effffff,28.72019,77.25866,35,50.0
873da1b9effffff,28.72019,77.25866,36,50.0
873da1b9effffff,28.72019,77.25866,37,50.0
873da1b9effffff,28.72019,77.25866,38,50.0
873da1b9effffff,28.72019,77.25866,39,50.0
873da1b9effffff,28.72019,77.25866,40,50.0
873da1b9effffff,28.72019,77.25866,41,50.0
873da1bb0ffffff,28.77138,77.17522,0,50.0
873da1bb0ffffff,28.77138,77.17522,1,50.0
873da1bb0ffffff,28.77138,77.17522,2,50.0
873da1bb0ffffff,28.77138,77.17522,3,50.0
873da1bb0ffffff,28.77138,77.17522,4,50.0
873da1bb0ffffff,28.77138,77.17522,5,50.0
873da1bb0ffffff,28.77138,77.17522,6,50.0
873da1bb0ffffff,28.77138,77.17522,7,50.0
873da1bb0ffffff,28.77138,77.17522,8,50.0
873da1bb0ffffff,28.77138,77.17522,9,50.0
873da1bb0ffffff,28.77138,77.17522,10,50.0
873da1bb0ffffff,28.77138,77.17522,11,50.0
873da1bb0ffffff,28.77138,77.17522,12,50.0
873da1bb0ffffff,28.77138,77.17522,13,50.0
873da1bb0ffffff,28.77138,77.17522,14,50.0
873da1bb0ffffff,28.77138,77.17522,15,50.0
873da1bb0ffffff,28.77138,77.17522,16,50.0
873da1bb0ffffff,28.77138,77.17522,17,50.0
873da1bb0ffffff,28.77138,77.17522,18,50.0
873da1bb0ffffff,28.77138,77.17522,19,50.0
873da1bb0ffffff,28.77138,77.17522,20,50.0
873da1bb0ffffff,28.77138,77.17522,21,50.0
873da1bb0ffffff,28.77138,77.17522,22,50.0
873da1bb0ffffff,28.77138,77.17522,23,50.0
873da1bb0ffffff,28.77138,77.17522,24,50.0
873da1bb0ffffff,28.77138,77.17522,25,50.0
873da1bb0ffffff,28.77138,77.17522,26,50.0
873da1bb0ffffff,28.77138,77.17522,27,50.0
873da1bb0ffffff,28.77138,77.17522,28,50.0
873da1bb0ffffff,28.77138,77.17522,29,50.0
873da1bb0ffffff,28.77138,77.17522,30,50.0
873da1bb0ffffff,28.77138,77.17522,31,50.0
873da1bb0ffffff,28.77138,77.17522,32,50.0
873da1bb0ffffff,28.77138,77.17522,33,50.0
873da1bb0ffffff,28.77138,77.17522,34,50.0
873da1bb0ffffff,28.77138,77.17522,35,50.0
873da1bb0ffffff,28.77138,77.17522,36,50.0
873da1bb0ffffff,28.77138,77.17522,37,50.0
873da1bb0ffffff,28.77138,77.17522,38,50.0
873da1bb0ffffff,28.77138,77.17522,39,50.0
873da1bb0ffffff,28.77138,77.17522,40,50.0
873da1bb0ffffff,28.77138,77.17522,41,50.0
873da1bb1ffffff,28.78038,77.19927,0,50.0
873da1bb1ffffff,28.78038,77.19927,1,50.0
873da1bb1ffffff,28.78038,77.19927,2,50.0
873da1bb1ffffff,28.78038,77.19927,3,50.0
873da1bb1ffffff,28.78038,77.19927,4,50.0
873da1bb1ffffff,28.78038,77.19927,5,50.0
873da1bb1ffffff,28.78038,77.19927,6,50.0
873da1bb1ffffff,28.78038,77.19927,7,50.0
873da1bb1ffffff,28.78038,77.19927,8,50.0
873da1bb1ffffff,28.78038,77.19927,9,50.0
873da1bb1ffffff,28.78038,77.19927,10,50.0
873da1bb1ffffff,28.78038,77.19927,11,50.0
873da1bb1ffffff,28.78038,77.19927,12,50.0
873da1bb1ffffff,28.78038,77.19927,13,50.0
873da1bb1ffffff,28.78038,77.19927,14,50.0
873da1bb1ffffff,28.78038,77.19927,15,50.0
873da1bb1ffffff,28.78038,77.19927,16,50.0
873da1bb1ffffff,28.78038,77.19927,17,50.0
873da1bb1ffffff,28.78038,77.19927,18,50.0
873da1bb1ffffff,28.78038,77.19927,19,50.0
873da1bb1ffffff,28.78038,77.19927,20,50.0
873da1bb1ffffff,28.78038,77.19927,21,50.0
873da1bb1ffffff,28.78038,77.19927,22,50.0
873da1bb1ffffff,28.78038,77.19927,23,50.0
873da1bb1ffffff,28.78038,77.19927,24,50.0
873da1bb1ffffff,28.78038,77.19927,25,50.0
873da1bb1ffffff,28.78038,77.19927,26,50.0
873da1bb1ffffff,28.78038,77.19927,27,50.0
873da1bb1ffffff,28.78038,77.19927,28,50.0
873da1bb1ffffff,28.78038,77.19927,29,50.0
873da1bb1ffffff,28.78038,77.19927,30,50.0
873da1bb1ffffff,28.78038,77.19927,31,50.0
873da1bb1ffffff,28.78038,77.19927,32,50.0
873da1bb1ffffff,28.78038,77.19927,33,50.0
873da1bb1ffffff,28.78038,77.19927,34,50.0
873da1bb1ffffff,28.78038,77.19927,35,50.0
873da1bb1ffffff,28.78038,77.19927,36,50.0
873da1bb1ffffff,28.78038,77.19927,37,50.0
873da1bb1ffffff,28.78038,77.19927,38,50.0
873da1bb1ffffff,28.78038,77.19927,39,50.0
873da1bb1ffffff,28.78038,77.19927,40,50.0
873da1bb1ffffff,28.78038,77.19927,41,50.0
873da1bb2ffffff,28.74958,77.17206,0,50.0
873da1bb2ffffff,28.74958,77.17206,1,50.0
873da1bb2ffffff,28.74958,77.17206,2,50.0
873da1bb2ffffff,28.74958,77.17206,3,50.0
873da1bb2ffffff,28.74958,77.17206,4,50.0
873da1bb2ffffff,28.74958,77.17206,5,50.0
873da1bb2ffffff,28.74958,77.17206,6,50.0
873da1bb2ffffff,28.74958,77.17206,7,50.0
873da1bb2ffffff,28.74958,77.17206,8,50.0
873da1bb2ffffff,28.74958,77.17206,9,50.0
873da1bb2ffffff,28.74958,77.17206,10,50.0
873da1bb2ffffff,28.74958,77.17206,11,50.0
873da1bb2ffffff,28.74958,77.17206,12,50.0
873da1bb2ffffff,28.74958,77.17206,13,50.0
873da1bb2ffffff,28.74958,77.17206,14,50.0
873da1bb2ffffff,28.74958,77.17206,15,50.0
873da1bb2ffffff,28.74958,77.17206,16,50.0
873da1bb2ffffff,28.74958,77.17206,17,50.0
873da1bb2ffffff,28.74958,77.17206,18,50.0
873da1bb2ffffff,28.74958,77.17206,19,50.0
873da1bb2ffffff,28.74958,77.17206,20,50.0
873da1bb2ffffff,28.74958,77.17206,21,50.0
873da1bb2ffffff,28.74958,77.17206,22,50.0
873da1bb2ffffff,28.74958,77.17206,23,50.0
873da1bb2ffffff,28.74958,77.17206,24,50.0
873da1bb2ffffff,28.74958,77.17206,25,50.0
873da1bb2ffffff,28.74958,77.17206,26,50.0
873da1bb2ffffff,28.74958,77.17206,27,50.0
873da1bb2ffffff,28.74958,77.17206,28,50.0
873da1bb2ffffff,28.74958,77.17206,29,50.0
873da1bb2ffffff,28.74958,77.17206,30,50.0
873da1bb2ffffff,28.74958,77.17206,31,50.0
873da1bb2ffffff,28.74958,77.17206,32,50.0
873da1bb2ffffff,28.74958,77.17206,33,50.0
873da1bb2ffffff,28.74958,77.17206,34,50.0
873da1bb2ffffff,28.74958,77.17206,35,50.0
873da1bb2ffffff,28.74958,77.17206,36,50.0
873da1bb2ffffff,28.74958,77.17206,37,50.0
873da1bb2ffffff,28.74958,77.17206,38,50.0
873da1bb2ffffff,28.74958,77.17206,39,50.0
873da1bb2ffffff,28.74958,77.17206,40,50.0
873da1bb2ffffff,28.74958,77.17206,41,50.0
873da1bb3ffffff,28.75858,77.19610,0,50.0
873da1bb3ffffff,28.75858,77.19610,1,50.0
873da1bb3ffffff,28.75858,77.19610,2,50.0
873da1bb3ffffff,28.75858,77.19610,3,50.0
873da1bb3ffffff,28.75858,77.19610,4,50.0
873da1bb3ffffff,28.75858,77.19610,5,50.0
873da1bb3ffffff,28.75858,77.19610,6,50.0
873da1bb3ffffff,28.75858,77.19610,7,50.0
873da1bb3ffffff,28.75858,77.19610,8,50.0
873da1bb3ffffff,28.75858,77.19610,9,50.0
873da1bb3ffffff,28.75858,77.19610,10,50.0
873da1bb3ffffff,28.75858,77.19610,11,50.0
873da1bb3ffffff,28.75858,77.19610,12,50.0
873da1bb3ffffff,28.75858,77.19610,13,50.0
873da1bb3ffffff,28.75858,77.19610,14,50.0
873da1bb3ffffff,28.75858,77.19610,15,50.0
873da1bb3ffffff,28.75858,77.19610,16,50.0
873da1bb3ffffff,28.75858,77.19610,17,50.0
873da1bb3ffffff,28.75858,77.19610,18,50.0
873da1bb3ffffff,28.75858,77.19610,19,50.0
873da1bb3ffffff,28.75858,77.19610,20,50.0
873da1bb3ffffff,28.75858,77.19610,21,50.0
873da1bb3ffffff,28.75858,77.19610,22,50.0
873da1bb3ffffff,28.75858,77.19610,23,50.0
873da1bb3ffffff,28.75858,77.19610,24,50.0
873da1bb3ffffff,28.75858,77.19610,25,50.0
873da1bb3ffffff,28.75858,77.19610,26,50.0
873da1bb3ffffff,28.75858,77.19610,27,50.0
873da1bb3ffffff,28.75858,77.19610,28,50.0
873da1bb3ffffff,28.75858,77.19610,29,50.0
873da1bb3ffffff,28.75858,77.19610,30,50.0
873da1bb3ffffff,28.75858,77.19610,31,50.0
873da1bb3ffffff,28.75858,77.19610,32,50.0
873da1bb3ffffff,28.75858,77.19610,33,50.0
873da1bb3ffffff,28.75858,77.19610,34,50.0
873da1bb3ffffff,28.75858,77.19610,35,50.0
873da1bb3ffffff,28.75858,77.19610,36,50.0
873da1bb3ffffff,28.75858,77.19610,37,50.0
873da1bb3ffffff,28.75858,77.19610,38,50.0
873da1bb3ffffff,28.75858,77.19610,39,50.0
873da1bb3ffffff,28.75858,77.19610,40,50.0
873da1bb3ffffff,28.75858,77.19610,41,50.0
873da1bb4ffffff,28.78418,77.15434,0,50.0
873da1bb4ffffff,28.78418,77.15434,1,50.0
873da1bb4ffffff,28.78418,77.15434,2,50.0
873da1bb4ffffff,28.78418,77.15434,3,50.0
873da1bb4ffffff,28.78418,77.15434,4,50.0
873da1bb4ffffff,28.78418,77.15434,5,50.0
873da1bb4ffffff,28.78418,77.15434,6,50.0
873da1bb4ffffff,28.78418,77.15434,7,50.0
873da1bb4ffffff,28.78418,77.15434,8,50.0
873da1bb4ffffff,28.78418,77.15434,9,50.0
873da1bb4ffffff,28.78418,77.15434,10,50.0
873da1bb4ffffff,28.78418,77.15434,11,50.0
873da1bb4ffffff,28.78418,77.15434,12,50.0
873da1bb4ffffff,28.78418,77.15434,13,50.0
873da1bb4ffffff,28.78418,77.15434,14,50.0
873da1bb4ffffff,28.78418,77.15434,15,50.0
873da1bb4ffffff,28.78418,77.15434,16,50.0
873da1bb4ffffff,28.78418,77.15434,17,50.0
873da1bb4ffffff,28.78418,77.15434,18,50.0
873da1bb4ffffff,28.78418,77.15434,19,50.0
873da1bb4ffffff,28.78418,77.15434,20,50.0
873da1bb4ffffff,28.78418,77.15434,21,50.0
873da1bb4ffffff,28.78418,77.15434,22,50.0
873da1bb4ffffff,28.78418,77.15434,23,50.0
873da1bb4ffffff,28.78418,77.15434,24,50.0
873da1bb4ffffff,28.78418,77.15434,25,50.0
873da1bb4ffffff,28.78418,77.15434,26,50.0
873da1bb4ffffff,28.78418,77.15434,27,50.0
873da1bb4ffffff,28.78418,77.15434,28,50.0
873da1bb4ffffff,28.78418,77.15434,29,50.0
873da1bb4ffffff,28.78418,77.15434,30,50.0
873da1bb4ffffff,28.78418,77.15434,31,50.0
873da1bb4ffffff,28.78418,77.15434,32,50.0
873da1bb4ffffff,28.78418,77.15434,33,50.0
873da1bb4ffffff,28.78418,77.15434,34,50.0
873da1bb4ffffff,28.78418,77.15434,35,50.0
873da1bb4ffffff,28.78418,77.15434,36,50.0
873da1bb4ffffff,28.78418,77.15434,37,50.0
873da1bb4ffffff,28.78418,77.15434,38,50.0
873da1bb4ffffff,28.78418,77.15434,39,50.0
873da1bb4ffffff,28.78418,77.15434,40,50.0
873da1bb4ffffff,28.78418,77.15434,41,50.0
873da1bb5ffffff,28.79319,77.17839,0,50.0
873da1bb5ffffff,28.79319,77.17839,1,50.0
873da1bb5ffffff,28.79319,77.17839,2,50.0
873da1bb5ffffff,28.79319,77.17839,3,50.0
873da1bb5ffffff,28.79319,77.17839,4,50.0
873da1bb5ffffff,28.79319,77.17839,5,50.0
873da1bb5ffffff,28.79319,77.17839,6,50.0
873da1bb5ffffff,28.79319,77.17839,7,50.0
873da1bb5ffffff,28.79319,77.17839,8,50.0
873da1bb5ffffff,28.79319,77.17839,9,50.0
873da1bb5ffffff,28.79319,77.17839,10,50.0
873da1bb5ffffff,28.79319,77.17839,11,50.0
873da1bb5ffffff,28.79319,77.17839,12,50.0
873da1bb5ffffff,28.79319,77.17839,13,50.0
873da1bb5ffffff,28.79319,77.17839,14,50.0
873da1bb5ffffff,28.79319,77.17839,15,50.0
873da1bb5ffffff,28.79319,77.17839,16,50.0
873da1bb5ffffff,28.79319,77.17839,17,50.0
873da1bb5ffffff,28.79319,77.17839,18,50.0
873da1bb5ffffff,28.79319,77.17839,19,50.0
873da1bb5ffffff,28.79319,77.17839,20,50.0
873da1bb5ffffff,28.79319,77.17839,21,50.0
873da1bb5ffffff,28.79319,77.17839,22,50.0
873da1bb5ffffff,28.79319,77.17839,23,50.0
873da1bb5ffffff,28.79319,77.17839,24,50.0
873da1bb5ffffff,28.79319,77.17839,25,50.0
873da1bb5ffffff,28.79319,77.17839,26,50.0
873da1bb5ffffff,28.79319,77.17839,27,50.0
873da1bb5ffffff,28.79319,77.17839,28,50.0
873da1bb5ffffff,28.79319,77.17839,29,50.0
873da1bb5ffffff,28.79319,77.17839,30,50.0
873da1bb5ffffff,28.79319,77.17839,31,50.0
873da1bb5ffffff,28.79319,77.17839,32,50.0
873da1bb5ffffff,28.79319,77.17839,33,50.0
873da1bb5ffffff,28.79319,77.17839,34,50.0
873da1bb5ffffff,28.79319,77.17839,35,50.0
873da1bb5ffffff,28.79319,77.17839,36,50.0
873da1bb5ffffff,28.79319,77.17839,37,50.0
873da1bb5ffffff,28.79319,77.17839,38,50.0
873da1bb5ffffff,28.79319,77.17839,39,50.0
873da1bb5ffffff,28.79319,77.17839,40,50.0
873da1bb5ffffff,28.79319,77.17839,41,50.0
873da1bb6ffffff,28.76238,77.15118,0,50.0
873da1bb6ffffff,28.76238,77.15118,1,50.0
873da1bb6ffffff,28.76238,77.15118,2,50.0
873da1bb6ffffff,28.76238,77.15118,3,50.0
873da1bb6ffffff,28.76238,77.15118,4,50.0
873da1bb6ffffff,28.76238,77.15118,5,50.0
873da1bb6ffffff,28.76238,77.15118,6,50.0
873da1bb6ffffff,28.76238,77.15118,7,50.0
873da1bb6ffffff,28.76238,77.15118,8,50.0
873da1bb6ffffff,28.76238,77.15118,9,50.0
873da1bb6ffffff,28.76238,77.15118,10,50.0
873da1bb6ffffff,28.76238,77.15118,11,50.0
873da1bb6ffffff,28.76238,77.15118,12,50.0
873da1bb6ffffff,28.76238,77.15118,13,50.0
873da1bb6ffffff,28.76238,77.15118,14,50.0
873da1bb6ffffff,28.76238,77.15118,15,50.0
873da1bb6ffffff,28.76238,77.15118,16,50.0
873da1bb6ffffff,28.76238,77.15118,17,50.0
873da1bb6ffffff,28.76238,77.15118,18,50.0
873da1bb6ffffff,28.76238,77.15118,19,50.0
873da1bb6ffffff,28.76238,77.15118,20,50.0
873da1bb6ffffff,28.76238,77.15118,21,50.0
873da1bb6ffffff,28.76238,77.15118,22,50.0
873da1bb6ffffff,28.76238,77.15118,23,50.0
873da1bb6ffffff,28.76238,77.15118,24,50.0
873da1bb6ffffff,28.76238,77.15118,25,50.0
873da1bb6ffffff,28.76238,77.15118,26,50.0
873da1bb6ffffff,28.76238,77.15118,27,50.0
873da1bb6ffffff,28.76238,77.15118,28,50.0
873da1bb6ffffff,28.76238,77.15118,29,50.0
873da1bb6ffffff,28.76238,77.15118,30,50.0
873da1bb6ffffff,28.76238,77.15118,31,50.0
873da1bb6ffffff,28.76238,77.15118,32,50.0
873da1bb6ffffff,28.76238,77.15118,33,50.0
873da1bb6ffffff,28.76238,77.15118,34,50.0
873da1bb6ffffff,28.76238,77.15118,35,50.0
873da1bb6ffffff,28.76238,77.15118,36,50.0
873da1bb6ffffff,28.76238,77.15118,37,50.0
873da1bb6ffffff,28.76238,77.15118,38,50.0
873da1bb6ffffff,28.76238,77.15118,39,50.0
873da1bb6ffffff,28.76238,77.15118,40,50.0
873da1bb6ffffff,28.76238,77.15118,41,50.0
